You can't pull your gun here, Bonds.	You can't pull your gun here, Bonds.
Going off duty?	Going off duty?
You want to start over?	You want to start over?
You can't save right now.	You can't save right now.
You can't restore right now.	You can't restore right now.
You have %s	You have %s
You put the batteries in the flashlight.	You put the batteries in the flashlight.
You shudder again as you\nlook at the photograph\nof Jessie and Michael Bains.	You shudder again as you\nlook at the photograph\nof Jessie and Michael Bains.
Inside the the envelope you find:\n  A cult ring.\n  A cult book.\n  Marie's locket.\nYou remove these and discard the envelope.	Inside the the envelope you find:\n  A cult ring.\n  A cult book.\n  Marie's locket.\nYou remove these and discard the envelope.
You have $2.50	You have $2.50
You have $5.00	You have $5.00
You have $7.50	You have $7.50
You have $10.00	You have $10.00
You're flat broke!	You're flat broke!
This is Juan Ruiz's license - #434301.	This is Juan Ruiz's license - #434301.
This is Orpheus' license - #522341.	This is Orpheus' license - #522341.
This is the drunk' ID card.	This is the drunk' ID card.
This is Brian Forbes's license - #789612.	This is Brian Forbes's license - #789612.
This is Andrew Dent's license - 980453.	This is Andrew Dent's license - 980453.
You log Andrew Dent's license information in your notebook.	You log Andrew Dent's license information in your notebook.
You already have the information in your notebook.	You already have the information in your notebook.
%d of %d	%d of %d
Hello. I'm Jim Walls, retired California Highway Patrol Officer and designer of the Police Quest series.	Hello. I'm Jim Walls, retired California Highway Patrol Officer and designer of the Police Quest series.
With Police Quest, you're not just watching some movie star portraying the glamourous part of police work. As Detective Sonny Bonds, YOU'RE the man behind the badge.	With Police Quest, you're not just watching some movie star portraying the glamourous part of police work. As Detective Sonny Bonds, YOU'RE the man behind the badge.
It's up to you to learn and follow correct police procedure - to make the right decisions in life and death situations.	It's up to you to learn and follow correct police procedure - to make the right decisions in life and death situations.
In REAL police work, you have to know when to be a hero and when to rely on caution and use the other team players on the force.	In REAL police work, you have to know when to be a hero and when to rely on caution and use the other team players on the force.
Some of the incidents in Police Quest 3 are based on actual events that occurred during the course of my career. I managed to survive them. Let's see if YOU can do as well under pressure.	Some of the incidents in Police Quest 3 are based on actual events that occurred during the course of my career. I managed to survive them. Let's see if YOU can do as well under pressure.
Here's the scene you're about to be walking into...	Here's the scene you're about to be walking into...
Lytton, once a quiet and peaceful little town, has been growing like a weed. There's new industry, good jobs, and a decent standard of living.	Lytton, once a quiet and peaceful little town, has been growing like a weed. There's new industry, good jobs, and a decent standard of living.
Unfortunately, progress is not without its side effects. Poverty and crime are going up about as fast as the new cultural center.	Unfortunately, progress is not without its side effects. Poverty and crime are going up about as fast as the new cultural center.
Homicide Detective Sonny Bonds and his wife Marie are still on a 'honeymoon high' from their wedding a few years back.	Homicide Detective Sonny Bonds and his wife Marie are still on a 'honeymoon high' from their wedding a few years back.
Marie's got a good job at Oak Tree Mall and the two have a beautiful new home.	Marie's got a good job at Oak Tree Mall and the two have a beautiful new home.
As for Sonny, he was promoted to Detective Sergeant with the Lytton Police Department.	As for Sonny, he was promoted to Detective Sergeant with the Lytton Police Department.
As the story opens, Sonny's just finished his Sergeant's training and is back on duty.	As the story opens, Sonny's just finished his Sergeant's training and is back on duty.
Overburdened as the department is, he's been assigned to Traffic Division for a bit. Seems Traffic's always understaffed.	Overburdened as the department is, he's been assigned to Traffic Division for a bit. Seems Traffic's always understaffed.
Well, that's Sonny's life - and it's a good one, worth protecting. And now it's time for you to assume the role of Detective Sonny Bonds. I happen to know you're in for a heck of a day.	Well, that's Sonny's life - and it's a good one, worth protecting. And now it's time for you to assume the role of Detective Sonny Bonds. I happen to know you're in for a heck of a day.
Come on. This way.	Come on. This way.
Wait for me, Sonny.	Wait for me, Sonny.
I'll catch up with you. Got to run to my car.	I'll catch up with you. Got to run to my car.
This is not the appropiate place to search a suspect.	This is not the appropiate place to search a suspect.
These doors are sensor activated.	These doors are sensor activated.
The door is locked. I guess the Evidence Officer must be out to lunch.	The door is locked. I guess the Evidence Officer must be out to lunch.
You really should do something with the prisoner first.	You really should do something with the prisoner first.
You need to put the field equipment back into the trunk first.	You need to put the field equipment back into the trunk first.
Your gun is in that locker.	Your gun is in that locker.
A locker door.	A locker door.
It is locked.	It is locked.
You open the locker.	You open the locker.
You close the locker.	You close the locker.
You take your gun.	You take your gun.
You unlock the locker.	You unlock the locker.
You put your gun in the locker, lock the door, and take the key.	You put your gun in the locker, lock the door, and take the key.
Why don't open it first?	Why don't open it first?
It's too long to fit in the gun locker.	It's too long to fit in the gun locker.
There's no regulation against carrying that into the jail.	There's no regulation against carrying that into the jail.
That locker is already taken.	That locker is already taken.
Your key doesn't open that locker.	Your key doesn't open that locker.
Why don't you open it first?	Why don't you open it first?
You need to put your equipment back in the trunk.	You need to put your equipment back in the trunk.
Now where do you think you are going???	Now where do you think you are going???
You're trying to be inconspicuous. Leave the marked car for uniformed officers.	You're trying to be inconspicuous. Leave the marked car for uniformed officers.
Don't you think you should checkin at Homicide first?	Don't you think you should checkin at Homicide first?
The unmarked car is reserved for officers in plain clothes.	The unmarked car is reserved for officers in plain clothes.
You need one of those funny-looking keys.	You need one of those funny-looking keys.
Sooo... what are we booking this fine upstanding citizen on anyway?	Sooo... what are we booking this fine upstanding citizen on anyway?
Quit clowning around Bonds. Give me a real code.	Quit clowning around Bonds. Give me a real code.
You sure about that Bonds? Better dust off that Officer's Manual and bone up on your codes.	You sure about that Bonds? Better dust off that Officer's Manual and bone up on your codes.
You got any ID on this guy Sonny?	You got any ID on this guy Sonny?
Yea, here you go.	Yea, here you go.
Any personal effects?	Any personal effects?
One knife, concealed weapon.	One knife, concealed weapon.
I'm returning your cuffs here through the drop box. Don't forget 'em!	I'm returning your cuffs here through the drop box. Don't forget 'em!
Say, Bonds. Officer Morales is requesting a supervisor for a refusal to sign.	Say, Bonds. Officer Morales is requesting a supervisor for a refusal to sign.
She's waiting out on the freeway near the 7th Avenue on ramp.	She's waiting out on the freeway near the 7th Avenue on ramp.
You find a knife concealed in the man's briefs. Good work!	You find a knife concealed in the man's briefs. Good work!
You remove your cuffs from the drunk.	You remove your cuffs from the drunk.
You'd better have him dump out his pockets first.	You'd better have him dump out his pockets first.
Sir, please step over here and empty your pockets into this drawer.	Sir, please step over here and empty your pockets into this drawer.
Thanks, Sonny. Hope the rest of your patrol is less exciting.	Thanks, Sonny. Hope the rest of your patrol is less exciting.
Step over here, Sir. Now!	Step over here, Sir. Now!
I want you to blow as hard as you can into this tube.	I want you to blow as hard as you can into this tube.
According to this, your blood alcohol level is .15. That is well over the legal limit. I'll have to book you.	According to this, your blood alcohol level is .15. That is well over the legal limit. I'll have to book you.
Hellooo!... Earth to Sonny! You gonna give me this guy's belongings or what?	Hellooo!... Earth to Sonny! You gonna give me this guy's belongings or what?
Well?..	Well?..
Bonds! You know better than to bring a prisoner in here without checking your gun first. That'll cost you a $2.50 fine.	Bonds! You know better than to bring a prisoner in here without checking your gun first. That'll cost you a $2.50 fine.
Put it here in the drop and you can get it back after you finished with the prisoner.	Put it here in the drop and you can get it back after you finished with the prisoner.
You walk over, deposit your gun and grudgingly pay the $2.50 fine.	You walk over, deposit your gun and grudgingly pay the $2.50 fine.
You mean to tell me you fished that outta this guy's shorts? You've got some guts, Bonds.	You mean to tell me you fished that outta this guy's shorts? You've got some guts, Bonds.
Hey Sonny, you want to book this guy?	Hey Sonny, you want to book this guy?
Let's get this prisoner booked, Bonds.	Let's get this prisoner booked, Bonds.
Finish up and hand him over, Bonds.	Finish up and hand him over, Bonds.
I'm about ready for a break, Bonds. Let's hurry up and get this guy behind bars so I can eat my sandwich.	I'm about ready for a break, Bonds. Let's hurry up and get this guy behind bars so I can eat my sandwich.
I said I just got a message that you're to assist an officer on the freeway, Bonds. ASAP.	I said I just got a message that you're to assist an officer on the freeway, Bonds. ASAP.
You gonna go get me some bodies to lock up, or what?	You gonna go get me some bodies to lock up, or what?
You on duty, Bonds? I got plenty of free cells to be filled up.	You on duty, Bonds? I got plenty of free cells to be filled up.
Go catch some criminals, Bonds. I'm getting lonely in here.	Go catch some criminals, Bonds. I'm getting lonely in here.
The booking officer can't help you unless you give him something to work with.	The booking officer can't help you unless you give him something to work with.
Officer Bonds! It's extremely tacky to point your gun at a fellow officer, even in jest!	Officer Bonds! It's extremely tacky to point your gun at a fellow officer, even in jest!
He already knows who you are! Geez!	He already knows who you are! Geez!
Ah, tell it to your mother.	Ah, tell it to your mother.
I bet you like the strip search best of all.	I bet you like the strip search best of all.
I hear a night stick is a cop's best friend.	I hear a night stick is a cop's best friend.
Just get on with it unless you want a puddle.	Just get on with it unless you want a puddle.
You're so close to handing him over to the jailer.   Surely you can hold your temper for another few minutes.	You're so close to handing him over to the jailer.   Surely you can hold your temper for another few minutes.
You've already searched him - and you didn't enjoy it much the first time.	You've already searched him - and you didn't enjoy it much the first time.
How dry I am. How wet I'll be. If I don't find a place to p.....	How dry I am. How wet I'll be. If I don't find a place to p.....
You're so close to handing him over to the jailer. Surely you can hold your temper for another few minutes.	You're so close to handing him over to the jailer. Surely you can hold your temper for another few minutes.
You've already removed his cuffs.	You've already removed his cuffs.
You take your handcuffs.	You take your handcuffs.
You take your gun, embarrassed that you didn't check it outside.	You take your gun, embarrassed that you didn't check it outside.
What do you wish to put in the drop?	What do you wish to put in the drop?
You'll have to take the cuffs off first.	You'll have to take the cuffs off first.
You don't have anything to put in the drop.	You don't have anything to put in the drop.
You put the suspect's knife into the drawer.	You put the suspect's knife into the drawer.
You put the suspect's license into the drawer.	You put the suspect's license into the drawer.
Only prisoners are allowed through that door.	Only prisoners are allowed through that door.
One test is enough.	One test is enough.
You need to remove his cuffs first.	You need to remove his cuffs first.
There's no reason to test this guy. His problems run deeper than alcohol!	There's no reason to test this guy. His problems run deeper than alcohol!
There's no one to test.	There's no one to test.
You need to turn the machine on first.	You need to turn the machine on first.
You turn on the Gas Chromatograph.	You turn on the Gas Chromatograph.
There's nothing except cleaning supplies and paper in the cabinets, none of which you need.	There's nothing except cleaning supplies and paper in the cabinets, none of which you need.
You don't need to use the pay phone.	You don't need to use the pay phone.
You don't need any paper towels at the moment.	You don't need any paper towels at the moment.
What case number, Sonny?	What case number, Sonny?
Name?	Name?
Unknown source.	Unknown source.
Samuel Britt.	Samuel Britt.
Clifford Jones.	Clifford Jones.
Marie Bonds.	Marie Bonds.
Andrew Dent.	Andrew Dent.
John Doe.	John Doe.
Description of evidence?	Description of evidence?
Broken neck chain.	Broken neck chain.
Bronze Star.	Bronze Star.
Gold paint transfer.	Gold paint transfer.
Skin and hair samples.	Skin and hair samples.
Personal photo.	Personal photo.
Blood and hair samples.	Blood and hair samples.
Insignia Ring.	Insignia Ring.
Cult book.	Cult book.
White paint sample.	White paint sample.
Location found?	Location found?
Clutched in victim's right hand.	Clutched in victim's right hand.
Scene of attack - mall parking lot.	Scene of attack - mall parking lot.
Left rear quarter panel of abandoned 1973 Ford Pinto.	Left rear quarter panel of abandoned 1973 Ford Pinto.
Under victim's fingernails.	Under victim's fingernails.
Burned-out house, 500 block west Peach.	Burned-out house, 500 block west Peach.
Left hand, murder suspect Steve Rocklin.	Left hand, murder suspect Steve Rocklin.
On body of murder suspect Steve Rocklin.	On body of murder suspect Steve Rocklin.
Left rear quarter panel of 1976 GTO.	Left rear quarter panel of 1976 GTO.
And disposition?	And disposition?
Analyze for possible match to with paint transfer in case #199145.	Analyze for possible match to with paint transfer in case #199145.
Analyze for possible vehicle type.	Analyze for possible vehicle type.
Analyze for DNA profile.	Analyze for DNA profile.
Secure as evidence.	Secure as evidence.
This is a new case Gibbs. I need a new number.	This is a new case Gibbs. I need a new number.
Ok Sonny, the next number is 199145.	Ok Sonny, the next number is 199145.
You got something to drop off or are you just here for the show?	You got something to drop off or are you just here for the show?
Yes, Sergeant? Can I do something for you?	Yes, Sergeant? Can I do something for you?
If you haven't got something for me, Bonds, do you mind clearing the path for officers that do?	If you haven't got something for me, Bonds, do you mind clearing the path for officers that do?
Are you here to book some evidence or are you just lost?	Are you here to book some evidence or are you just lost?
If you don't want to make a 'deposit', Bonds, why the hell are you here?	If you don't want to make a 'deposit', Bonds, why the hell are you here?
I KNOW who you are, Sergeant Bonds. Quit being a wiseass.	I KNOW who you are, Sergeant Bonds. Quit being a wiseass.
You could try it, but it would only get you suspended REAL fast.	You could try it, but it would only get you suspended REAL fast.
If you want to give Officer Gibbs something, use the evidence deposit slot.	If you want to give Officer Gibbs something, use the evidence deposit slot.
Just put something in it.	Just put something in it.
Evidence doesn't want that.	Evidence doesn't want that.
Where the heck you goin', Sarge? This here's the ladies room! Men's is right next door.	Where the heck you goin', Sarge? This here's the ladies room! Men's is right next door.
Whew, that lady ought to be in professional boxing!   Guess you went in at the wrong time.	Whew, that lady ought to be in professional boxing!   Guess you went in at the wrong time.
"You men are all alike!  Only one thing on your filthy minds!  Freakin' pervert!"	"You men are all alike!  Only one thing on your filthy minds!  Freakin' pervert!"
Hey, Sarge! Nice day, ain't it? Sure as heck would like ta be fishin'!	Hey, Sarge! Nice day, ain't it? Sure as heck would like ta be fishin'!
Ya know, there's a great little lake just outsida town that's chock fulla bass.	Ya know, there's a great little lake just outsida town that's chock fulla bass.
Maybe y'all'd like ta go fishin' with me sometime.	Maybe y'all'd like ta go fishin' with me sometime.
Well, gotta get back ta work. Take care now, y'hear?	Well, gotta get back ta work. Take care now, y'hear?
Mr. Stump, the toilet in the men's locker room is overflowing.	Mr. Stump, the toilet in the men's locker room is overflowing.
Think maybe you can take care of that for me? It's a real mess.	Think maybe you can take care of that for me? It's a real mess.
Well, I sure can! Heck, I'll get right on it, Sarge.	Well, I sure can! Heck, I'll get right on it, Sarge.
The door's already open.	The door's already open.
There's nothing you need in that box.	There's nothing you need in that box.
You take some flares.	You take some flares.
You already have plenty of flares.	You already have plenty of flares.
You take some batteries from the box.	You take some batteries from the box.
You already have plenty of batteries.	You already have plenty of batteries.
Mr. Stumps is friendly, but he's not THAT friendly.	Mr. Stumps is friendly, but he's not THAT friendly.
The janitor looks friendly enough, so you strike up a conversation.	The janitor looks friendly enough, so you strike up a conversation.
Looking for a new career?	Looking for a new career?
But... there's no fire.	But... there's no fire.
Just walk in.	Just walk in.
You don't need to open the window.	You don't need to open the window.
The lights are left on during the day.	The lights are left on during the day.
Looks like the janitor fixed the toilet.	Looks like the janitor fixed the toilet.
You unroll all of the two ply toilet paper creating a big wad.	You unroll all of the two ply toilet paper creating a big wad.
You toss the wad of paper into the toilet and flush it.	You toss the wad of paper into the toilet and flush it.
The toilet complains loudly and starts to overflow.	The toilet complains loudly and starts to overflow.
Now, what was my combination? Oh yeah, I wrote it down on the inside cover of my Police Manual.	Now, what was my combination? Oh yeah, I wrote it down on the inside cover of my Police Manual.
The janitor looks a little busy at the moment. Better leave him alone and get on with your sleuthing?	The janitor looks a little busy at the moment. Better leave him alone and get on with your sleuthing?
I wouldn't go in there with that toilet running.	I wouldn't go in there with that toilet running.
Geez! Someone had some serious paper work to do in here. They musta' used an entire roll.	Geez! Someone had some serious paper work to do in here. They musta' used an entire roll.
Bet it was that Officer Walls again.	Bet it was that Officer Walls again.
Flush. Flush. The spiraling water IS spellbinding, isn't it?	Flush. Flush. The spiraling water IS spellbinding, isn't it?
This is the men's locker room - not target practice.	This is the men's locker room - not target practice.
Try your combination.	Try your combination.
Oops. The t.p. dispenser is empty. Good thing you noticed it while you're still standing.	Oops. The t.p. dispenser is empty. Good thing you noticed it while you're still standing.
Someone's used up all the toilet paper. You'll have to wait for the janitor to fill the dispenser.	Someone's used up all the toilet paper. You'll have to wait for the janitor to fill the dispenser.
The dispenser is empty.	The dispenser is empty.
The janitor hasn't filled the dispenser with paper yet.	The janitor hasn't filled the dispenser with paper yet.
The "Roll King"dispenser is filled with a fresh new roll of standard issue, two-ply "Timbersoft" toilet paper.	The "Roll King"dispenser is filled with a fresh new roll of standard issue, two-ply "Timbersoft" toilet paper.
The roll is empty. You emptied it, remember?	The roll is empty. You emptied it, remember?
It seems the last person used all the toilet paper.	It seems the last person used all the toilet paper.
Oops. The t.p. dispenser is empty. Good thing you notice it while you're still standing.	Oops. The t.p. dispenser is empty. Good thing you notice it while you're still standing.
The toilet paper is all gone. You begin to wonder if the janitor is doing his job.	The toilet paper is all gone. You begin to wonder if the janitor is doing his job.
They can put men on the moon... but they can't make a dispenser that won't run out of paper!	They can put men on the moon... but they can't make a dispenser that won't run out of paper!
Damn! No paper!	Damn! No paper!
No time to sit now. Besides, the toilet paper is all gone. You leave the janitor a note to fill the toilet paper dispenser.	No time to sit now. Besides, the toilet paper is all gone. You leave the janitor a note to fill the toilet paper dispenser.
No paper! You wish the chief would stop using this stall.	No paper! You wish the chief would stop using this stall.
I would have thought you would know the use for toilet paper.	I would have thought you would know the use for toilet paper.
You can't do that from there...	You can't do that from there...
They have a name for people who are obsessed with toilets, you know.	They have a name for people who are obsessed with toilets, you know.
You remove your nightstick.	You remove your nightstick.
You remove your notebook.	You remove your notebook.
You remove your flashlight.	You remove your flashlight.
That locker belongs to somebody else, Bonds!	That locker belongs to somebody else, Bonds!
You don't have time to sit down.	You don't have time to sit down.
Breaking and entering doesn't look good on a policeman's record, Sonny!	Breaking and entering doesn't look good on a policeman's record, Sonny!
That would only attract attention, don't you think.	That would only attract attention, don't you think.
That won't help you open the locker.	That won't help you open the locker.
You take notes on what you've found in Morales' locker.	You take notes on what you've found in Morales' locker.
You'd better leave the cocaine here. If it were missing, Morales would get suspicious.	You'd better leave the cocaine here. If it were missing, Morales would get suspicious.
You take notes on what you have found.	You take notes on what you have found.
You need to get out of here quickly. You don't have time to lounge!	You need to get out of here quickly. You don't have time to lounge!
It's bad enough that you're even in here!	It's bad enough that you're even in here!
That's not Morales' locker!	That's not Morales' locker!
That's the door to the Sergeant's office. Hey, that's you.	That's the door to the Sergeant's office. Hey, that's you.
That's the door to the Sergeant's office.	That's the door to the Sergeant's office.
That's unnecessary. Just open the door.	That's unnecessary. Just open the door.
That won't get you anywhere.	That won't get you anywhere.
Thanks to the gang of Doug Oldfield, Chris Hoyt, Kim Bowdish and Mike Larson. The programmers who really deserve the main credit for this game.	Thanks to the gang of Doug Oldfield, Chris Hoyt, Kim Bowdish and Mike Larson. The programmers who really deserve the main credit for this game.
You look over the bulletin board, but see nothing of interest.	You look over the bulletin board, but see nothing of interest.
That's unnecessary.  Just walk through the door.	That's unnecessary.  Just walk through the door.
The Vice door is locked.	The Vice door is locked.
You have a serious talk with Morales...	You have a serious talk with Morales...
I have a complaint here alleging that you were verbally abusive to one of the violators you stopped.	I have a complaint here alleging that you were verbally abusive to one of the violators you stopped.
The complaint states that you yelled, screamed and used profanity.	The complaint states that you yelled, screamed and used profanity.
So whaddya want from me? The guy was a jerk!	So whaddya want from me? The guy was a jerk!
He'd of liked to do more than file a complaint - if ya know what I mean.	He'd of liked to do more than file a complaint - if ya know what I mean.
Continuing the interview you ask...	Continuing the interview you ask...
Alright. Why don't YOU tell ME what happened?	Alright. Why don't YOU tell ME what happened?
I pull the guy over, right? He's goin' 75, maybe 80 in a 50 mile zone.	I pull the guy over, right? He's goin' 75, maybe 80 in a 50 mile zone.
I walk up to the car and BOOM, right away he starts eyein' me and lippin' off.	I walk up to the car and BOOM, right away he starts eyein' me and lippin' off.
I'm to put up with that crap?	I'm to put up with that crap?
You ask Officer Morales directly...	You ask Officer Morales directly...
Did you raise your voice and use profanity with the man or not?	Did you raise your voice and use profanity with the man or not?
Look - you try bein' a woman cop for just one day. Then tell me how to do my job!	Look - you try bein' a woman cop for just one day. Then tell me how to do my job!
Truthfully? I don't remember what the hell I said, but whatever it was I had damn good reason!	Truthfully? I don't remember what the hell I said, but whatever it was I had damn good reason!
Okay, Morales, that's it for now.  Get back on duty and see if you can keep the 'civil' in civil servant.	Okay, Morales, that's it for now.  Get back on duty and see if you can keep the 'civil' in civil servant.
Sure, Sarge. Whatever you say.	Sure, Sarge. Whatever you say.
You think about what you've learned regarding the civilian complaint.	You think about what you've learned regarding the civilian complaint.
UNFOUNDED-\n   You find the complaint unfounded.\nEXONERATED-\n   Not believing the complainant, you exonerate the officer.\nSUSTAINED-\n   Based on the interview, you conclude that disciplinary action is necessary. You sustain the complaint against her.\nUNDETERMINED-\n   Feeling undecided based on the interview, you label the complaint undetermined.	UNFOUNDED-\n   You find the complaint unfounded.\nEXONERATED-\n   Not believing the complainant, you exonerate the officer.\nSUSTAINED-\n   Based on the interview, you conclude that disciplinary action is necessary. You sustain the complaint against her.\nUNDETERMINED-\n   Feeling undecided based on the interview, you label the complaint undetermined.
You leave the complaint on the Lieutenant's desk.	You leave the complaint on the Lieutenant's desk.
You can take the cop off the street, but you can't take the street out of the cop, eh Sonny?	You can take the cop off the street, but you can't take the street out of the cop, eh Sonny?
Oh well, it's getting stuffy in here anyway. Time to roll.	Oh well, it's getting stuffy in here anyway. Time to roll.
You remove a requisition form for a "computer access card." from the basket.	You remove a requisition form for a "computer access card." from the basket.
You remove a form from the basket.	You remove a form from the basket.
It's a departmental "Disciplinary Action Form" with a note attached.	It's a departmental "Disciplinary Action Form" with a note attached.
The note from the Lieutenant reads...	The note from the Lieutenant reads...
"Bonds, please interview Officer Pat Morales regarding a complaint. The complainant alleges that the officer used profanity and verbally abused him during the issuing of a citation. Determine disciplinary action, if any, based on your interview. Leave this form on my desk when you're done."	"Bonds, please interview Officer Pat Morales regarding a complaint. The complainant alleges that the officer used profanity and verbally abused him during the issuing of a citation. Determine disciplinary action, if any, based on your interview. Leave this form on my desk when you're done."
Nothing's in there to take.	Nothing's in there to take.
The In/Out basket appears to have something in it.	The In/Out basket appears to have something in it.
The In/Out basket is empty.	The In/Out basket is empty.
This is for memos, requests and files.	This is for memos, requests and files.
You are in homicide division now. Use the your computer there.	You are in homicide division now. Use the your computer there.
Your computer is already turned on.	Your computer is already turned on.
You are in homicide division now. Use your desk there.	You are in homicide division now. Use your desk there.
You are in homicide division now. Use the phone there.	You are in homicide division now. Use the phone there.
Use your own desk.	Use your own desk.
Don't mess with the Lieutenant's stuff.	Don't mess with the Lieutenant's stuff.
Now why would you want to take a garbage can?	Now why would you want to take a garbage can?
There's nothing even remotely interesting on that bulletin board.	There's nothing even remotely interesting on that bulletin board.
There's nothing you need in the file drawers.	There's nothing you need in the file drawers.
You are in homicide division now. Your new desk and chair are there.	You are in homicide division now. Your new desk and chair are there.
Why would you want to sit on that hard visitor's chair when you can sit on your own comfy one?	Why would you want to sit on that hard visitor's chair when you can sit on your own comfy one?
You have your own chair. Leave the Lieutenant's alone.	You have your own chair. Leave the Lieutenant's alone.
You prefer to catch the criminals - let the lawyers read all that crap.	You prefer to catch the criminals - let the lawyers read all that crap.
You need a computer access card first.	You need a computer access card first.
You insert your computer access card.	You insert your computer access card.
I'll catch up with you later, Sonny.	I'll catch up with you later, Sonny.
You pick up and read the message...	You pick up and read the message...
Bonds, a Carla Reed called for you. Said she saw the newspaper article about Marie.	Bonds, a Carla Reed called for you. Said she saw the newspaper article about Marie.
Better get on over there. I think she may have something for you.	Better get on over there. I think she may have something for you.
Strange address though. 325 South Second St. That's the old industrial park.	Strange address though. 325 South Second St. That's the old industrial park.
Sonny, Dr. Wagner called and would like you to stop by the hospital.	Sonny, Dr. Wagner called and would like you to stop by the hospital.
You pick up a message from the Captain.	You pick up a message from the Captain.
Sonny, drive out to the 300 block of W. Rose. There's a murder victim that you better have a look at.	Sonny, drive out to the 300 block of W. Rose. There's a murder victim that you better have a look at.
You remove the subpoena.	You remove the subpoena.
"You are commanded to appear in the Lytton Municipal Court as a witness in the case of People VS. Juan Ruiz."	"You are commanded to appear in the Lytton Municipal Court as a witness in the case of People VS. Juan Ruiz."
You remember that you cited Mr. Ruiz for impeding traffic.	You remember that you cited Mr. Ruiz for impeding traffic.
The note reads:"Sonny, Dr. Wagner called again to remind you that it is important for you to see Marie every day."	The note reads:"Sonny, Dr. Wagner called again to remind you that it is important for you to see Marie every day."
Afternoon, Bonds!	Afternoon, Bonds!
Hey, Sonny. I'm goin' to the locker room. If ya get lonely, just holler, eh? Oh, and don't let anybody mess with my stuff.	Hey, Sonny. I'm goin' to the locker room. If ya get lonely, just holler, eh? Oh, and don't let anybody mess with my stuff.
I was just on my way to the locker room. I'll be back in a minute, if you need me.	I was just on my way to the locker room. I'll be back in a minute, if you need me.
We got a call for a homicide at the 300 block of west Rose. I'll meet you in the garage.	We got a call for a homicide at the 300 block of west Rose. I'll meet you in the garage.
Gotta take care of some woman stuff Bonds. Be right back.	Gotta take care of some woman stuff Bonds. Be right back.
Yo Bonds! Be back in a sec.	Yo Bonds! Be back in a sec.
Sergeant, don't you think you'd better get back out on the streets where you belong?	Sergeant, don't you think you'd better get back out on the streets where you belong?
Sergeant Bonds. Good to see you. Sorry I can't talk. Got an Internal Affairs meeting, and I have to finish writing this report.	Sergeant Bonds. Good to see you. Sorry I can't talk. Got an Internal Affairs meeting, and I have to finish writing this report.
Welcome back, Bonds.	Welcome back, Bonds.
I'm sorry to hear about your wife, Marie.	I'm sorry to hear about your wife, Marie.
I'm assigning you to her case, since I know you won't be able to concentrate on anything else.	I'm assigning you to her case, since I know you won't be able to concentrate on anything else.
Marie's case number is 199144.	Marie's case number is 199144.
You might want to review another stabbing case to see if there are any similarities.	You might want to review another stabbing case to see if there are any similarities.
That case number is 199137.	That case number is 199137.
By the way, I want to introduce you to your new partner.	By the way, I want to introduce you to your new partner.
Officer Bonds, meet Officer Pat Morales, your new partner.	Officer Bonds, meet Officer Pat Morales, your new partner.
Oh no, not you!?	Oh no, not you!?
Hey, Bonds. Looks like we're stuck together, eh?	Hey, Bonds. Looks like we're stuck together, eh?
Sorry if I've been a little rough around the edges lately. I'm not so bad once you get to know me.	Sorry if I've been a little rough around the edges lately. I'm not so bad once you get to know me.
Listen, Sonny. I...I can't begin to imagine what you must be going through. But I want you to know that the entire department is pulling for you to catch the thug who did this.	Listen, Sonny. I...I can't begin to imagine what you must be going through. But I want you to know that the entire department is pulling for you to catch the thug who did this.
I admire your ability to maintain a professional attitude through this hardship. You are to be commended. I just wanted to remind you to examine the scene of the crime thoroughly.	I admire your ability to maintain a professional attitude through this hardship. You are to be commended. I just wanted to remind you to examine the scene of the crime thoroughly.
Have you been back to the mall to look for any physical evidence in Marie's stabbing yet?	Have you been back to the mall to look for any physical evidence in Marie's stabbing yet?
Bonds, don't let your emotional state over Marie's injuries distract you from making a comprehensive sweep of the crime site.	Bonds, don't let your emotional state over Marie's injuries distract you from making a comprehensive sweep of the crime site.
Bonds, I understand you're getting sloppy on this case. Get your butt back to the mall and search that crime area again, damnit!	Bonds, I understand you're getting sloppy on this case. Get your butt back to the mall and search that crime area again, damnit!
Don't worry, your lady will pull through.	Don't worry, your lady will pull through.
I hope Marie's doin' better.	I hope Marie's doin' better.
Marie's gotta be one tough cookie to have put up with you this long, Sonny. She'll be alright.	Marie's gotta be one tough cookie to have put up with you this long, Sonny. She'll be alright.
Major drag about Marie, Sonny. Hope she pulls through.	Major drag about Marie, Sonny. Hope she pulls through.
 Well Bonds! Get out there and catch some bad guys!.	 Well Bonds! Get out there and catch some bad guys!.
You advise the captain of the pentagram pattern based on the murder locations, times, and dates.	You advise the captain of the pentagram pattern based on the murder locations, times, and dates.
You also tell him the possible location of the next hit.	You also tell him the possible location of the next hit.
Well that doesn't leave much you time, Bonds!	Well that doesn't leave much you time, Bonds!
 Did you check your computer Bonds? Better take a look!	 Did you check your computer Bonds? Better take a look!
You seen the messages on your computer, Bonds? Better take a look!	You seen the messages on your computer, Bonds? Better take a look!
 Have you called dispatch with that description yet?	 Have you called dispatch with that description yet?
You may want to get that description on the air.	You may want to get that description on the air.
Well that doesn't leave much time Bonds!	Well that doesn't leave much time Bonds!
You seen the messages on your computer Bonds? Better take a look!	You seen the messages on your computer Bonds? Better take a look!
Bonds! I want you to get over to the 200 block of River Road, now!	Bonds! I want you to get over to the 200 block of River Road, now!
You feel a warm flushed feeling comes over you as Morales walks in and catches you in her drawer.	You feel a warm flushed feeling comes over you as Morales walks in and catches you in her drawer.
HEY! You mind telling me what the hell you're doing in my desk? That's breaking and entering. Your going to hang for this, Bonds!	HEY! You mind telling me what the hell you're doing in my desk? That's breaking and entering. Your going to hang for this, Bonds!
Hey Bonds, you better quit leaving department equipment lying around. That baglady had a fit not being able to move her shopping cart.	Hey Bonds, you better quit leaving department equipment lying around. That baglady had a fit not being able to move her shopping cart.
You turn bright red as the captain hands back your cuffs you forgot at the warehouse.	You turn bright red as the captain hands back your cuffs you forgot at the warehouse.
Bonds, the coroner called and said he has something important for you. 	Bonds, the coroner called and said he has something important for you. 
Something he found on the fatal crash victim last night. Better get over to see him,.. pronto!	Something he found on the fatal crash victim last night. Better get over to see him,.. pronto!
Your partner should be back from her physical testing any second.	Your partner should be back from her physical testing any second.
Captain, I have reason to believe that my partner, Morales, has stolen some of the evidence from the Rocklin case.   There were five bags of cocaine removed from accident scene, but only four were checked in as evidence.	Captain, I have reason to believe that my partner, Morales, has stolen some of the evidence from the Rocklin case.   There were five bags of cocaine removed from accident scene, but only four were checked in as evidence.
I'm also beginning to suspect that she may be in league with this cult.	I'm also beginning to suspect that she may be in league with this cult.
Alright Bonds, I'll have the Internal Affairs boys check it out and keep an eye on her. Play it straight but be careful.	Alright Bonds, I'll have the Internal Affairs boys check it out and keep an eye on her. Play it straight but be careful.
You're not in the homicide division.	You're not in the homicide division.
You have messages on your computer.	You have messages on your computer.
This is your computer.	This is your computer.
The chairs are for officers assigned to Homicide.	The chairs are for officers assigned to Homicide.
Your chair isn't exactly a lazy boy, but you like it.	Your chair isn't exactly a lazy boy, but you like it.
You are already sitting down.	You are already sitting down.
That's where Pat sits.	That's where Pat sits.
Sit in your own chair, Sonny.	Sit in your own chair, Sonny.
It's Pat's desk drawer.	It's Pat's desk drawer.
The desks are for officers assigned to Homicide.	The desks are for officers assigned to Homicide.
It's locked.	It's locked.
You don't have the key.	You don't have the key.
Better not while people are in the room.	Better not while people are in the room.
You find a piece of paper with a series of numbers on it..."386."	You find a piece of paper with a series of numbers on it..."386."
Carefully you close and relock the drawer.	Carefully you close and relock the drawer.
You jot the numbers down in your notebook.	You jot the numbers down in your notebook.
Pat is busy at her desk right now.	Pat is busy at her desk right now.
She doesn't want to shake hands, Bonds.	She doesn't want to shake hands, Bonds.
You've already informed the captain of Morales' activities.	You've already informed the captain of Morales' activities.
The captain doesn't have time for idle chit chat.	The captain doesn't have time for idle chit chat.
You have a phone message from the captain in your basket.	You have a phone message from the captain in your basket.
There is a note in your basket.	There is a note in your basket.
There's a subpoena in your basket.	There's a subpoena in your basket.
You need your Computer Access card.	You need your Computer Access card.
That's where Earl sits.	That's where Earl sits.
Messing with Captain Tate could get you fired, Bonds.	Messing with Captain Tate could get you fired, Bonds.
That desk belongs to Pat Morales - your partner.	That desk belongs to Pat Morales - your partner.
You are not assigned to Homicide right now.	You are not assigned to Homicide right now.
There's nothing of interest on Pat's desk.	There's nothing of interest on Pat's desk.
Earl Hank's desk is cluttered and covered with scuff marks from his shoes.	Earl Hank's desk is cluttered and covered with scuff marks from his shoes.
Leave Earl's stuff alone.	Leave Earl's stuff alone.
Your desk is near the filing cabinet.	Your desk is near the filing cabinet.
The window doesn't open and the blinds are fine.	The window doesn't open and the blinds are fine.
You can't stop crime by ripping up the graph.	You can't stop crime by ripping up the graph.
None of the books interest you.	None of the books interest you.
The messages are public - leave them up.	The messages are public - leave them up.
The memo advises of a mandatory attendance of all female officers for physical performance testing at the beginning of shift tomorrow.	The memo advises of a mandatory attendance of all female officers for physical performance testing at the beginning of shift tomorrow.
Herein lies the names of the programmers who without undo fanfare brought you this game. Doug Oldfield, Chris Hoyt, Kim Bowdish and Mike Larsen.	Herein lies the names of the programmers who without undo fanfare brought you this game. Doug Oldfield, Chris Hoyt, Kim Bowdish and Mike Larsen.
Rarely do you find anything of interest on the bulletin board.	Rarely do you find anything of interest on the bulletin board.
Your fellow officers have been a little on edge since the corner donut shop closed. You take their ribbing in stride knowing that it comes with the territory when your the new Sarge on the block.	Your fellow officers have been a little on edge since the corner donut shop closed. You take their ribbing in stride knowing that it comes with the territory when your the new Sarge on the block.
Come on Sarge! Get with the briefing.	Come on Sarge! Get with the briefing.
The Lytton public needs us, Sergeant! Give us the crap of the day so we can get out of here.	The Lytton public needs us, Sergeant! Give us the crap of the day so we can get out of here.
You'd think a new Sergeant would know what to do.	You'd think a new Sergeant would know what to do.
Obviously the Sergeant needs someone to take him by the hand!	Obviously the Sergeant needs someone to take him by the hand!
Since you're obviously not up to it, the "Officer in Charge" conducts the briefing.	Since you're obviously not up to it, the "Officer in Charge" conducts the briefing.
Good afternoon, Officers!	Good afternoon, Officers!
 Ahem! Since Sergeant Bonds here has obviously forgotten about filling in for Officer Jaco while he's on vacation,... I will go ahead with the briefing.	 Ahem! Since Sergeant Bonds here has obviously forgotten about filling in for Officer Jaco while he's on vacation,... I will go ahead with the briefing.
Anyway, you all have today's duty sheets...	Anyway, you all have today's duty sheets...
Officer Miller goes over the duty sheets. Then he says...	Officer Miller goes over the duty sheets. Then he says...
That's it. Have a safe shift and think about making right hand approaches on your car stops.	That's it. Have a safe shift and think about making right hand approaches on your car stops.
You begin the briefing...	You begin the briefing...
Good afternoon, people!	Good afternoon, people!
I will be filling in for Sergeant Jaco while he's on vacation.	I will be filling in for Sergeant Jaco while he's on vacation.
You advise the afternoon shift of the procedural information and announcements listed on the clipboard and close by saying...	You advise the afternoon shift of the procedural information and announcements listed on the clipboard and close by saying...
Have a safe shift and think about making right hand approaches on your car stops.	Have a safe shift and think about making right hand approaches on your car stops.
OK!  OK!  Your office after the briefing.  I heard ya!  Sheesh!	OK!  OK!  Your office after the briefing.  I heard ya!  Sheesh!
Morales, I need to have a word with you in my office after this afternoon's briefing.	Morales, I need to have a word with you in my office after this afternoon's briefing.
She REALLY doesn't want to talk to you.	She REALLY doesn't want to talk to you.
Afternoon, Morales.	Afternoon, Morales.
Ok,..so what did I do this time?  Wait!... don't tell me... another complaint from some moron who thinks he was the victim of police brutality.	Ok,..so what did I do this time?  Wait!... don't tell me... another complaint from some moron who thinks he was the victim of police brutality.
Sure, Sarge. I'd love to come hear some idiot's complaint. It'd make my day.	Sure, Sarge. I'd love to come hear some idiot's complaint. It'd make my day.
What is this, a talk show? Just give the damn briefing.	What is this, a talk show? Just give the damn briefing.
You stutter for a moment then mutter something about just being friendly.	You stutter for a moment then mutter something about just being friendly.
Officer Joe Banks responds after being interrupted from his report writing...	Officer Joe Banks responds after being interrupted from his report writing...
Gee Sarge, I'd really like to finish this report.	Gee Sarge, I'd really like to finish this report.
Not looking up, Officer Banks says...	Not looking up, Officer Banks says...
Please don't break my concentration!	Please don't break my concentration!
Officer Banks ignores you and continues writing.	Officer Banks ignores you and continues writing.
Referring to the academy, Carl says...	Referring to the academy, Carl says...
Drawing attention to you, Officer Law says...	Drawing attention to you, Officer Law says...
Welcome back from the Palace of Pain!	Welcome back from the Palace of Pain!
No doubt the Academy hasn't changed any since the crap keeps rolling down hill!	No doubt the Academy hasn't changed any since the crap keeps rolling down hill!
Looky here guys and gals, another star is born! We have a new Sergeant.	Looky here guys and gals, another star is born! We have a new Sergeant.
I bet the metamorphosis from good guy to Sergeant was a real experience.  Ha! Ha!	I bet the metamorphosis from good guy to Sergeant was a real experience.  Ha! Ha!
Can we get on with the briefing Sarge? I've got a date with a coffee shop!	Can we get on with the briefing Sarge? I've got a date with a coffee shop!
Hey Sarge! The glare coming off your new chevrons is blinding us. The department's gonna hafta' issue us sun glasses. HA!	Hey Sarge! The glare coming off your new chevrons is blinding us. The department's gonna hafta' issue us sun glasses. HA!
I got a card from Sergeant Jaco. He says he's having a great time in the Bahamas - the scum.	I got a card from Sergeant Jaco. He says he's having a great time in the Bahamas - the scum.
"Hands off, Bonds!"	"Hands off, Bonds!"
Sonny Bonds wouldn't do that in a million years.	Sonny Bonds wouldn't do that in a million years.
They KNOW who you are, Bonds.	They KNOW who you are, Bonds.
This afternoon's briefing is already concluded.	This afternoon's briefing is already concluded.
Not a chance.	Not a chance.
Surely you can think of better ways to handle a woman - even an arrogant one!	Surely you can think of better ways to handle a woman - even an arrogant one!
You don't need to sit down.	You don't need to sit down.
Just walk out.	Just walk out.
Sorry, no chalk.	Sorry, no chalk.
You can't give the briefing that way.	You can't give the briefing that way.
Those postings need to stay up for public consumption.	Those postings need to stay up for public consumption.
Just as you reach for the file...	Just as you reach for the file...
Hey! That's highly confidential material, Sergeant!	Hey! That's highly confidential material, Sergeant!
While you turn bright red, Dr. Aimes asks...	While you turn bright red, Dr. Aimes asks...
What is it that you WANT, Bonds? I'm a very busy man.	What is it that you WANT, Bonds? I'm a very busy man.
You hand the military record to the doctor.	You hand the military record to the doctor.
Lovely. I get to peer into the mind of yet another scumbag.	Lovely. I get to peer into the mind of yet another scumbag.
The doctor reads Bains' military record.	The doctor reads Bains' military record.
Then goes into his 'analysis' pose.	Then goes into his 'analysis' pose.
Rather interesting, actually.	Rather interesting, actually.
He briefs you on the character of Michael Bains.	He briefs you on the character of Michael Bains.
This guy's not your average scumbag. He's closer to the slit-his-own-mother's-throat variety.	This guy's not your average scumbag. He's closer to the slit-his-own-mother's-throat variety.
I'd know more if I'd examined him, but based on this, I'd say he's a schizophrenic psychopath.	I'd know more if I'd examined him, but based on this, I'd say he's a schizophrenic psychopath.
This guy's criminally insane, Bonds. I'd be careful how I approached him.	This guy's criminally insane, Bonds. I'd be careful how I approached him.
I told you, I can't diagnose thin air.	I told you, I can't diagnose thin air.
Excuse me, Dr. Aimes, I'm tracking a suspected serial killer.	Excuse me, Dr. Aimes, I'm tracking a suspected serial killer.
Think you can help me out by putting together a psychological profile on him?	Think you can help me out by putting together a psychological profile on him?
Where's your documentation? I can't diagnose thin air.	Where's your documentation? I can't diagnose thin air.
You try striking up a conversation with Doctor Sidney Aimes.	You try striking up a conversation with Doctor Sidney Aimes.
If you haven't got anything useful to show me, Bonds, please leave. I've no time for chit chat.	If you haven't got anything useful to show me, Bonds, please leave. I've no time for chit chat.
I said, keep your hands off, Sergeant! Are you deaf?	I said, keep your hands off, Sergeant! Are you deaf?
Would you mind not playing with my balls, please?	Would you mind not playing with my balls, please?
Well, Bonds?  You've got your information, now go and catch him.	Well, Bonds?  You've got your information, now go and catch him.
Now that IS Freudian.	Now that IS Freudian.
He's already seen the military record.	He's already seen the military record.
But... you're not a mindless executive.	But... you're not a mindless executive.
If you want to play psychologist, you bought the wrong game.	If you want to play psychologist, you bought the wrong game.
Doctor Aimes prefers to keep his personal property personal.	Doctor Aimes prefers to keep his personal property personal.
No one seems to be around so you pick up the file. You notice that it's a personnel file of Pat Morales.	No one seems to be around so you pick up the file. You notice that it's a personnel file of Pat Morales.
Afraid of being caught snooping, you read only the doctor's summary.	Afraid of being caught snooping, you read only the doctor's summary.
1. Displays chronic insubordination.	1. Displays chronic insubordination.
2. Irrational hatred of authority figures.	2. Irrational hatred of authority figures.
3. Low self esteem.	3. Low self esteem.
4. Borderline sociopath.	4. Borderline sociopath.
SUMMARY.	SUMMARY.
Evaluation was suggested by Internal Affairs.	Evaluation was suggested by Internal Affairs.
Officer Morales was involved in the destruction of evidence on three different occasions.	Officer Morales was involved in the destruction of evidence on three different occasions.
Internal Affairs concluded the incidents were "coincidental" based on insufficient evidence for disciplinary action.	Internal Affairs concluded the incidents were "coincidental" based on insufficient evidence for disciplinary action.
You return the file to the desk.	You return the file to the desk.
You prefer a cold beer to Freudian analysis!	You prefer a cold beer to Freudian analysis!
The parking lot isn't all that exciting a sight.	The parking lot isn't all that exciting a sight.
Nah. You have enough trash at home.	Nah. You have enough trash at home.
You don't feel like sitting down.	You don't feel like sitting down.
You can't get in there.	You can't get in there.
Just looking at the titles of Dr. Aimes' books puts you to sleep.	Just looking at the titles of Dr. Aimes' books puts you to sleep.
Don't you have something better to do?	Don't you have something better to do?
You get enough vitamin 'B'.	You get enough vitamin 'B'.
You hand the requisition form to Mike, the head technician.	You hand the requisition form to Mike, the head technician.
"Hey, no problem. You've got the new Mark V model don't you? What a beaut!"	"Hey, no problem. You've got the new Mark V model don't you? What a beaut!"
It goes from zero to 30 Megahertz in 3.5 seconds.	It goes from zero to 30 Megahertz in 3.5 seconds.
And! It has a 4 Megabyte memory capacity, XGA graphics, and a 5 millisecond network access time.	And! It has a 4 Megabyte memory capacity, XGA graphics, and a 5 millisecond network access time.
You wait for Mike to shut-up. But like a streak of bad luck, he keeps going.	You wait for Mike to shut-up. But like a streak of bad luck, he keeps going.
Just don't spill coffee on it, man!	Just don't spill coffee on it, man!
You shoulda seen what I had to go through when the Chief dripped ice cream all over his. Yuck!	You shoulda seen what I had to go through when the Chief dripped ice cream all over his. Yuck!
Mike logs your new card and places it on his desk.	Mike logs your new card and places it on his desk.
Okay Bonds, here's your card. It goes in face up, arrow first.	Okay Bonds, here's your card. It goes in face up, arrow first.
I know that's a little hard for you cop types to handle, but you'll figure it out.	I know that's a little hard for you cop types to handle, but you'll figure it out.
It's real simple man. Just boot up your machine and stick in your card.	It's real simple man. Just boot up your machine and stick in your card.
You pick up the computer access card.	You pick up the computer access card.
Mike mumbles to himself...	Mike mumbles to himself...
I'm getting sick and tired of cops who don't return things.	I'm getting sick and tired of cops who don't return things.
You hear Mike tell the dispatcher.	You hear Mike tell the dispatcher.
Get on the radio and tell that dimwit Banks to get that tracking device back to me.	Get on the radio and tell that dimwit Banks to get that tracking device back to me.
Dispatch responds...	Dispatch responds...
Officer Banks says that he needs the tracker for three more days.	Officer Banks says that he needs the tracker for three more days.
Mike hangs up in disgust.	Mike hangs up in disgust.
Don't you have anything to do, Sergeant?	Don't you have anything to do, Sergeant?
Has your brain slipped into neutral, Sarge?	Has your brain slipped into neutral, Sarge?
Someone, somewhere must need you, Sergeant.	Someone, somewhere must need you, Sergeant.
Sergeant! Can you stand around and pick your nose somewhere else? I really don't have time for you.	Sergeant! Can you stand around and pick your nose somewhere else? I really don't have time for you.
If you don't mind, I need to get back to installing a hard disk.	If you don't mind, I need to get back to installing a hard disk.
You look in the cabinet to see what loaner equipment is in stock.	You look in the cabinet to see what loaner equipment is in stock.
You see a tracking device in the drawer.	You see a tracking device in the drawer.
The drawer is empty.	The drawer is empty.
The head technician, Mike Downs, stops his work and says...	The head technician, Mike Downs, stops his work and says...
Listen, Sarge, I'm a very busy person!	Listen, Sarge, I'm a very busy person!
Unless you're here on official business, I don't have time for you!	Unless you're here on official business, I don't have time for you!
If you don't have your access card, you're out of synch man!	If you don't have your access card, you're out of synch man!
I can't let you access my data without the right authorization sequence.	I can't let you access my data without the right authorization sequence.
These disks don't spin without the right paperwork. Come back when you got the Requisition form.	These disks don't spin without the right paperwork. Come back when you got the Requisition form.
Hey Mike, what does dispatch want?	Hey Mike, what does dispatch want?
Who? Oh. Sure, I'll tell him.	Who? Oh. Sure, I'll tell him.
Hey Bonds! They need you to drive out to Aspen Falls to respond to a call. All other units are occupied.	Hey Bonds! They need you to drive out to Aspen Falls to respond to a call. All other units are occupied.
Listen Sarge, I'm a very busy person! Not your messenger boy.	Listen Sarge, I'm a very busy person! Not your messenger boy.
You remove the tracking device from Mike's desk drawer.	You remove the tracking device from Mike's desk drawer.
Now, don't you forget to return the tracker either!	Now, don't you forget to return the tracker either!
Yeah, he's a nerd, but he knows his stuff.	Yeah, he's a nerd, but he knows his stuff.
The lab tech doesn't have time to look at your stuff, Bonds.	The lab tech doesn't have time to look at your stuff, Bonds.
Trying to project your voice through glass proves to be futile.	Trying to project your voice through glass proves to be futile.
Yep! There's been times when you've wanted to get your hands around the neck of a dispatcher.	Yep! There's been times when you've wanted to get your hands around the neck of a dispatcher.
Don't look through Mike's cabinet.	Don't look through Mike's cabinet.
You're not qualified to screw around with the mainframe.	You're not qualified to screw around with the mainframe.
There's nothing for you on the desk right now.	There's nothing for you on the desk right now.
Mike's very protective of his computers.	Mike's very protective of his computers.
The computer magazines are of little interest.	The computer magazines are of little interest.
Don't rap on the window and disturb dispatch!	Don't rap on the window and disturb dispatch!
You have an evil mind.	You have an evil mind.
You don't need to get at the computer cables and Mike wouldn't let you anyway.	You don't need to get at the computer cables and Mike wouldn't let you anyway.
It is empty.	It is empty.
There's no reason to get out here.	There's no reason to get out here.
You didn't respond to the crash in a reasonable amount of time.	You didn't respond to the crash in a reasonable amount of time.
You're supposed to be setting an example with your driving, Bonds.  There's no excuse for running stop signs.	You're supposed to be setting an example with your driving, Bonds.  There's no excuse for running stop signs.
In fact, your flagrant disregard for traffic laws has cost you %d points so far.	In fact, your flagrant disregard for traffic laws has cost you %d points so far.
Jumping from a moving car is only done in the movies, Bonds.	Jumping from a moving car is only done in the movies, Bonds.
You can't leave you car in the middle of an intersection.	You can't leave you car in the middle of an intersection.
You decide to wait until after your shift to check in on Marie.	You decide to wait until after your shift to check in on Marie.
Oh, Officer, thank God! You've got to stop that man! He's a raving lunatic!	Oh, Officer, thank God! You've got to stop that man! He's a raving lunatic!
Just what seems to be the problem, ma'am?	Just what seems to be the problem, ma'am?
There's a madman over there! Why...why he's almost butt naked! Ranting and raving about aliens from outer space. He's going to hurt someone!	There's a madman over there! Why...why he's almost butt naked! Ranting and raving about aliens from outer space. He's going to hurt someone!
Calm down, Ma'am. I'll take care of it.	Calm down, Ma'am. I'll take care of it.
You have no time to go swimming.	You have no time to go swimming.
After daydreaming, you realize that you have to get him to the station.	After daydreaming, you realize that you have to get him to the station.
You make sure the deranged man is secured and belted into the front of your patrol car.	You make sure the deranged man is secured and belted into the front of your patrol car.
Searching a wet and nearly naked man like this is particularly unpleasant.	Searching a wet and nearly naked man like this is particularly unpleasant.
Nevertheless, you're glad you did when you discover a knife concealed in his briefs.	Nevertheless, you're glad you did when you discover a knife concealed in his briefs.
DO something, Officer!	DO something, Officer!
WE'RE okay. Go get the fruitcake.	WE'RE okay. Go get the fruitcake.
Whaddya want with us? The nutcase is over there by the river!	Whaddya want with us? The nutcase is over there by the river!
Lock that mad man up before he hurts someone, Officer!	Lock that mad man up before he hurts someone, Officer!
OOPS talkb4CuffingNut doens't work.	OOPS talkb4CuffingNut doens't work.
Imagine that kind of behavior going on in our public parks!	Imagine that kind of behavior going on in our public parks!
What is this world coming to!?	What is this world coming to!?
Good job, Officer.  We can always count on our Men In Blue.	Good job, Officer.  We can always count on our Men In Blue.
Watch out, dude!  He looks pretty squirrely.   Be careful with him!	Watch out, dude!  He looks pretty squirrely.   Be careful with him!
OOPS talkAfterCuffingNut doens't work.	OOPS talkAfterCuffingNut doens't work.
Smacking her in the face won't help. She's not that hysterical.	Smacking her in the face won't help. She's not that hysterical.
The woman is hysterical and won't calm down until you take care of the alleged crazy man.	The woman is hysterical and won't calm down until you take care of the alleged crazy man.
We can SEE that you're a police officer. Now why don't you DO something?	We can SEE that you're a police officer. Now why don't you DO something?
She obviously ISN'T the perpetrator you were called here to subdue!	She obviously ISN'T the perpetrator you were called here to subdue!
So what are you going to do with him?	So what are you going to do with him?
It is easier to drive from the other side.	It is easier to drive from the other side.
This guy's not saying anything that makes sense.	This guy's not saying anything that makes sense.
He has already been frisked.	He has already been frisked.
You can't frisk him from out there.	You can't frisk him from out there.
These folks look relieved now that you have this nut under control.	These folks look relieved now that you have this nut under control.
Something has disturbed the picnickers.	Something has disturbed the picnickers.
The picnickers haven't done anything wrong.	The picnickers haven't done anything wrong.
You don't have your suit. Besides, you're on duty.	You don't have your suit. Besides, you're on duty.
You don't have time for a picnic.	You don't have time for a picnic.
You don't have time to climb trees.	You don't have time to climb trees.
Maybe The Bathonians beamed the guy up.	Maybe The Bathonians beamed the guy up.
You! Don't try to stop me! You'll be vaporized if you interfere!.	You! Don't try to stop me! You'll be vaporized if you interfere!.
Hey! What are you doing? That's my badge!	Hey! What are you doing? That's my badge!
The Bathonians scoff at your badge, lawman! The mothership will squash you like a pimple! This is your last warning!	The Bathonians scoff at your badge, lawman! The mothership will squash you like a pimple! This is your last warning!
You can't believe this guy! Deranged men can be real slippery.	You can't believe this guy! Deranged men can be real slippery.
I'm warning you! If you don't leave, I'm gonna have to hurt you! This area must be evacuated!	I'm warning you! If you don't leave, I'm gonna have to hurt you! This area must be evacuated!
Fortunately you're carrying a spare shield. You put it on.	Fortunately you're carrying a spare shield. You put it on.
You search the deranged man's clothes, hoping for something which will lure him out of the water.	You search the deranged man's clothes, hoping for something which will lure him out of the water.
You find nothing of interest in the clothes.	You find nothing of interest in the clothes.
You find a set of keys and a driver's license.	You find a set of keys and a driver's license.
Hey, fella! I think I've got something of yours.	Hey, fella! I think I've got something of yours.
Leave those keys alone, foolish mortal!	Leave those keys alone, foolish mortal!
There! Now your keys and my badge are neighbors!	There! Now your keys and my badge are neighbors!
I'll kill you for that - you flat-headed, flat-footed, ignoramous!	I'll kill you for that - you flat-headed, flat-footed, ignoramous!
Managing to subdue the deranged man with the nightstick, you check for injuries and see that he's more shaken-up than hurt.	Managing to subdue the deranged man with the nightstick, you check for injuries and see that he's more shaken-up than hurt.
Suddenly...the perpetrator regains consciousness.	Suddenly...the perpetrator regains consciousness.
This is no time to go swimming.	This is no time to go swimming.
You cuff the perpetrator while he's down, insuring that he won't have another chance to attack.	You cuff the perpetrator while he's down, insuring that he won't have another chance to attack.
Come out of there! Right now!	Come out of there! Right now!
The Bathonians need our water! They will suck this planet dry!	The Bathonians need our water! They will suck this planet dry!
If you're here when they come, you'll be crushed like a pimple under the weight of the glorious mothership.	If you're here when they come, you'll be crushed like a pimple under the weight of the glorious mothership.
I'm warning you, mortal! You must leave now or DIE.	I'm warning you, mortal! You must leave now or DIE.
You MUST leave now! If you're here when they come, you'll be toast!	You MUST leave now! If you're here when they come, you'll be toast!
You there! Leave this place! I've got to secure it before the Bathonians come!	You there! Leave this place! I've got to secure it before the Bathonians come!
Clear out! Get away! The mothership approaches!	Clear out! Get away! The mothership approaches!
Release those keys, mortal. I am the chosen one, not You!.	Release those keys, mortal. I am the chosen one, not You!.
There's nothing else of interest in the clothes.	There's nothing else of interest in the clothes.
So,... Your a tailor now!?	So,... Your a tailor now!?
The man isn't listening to you.	The man isn't listening to you.
You can't subdue him from here.	You can't subdue him from here.
What are you going to do, kiss him?	What are you going to do, kiss him?
He's already down. Police brutality wasn't part of your training.	He's already down. Police brutality wasn't part of your training.
You aren't going to shoot an unconscious man in the back are you?	You aren't going to shoot an unconscious man in the back are you?
You need to subdue him first.	You need to subdue him first.
Too late now...	Too late now...
You are not close enough to handcuff him.	You are not close enough to handcuff him.
Using a nightstick on someone who hasn't threatened you is against the law.	Using a nightstick on someone who hasn't threatened you is against the law.
That guy wouldn't know or care if you were President of the United States.	That guy wouldn't know or care if you were President of the United States.
The lunatic is not impressed.	The lunatic is not impressed.
The water babbles back.	The water babbles back.
Calling on your old softball arm, you haul back and throw the keys as far as you can into the river.	Calling on your old softball arm, you haul back and throw the keys as far as you can into the river.
You need to restrain him first.	You need to restrain him first.
This is not the time to turn your back.	This is not the time to turn your back.
Better stay clear of this area, Sonny, we're sweeping for evidence.	Better stay clear of this area, Sonny, we're sweeping for evidence.
The first thing that strikes you is that the car belongs to Marie. Then you see the paramedics working over a body. Panic begins to overwhelm you as you race to the ambulance.	The first thing that strikes you is that the car belongs to Marie. Then you see the paramedics working over a body. Panic begins to overwhelm you as you race to the ambulance.
You jump in the ambulance and respond code three to the hospital.	You jump in the ambulance and respond code three to the hospital.
Marie is rushed to Lytton General Emergency where doctors begin the race to save her life.	Marie is rushed to Lytton General Emergency where doctors begin the race to save her life.
They work through the night, fighting to stabilize Marie's condition. Sonny spends hours of agony in the waiting room. Although they manage to save her life, Marie remains in a coma.	They work through the night, fighting to stabilize Marie's condition. Sonny spends hours of agony in the waiting room. Although they manage to save her life, Marie remains in a coma.
When he's finally allowed to see her, Sonny holds her hand until the pre-dawn hours, hoping and searching for some sign that she'll come back to him.	When he's finally allowed to see her, Sonny holds her hand until the pre-dawn hours, hoping and searching for some sign that she'll come back to him.
Physically and emotionally exhausted, you decide to go home and get some rest.	Physically and emotionally exhausted, you decide to go home and get some rest.
Looks like another one bit the dust, eh?	Looks like another one bit the dust, eh?
I understand you were here before they removed the victim. Did you catch any dying words? Notice any signs of sexual assault? Anything at all?	I understand you were here before they removed the victim. Did you catch any dying words? Notice any signs of sexual assault? Anything at all?
Responding to your silence, the reporter says...	Responding to your silence, the reporter says...
Well, if YOU don't want to talk to me, I'll just get the information elsewhere!	Well, if YOU don't want to talk to me, I'll just get the information elsewhere!
Listen, you little blood sucking piece of FILTH! The victim was my wife! You guys are all the same. Now get outta here before I forget that I'm wearing this badge!	Listen, you little blood sucking piece of FILTH! The victim was my wife! You guys are all the same. Now get outta here before I forget that I'm wearing this badge!
I'll give your paper some details alright!... All about how I rearranged your face!	I'll give your paper some details alright!... All about how I rearranged your face!
Oh, Geez! Look Officer I- I'm terribly sorry!	Oh, Geez! Look Officer I- I'm terribly sorry!
I'm just trying to get the facts. I thought you cops liked that kind of loose talk - helps keep things from getting too serious, know what I mean?	I'm just trying to get the facts. I thought you cops liked that kind of loose talk - helps keep things from getting too serious, know what I mean?
Here's my card. If there is anything I can ever help you with, Officer, give me a ring, huh? Again, sorry about your wife.	Here's my card. If there is anything I can ever help you with, Officer, give me a ring, huh? Again, sorry about your wife.
You feel a moment of remorse for your outburst, and almost say 'thanks', but fortunately the moment passes.	You feel a moment of remorse for your outburst, and almost say 'thanks', but fortunately the moment passes.
The officer is intent on his search and ignores you.	The officer is intent on his search and ignores you.
You turn your flashlight off.	You turn your flashlight off.
You turn your flashlight on and begin a search of the scene.	You turn your flashlight on and begin a search of the scene.
Your batteries appear to be dead.	Your batteries appear to be dead.
You catch the glint of an object lying just beneath Marie's car.	You catch the glint of an object lying just beneath Marie's car.
You pick up what appears to be a medallion. Upon closer inspection you recognize it to be a "Bronze Star" war medal.	You pick up what appears to be a medallion. Upon closer inspection you recognize it to be a "Bronze Star" war medal.
It's a very LARGE streetlamp.	It's a very LARGE streetlamp.
You try to search the area, but it's just too dark to see anything. Perhaps you should come back when it's light.	You try to search the area, but it's just too dark to see anything. Perhaps you should come back when it's light.
The parking lot blacktop.	The parking lot blacktop.
Some of the mall's stores are undergoing renovation.	Some of the mall's stores are undergoing renovation.
That store is closed.	That store is closed.
Sidewalks connect the store fronts.	Sidewalks connect the store fronts.
The flashlight is already on.	The flashlight is already on.
That's the Army Recruiter's office.	That's the Army Recruiter's office.
The Army Recruiter's office is closed for the night.	The Army Recruiter's office is closed for the night.
That's the shop of "Zak" the keymaker.	That's the shop of "Zak" the keymaker.
Zak's key shop is closed for the night.	Zak's key shop is closed for the night.
Marie's Trans Am still sits in the poorly lit parking lot of the mall. You scan the car for clues... but find nothing.	Marie's Trans Am still sits in the poorly lit parking lot of the mall. You scan the car for clues... but find nothing.
What can I do for you?	What can I do for you?
Need a key made?	Need a key made?
I make keys for big locks, small locks, clocks, cars, tanks and banks. What do you need fella?	I make keys for big locks, small locks, clocks, cars, tanks and banks. What do you need fella?
What, you want another one? You got a family of ten moving in or what?	What, you want another one? You got a family of ten moving in or what?
Ah yes! No problem with this little jewel. I'll have a copy in a second.	Ah yes! No problem with this little jewel. I'll have a copy in a second.
Sorry, but this key says "Do Not Duplicate."	Sorry, but this key says "Do Not Duplicate."
Here you are fella, that'll be two fifty.	Here you are fella, that'll be two fifty.
You give Zak his two dollars and fifty cents.	You give Zak his two dollars and fifty cents.
Thanks buddy... Another day another two dollars and fifty cents.	Thanks buddy... Another day another two dollars and fifty cents.
You what? No money? Do I look like an idiot to you? Get outta my shop!	You what? No money? Do I look like an idiot to you? Get outta my shop!
Sorry, this key says 'Do Not Duplicate' on it.	Sorry, this key says 'Do Not Duplicate' on it.
What do you want me to do with that?  I'm a KEY maker, for crying out loud.	What do you want me to do with that?  I'm a KEY maker, for crying out loud.
Just giving away money, Sonny?	Just giving away money, Sonny?
You don't have the correct change.	You don't have the correct change.
Morales is making a phone call.	Morales is making a phone call.
That's Officer Pat Morales, your partner.	That's Officer Pat Morales, your partner.
You retrieve the bronze star.	You retrieve the bronze star.
"OH NO!" you think... "This just can't be!!  Not Marie!"	"OH NO!" you think... "This just can't be!!  Not Marie!"
What's wrong with her!	What's wrong with her!
Multiple stab wounds.  Damage unclear.	Multiple stab wounds.  Damage unclear.
It doesn't look good.  We have to get her to the hospital STAT.	It doesn't look good.  We have to get her to the hospital STAT.
We're ready.  If you're goin', you'd better climb in, Officer.	We're ready.  If you're goin', you'd better climb in, Officer.
You see something clutched in Marie's hand.	You see something clutched in Marie's hand.
It's empty.	It's empty.
You remove what appears to be a chain from Marie's hand.	You remove what appears to be a chain from Marie's hand.
Looking at the broken chain you think... "Marie must have pulled this from the attacker's neck!"	Looking at the broken chain you think... "Marie must have pulled this from the attacker's neck!"
And you ponder the thought... "I just wonder if something else was on this chain."	And you ponder the thought... "I just wonder if something else was on this chain."
Her hand feels cold.	Her hand feels cold.
You try waking her, but she doesn't respond.	You try waking her, but she doesn't respond.
You drop your partner off at the station then drive yourself home for some needed rest. 	You drop your partner off at the station then drive yourself home for some needed rest. 
Feeling physically and emotionally drained, you drive home.	Feeling physically and emotionally drained, you drive home.
Officer Bonds, I'm Dr. Wagner, the resident neurosurgeon.	Officer Bonds, I'm Dr. Wagner, the resident neurosurgeon.
I'm sorry to say that your wife's condition is still quite serious.  She's suffering from internal injuries sustained from the multiple stab wounds.	I'm sorry to say that your wife's condition is still quite serious.  She's suffering from internal injuries sustained from the multiple stab wounds.
How long she will remain in a coma is anyone's guess.	How long she will remain in a coma is anyone's guess.
In my experience, the presence of a loved one urging the patient back from that void is an incalculable asset.	In my experience, the presence of a loved one urging the patient back from that void is an incalculable asset.
We're doing all we can for her physically, but you might be the only one who can reach her now.	We're doing all we can for her physically, but you might be the only one who can reach her now.
The nurse found this chain clutched in your wife's hand.	The nurse found this chain clutched in your wife's hand.
Sergeant Bonds, you look beat.  You really should go home and try to get some rest.  There's nothing to be done for your wife right now.	Sergeant Bonds, you look beat.  You really should go home and try to get some rest.  There's nothing to be done for your wife right now.
We can all feel good about the fact that Marie is alive.	We can all feel good about the fact that Marie is alive.
Marie!  Please come back, Baby.  I can't go on without you.	Marie!  Please come back, Baby.  I can't go on without you.
You fight to pull yourself together.	You fight to pull yourself together.
I...I've gotta go now, Babe.  You need your rest.  It's been a rough night.	I...I've gotta go now, Babe.  You need your rest.  It's been a rough night.
I'll get the bastard who did this, Babe.  I SWEAR IT!	I'll get the bastard who did this, Babe.  I SWEAR IT!
As a fellow officer drives you back to your car at the mall, you fight to focus your rage, grief, and sense of violation into something you can live with.	As a fellow officer drives you back to your car at the mall, you fight to focus your rage, grief, and sense of violation into something you can live with.
What you end up with is a burning desire to find and crucify the slime that hurt your wife.	What you end up with is a burning desire to find and crucify the slime that hurt your wife.
Somebody out there picked the wrong man to mess with.	Somebody out there picked the wrong man to mess with.
The chart shows that Marie's IV dosage is supposed to be set at 0.005	The chart shows that Marie's IV dosage is supposed to be set at 0.005
You gently kiss Marie's lips.	You gently kiss Marie's lips.
Sweet dreams!	Sweet dreams!
You softly kiss your wife.  Her eyelids flicker in response.	You softly kiss your wife.  Her eyelids flicker in response.
Doctor Wagner's face is grave as he says...	Doctor Wagner's face is grave as he says...
I'm afraid I don't have any good news, Sonny.   Marie's condition is unchanged.	I'm afraid I don't have any good news, Sonny.   Marie's condition is unchanged.
There's nothing more we can do but wait... and hope.	There's nothing more we can do but wait... and hope.
Again, I'm sorry, Officer.  Now if you'll excuse me, I have other patients to attend to.	Again, I'm sorry, Officer.  Now if you'll excuse me, I have other patients to attend to.
She seems to be resting quietly now.	She seems to be resting quietly now.
Hello, Sergeant Bonds.  I'm afraid there's no change.	Hello, Sergeant Bonds.  I'm afraid there's no change.
Nothing new to report, I'm afraid.	Nothing new to report, I'm afraid.
We haven't noticed any changes, but I think she appreciates you being here, just the same.	We haven't noticed any changes, but I think she appreciates you being here, just the same.
In an anxious voice, you tell the nurse you're concerned about the IV dosage.	In an anxious voice, you tell the nurse you're concerned about the IV dosage.
I'll get the doctor to check on that right away, Officer.	I'll get the doctor to check on that right away, Officer.
Torn between feeling foolish and genuinely alarmed, you explain to the doctor that there seems to be a discrepancy between the IV dosage on the chart and that on the IV meter.	Torn between feeling foolish and genuinely alarmed, you explain to the doctor that there seems to be a discrepancy between the IV dosage on the chart and that on the IV meter.
The doctor looks doubtful as he checks the chart...	The doctor looks doubtful as he checks the chart...
...Then the IV.	...Then the IV.
With a red face, the doctor says...	With a red face, the doctor says...
Why...You're correct, Sergeant Bonds.   This dosage is obviously incorrect.	Why...You're correct, Sergeant Bonds.   This dosage is obviously incorrect.
I don't understand this at all.  I can't believe our staff could make such a serious error!   I have readjusted the IV.  Perhaps Marie will feel better now.	I don't understand this at all.  I can't believe our staff could make such a serious error!   I have readjusted the IV.  Perhaps Marie will feel better now.
Marie's eyelids flutter, almost as though she could hear her music box.	Marie's eyelids flutter, almost as though she could hear her music box.
You could swear that you just saw Marie's finger move!	You could swear that you just saw Marie's finger move!
Marie's mouth moves slightly.	Marie's mouth moves slightly.
Marie's eyes finally open. The warmth of her smile gives you hope for the first time since her attack.   You're a lucky man, Sonny Bonds.  Marie is alive and whole.	Marie's eyes finally open. The warmth of her smile gives you hope for the first time since her attack.   You're a lucky man, Sonny Bonds.  Marie is alive and whole.
Do you need something, Sergeant Bonds?	Do you need something, Sergeant Bonds?
If there is nothing else, I have to get back to work.	If there is nothing else, I have to get back to work.
I never lost hope!  I just knew that somehow, someway, you would come back to me.	I never lost hope!  I just knew that somehow, someway, you would come back to me.
It was your strength and your will to live that brought you back.	It was your strength and your will to live that brought you back.
You're going to be fine now sweetness. You'll be up and around in no time.	You're going to be fine now sweetness. You'll be up and around in no time.
There's no doubt in my mind, somebody up there is looking out for you.	There's no doubt in my mind, somebody up there is looking out for you.
We're real close to nailing the animals that caused this.	We're real close to nailing the animals that caused this.
The digital readout indicates Marie's IV dosage.	The digital readout indicates Marie's IV dosage.
One moment, Sir.	One moment, Sir.
That won't help Marie come back.  They're doing all they can.	That won't help Marie come back.  They're doing all they can.
You've already introduced yourself to the hospital staff.	You've already introduced yourself to the hospital staff.
Marie is resting gently.  You don't want to disturb her.	Marie is resting gently.  You don't want to disturb her.
You gently place a fresh rose in Marie's hand.   However, there is no response.  Nice try Sonny.	You gently place a fresh rose in Marie's hand.   However, there is no response.  Nice try Sonny.
Marie's condition might yet be reversible.  Don't give up without a fight.	Marie's condition might yet be reversible.  Don't give up without a fight.
You can't change the medication by yourself.	You can't change the medication by yourself.
The room temperature is monitored carefully by the staff.   You don't need to open the window.	The room temperature is monitored carefully by the staff.   You don't need to open the window.
Marie lies awake in the bed.	Marie lies awake in the bed.
Marie lies motionless on the hospital bed.	Marie lies motionless on the hospital bed.
The hospital bed does not need adjustment.	The hospital bed does not need adjustment.
Words cannot discribe the joy you feel seeing Marie awake from her coma.	Words cannot discribe the joy you feel seeing Marie awake from her coma.
The EKG monitor registers your wife's vital signs.   Its steady beep in response to her pulse gives you some small comfort.	The EKG monitor registers your wife's vital signs.   Its steady beep in response to her pulse gives you some small comfort.
The Monitor's beep reminds you that although Marie is awake, she is not out of the woods yet.	The Monitor's beep reminds you that although Marie is awake, she is not out of the woods yet.
Leave the monitor alone.  It will alert the staff if Marie goes into distress.	Leave the monitor alone.  It will alert the staff if Marie goes into distress.
You do not need the metal stand.	You do not need the metal stand.
There's nothing in the cabinets that would be of use to you.	There's nothing in the cabinets that would be of use to you.
You're too upset by the sight of Marie to even think about sitting down.	You're too upset by the sight of Marie to even think about sitting down.
You don't feel like sitting right now.	You don't feel like sitting right now.
There's no reason to draw the curtains right now.	There's no reason to draw the curtains right now.
Marie is resting gently.  You do not to disturb her.	Marie is resting gently.  You do not to disturb her.
You talk gently to your wife, hoping that some part of her hears you.	You talk gently to your wife, hoping that some part of her hears you.
You are overjoyed to see your wife recovered.	You are overjoyed to see your wife recovered.
Your beloved wife lies motionless in a coma.  You wish there was some way to know what she's thinking... if she's thinking.	Your beloved wife lies motionless in a coma.  You wish there was some way to know what she's thinking... if she's thinking.
You gently place a fresh rose in Marie's hand.   However, there is no response.	You gently place a fresh rose in Marie's hand.   However, there is no response.
Marie's proud of your career as a police officer, but she's not interested in your badge right now.	Marie's proud of your career as a police officer, but she's not interested in your badge right now.
Marie's condition might yet be reversable.  Don't give up without a fight.	Marie's condition might yet be reversable.  Don't give up without a fight.
You shouldn't mess with things you know nothing about.	You shouldn't mess with things you know nothing about.
There's no reason to turn off the light.	There's no reason to turn off the light.
You don't need the nurse now.	You don't need the nurse now.
You press the call button and hope that the nurse is on the way.	You press the call button and hope that the nurse is on the way.
Let Marie keep her rose.	Let Marie keep her rose.
Let Marie keep her music box.	Let Marie keep her music box.
Let Marie keep her locket.	Let Marie keep her locket.
Wait up Boss...	Wait up Boss...
Yo, Sonny, I think I'll make a phone call while you're upstairs.	Yo, Sonny, I think I'll make a phone call while you're upstairs.
While contemplating the elevator buttons, you realize that you have no idea what room they moved Marie to.	While contemplating the elevator buttons, you realize that you have no idea what room they moved Marie to.
May I help you, Sir?	May I help you, Sir?
I'm looking for my wife, Marie Bonds. Could you tell me what room she's in, please?	I'm looking for my wife, Marie Bonds. Could you tell me what room she's in, please?
 Oh, yes.  Your wife has been moved to room 307.  	 Oh, yes.  Your wife has been moved to room 307.  
The receptionist looks at you blankly.	The receptionist looks at you blankly.
Is there something else that you need.	Is there something else that you need.
Can I get you something, Sir?	Can I get you something, Sir?
 I'm visiting my wife. 	 I'm visiting my wife. 
Ah! I'm sorry she's ill. Perhaps a nice fresh flower would cheer her up?	Ah! I'm sorry she's ill. Perhaps a nice fresh flower would cheer her up?
We have lovely roses today. Ladies do like roses.	We have lovely roses today. Ladies do like roses.
I think I'd like a rose, please.	I think I'd like a rose, please.
Good choice. Our roses are particularly fresh and beautiful today.	Good choice. Our roses are particularly fresh and beautiful today.
Here you are, Sir. That'll be $2.50.	Here you are, Sir. That'll be $2.50.
You pay the florist and take the rose.	You pay the florist and take the rose.
You realize that you have no money. Red faced, you leave the flower shop without the rose.	You realize that you have no money. Red faced, you leave the flower shop without the rose.
You buy ANOTHER rose. You note that you're getting very low on cash.	You buy ANOTHER rose. You note that you're getting very low on cash.
Geez, you've spent all your money. You hope there's nothing that you need money for later on today.	Geez, you've spent all your money. You hope there's nothing that you need money for later on today.
Too bad it's not Easter. Lilies are wonderful at Easter.	Too bad it's not Easter. Lilies are wonderful at Easter.
Of course, buttercups are nice. I'm a sucker for wildflowers.	Of course, buttercups are nice. I'm a sucker for wildflowers.
Daisies aren't in season right now, or I would have suggested daisies.	Daisies aren't in season right now, or I would have suggested daisies.
You know, your eyes are the nicest cornflower blue.	You know, your eyes are the nicest cornflower blue.
Not now Bonds, I need to make a phone call.	Not now Bonds, I need to make a phone call.
Blow it out your ear, Bonds.	Blow it out your ear, Bonds.
You hang on to that stuff. I'm not interested in it!	You hang on to that stuff. I'm not interested in it!
If you want something from the florist, you must pay for it.	If you want something from the florist, you must pay for it.
You already have a rose.	You already have a rose.
Selling flowers isn't a criminal offense!	Selling flowers isn't a criminal offense!
The florist already has PLENTY of roses.	The florist already has PLENTY of roses.
Hi, Sargeant Bonds.  Your wife's in room 307.	Hi, Sargeant Bonds.  Your wife's in room 307.
If you want something from the receptionist, just ask her.	If you want something from the receptionist, just ask her.
The receptionist stonily ignores you. You gather that she's used to ignoring people.	The receptionist stonily ignores you. You gather that she's used to ignoring people.
That's right! Torture Marie's room number out of her!	That's right! Torture Marie's room number out of her!
The receptionist isn't interested in that.	The receptionist isn't interested in that.
Just press the button.  Trying to pry those doors open with your hands will only give you a hernia.	Just press the button.  Trying to pry those doors open with your hands will only give you a hernia.
Just walk there.	Just walk there.
If you want something why don't you ask the receptionist?	If you want something why don't you ask the receptionist?
Day 2	Day 2
Day 3	Day 3
Day 4	Day 4
Day 5	Day 5
Day 6	Day 6
There are only 6 days in the game.	There are only 6 days in the game.
Even half-asleep, you recognize Captain Tate's stern voice...	Even half-asleep, you recognize Captain Tate's stern voice...
"BONDS!... Rise and shine, pal! I need you back in Homicide today.  We've got work to do. Report in plain clothes."	"BONDS!... Rise and shine, pal! I need you back in Homicide today.  We've got work to do. Report in plain clothes."
Sleepily, you reply...	Sleepily, you reply...
I'll be there before 1400 hours, Captain.	I'll be there before 1400 hours, Captain.
You hate waking up without Marie next to you.	You hate waking up without Marie next to you.
You go through the motions of getting ready for work.	You go through the motions of getting ready for work.
A slightly irratated Captain Tate says... \n"Come on, Bonds. Time to roll out! Gotta go catch the badguys, remember? Get it in gear!"	A slightly irratated Captain Tate says... \n"Come on, Bonds. Time to roll out! Gotta go catch the badguys, remember? Get it in gear!"
I...uh...I'm leaving now.	I...uh...I'm leaving now.
Looking at the clock, you realize that you're late for work. You must have been day dreaming about Marie.	Looking at the clock, you realize that you're late for work. You must have been day dreaming about Marie.
Marie's hospital gown is all she needs right now.	Marie's hospital gown is all she needs right now.
The closet contains Marie's clothes and other personal items.	The closet contains Marie's clothes and other personal items.
On the shelf there's several of her favorite momentos including a music box.	On the shelf there's several of her favorite momentos including a music box.
Anything you could 'do' with the bed wouldn't be any fun without Marie.	Anything you could 'do' with the bed wouldn't be any fun without Marie.
There's no one you need to call.	There's no one you need to call.
The night stand doesn't interest you.	The night stand doesn't interest you.
The temperature in the room is fine. You decide not to open the window.	The temperature in the room is fine. You decide not to open the window.
You don't have time to sit down and read. You're late for work.	You don't have time to sit down and read. You're late for work.
You're determined not to leave with out this witness.  She may be your only real lead to who attacked Marie.	You're determined not to leave with out this witness.  She may be your only real lead to who attacked Marie.
You decide to soothe the old gal by securing her cart with your handcuffs.	You decide to soothe the old gal by securing her cart with your handcuffs.
That's the ticket, Sonny Boy!  Let's go!	That's the ticket, Sonny Boy!  Let's go!
What?  Who... Who's that?  Whadya want?	What?  Who... Who's that?  Whadya want?
You try to convince the bag lady to go with you, but she's adamant.	You try to convince the bag lady to go with you, but she's adamant.
The last time I left my cart alone for two seconds, I had a year's worth of Cosmo stolen!	The last time I left my cart alone for two seconds, I had a year's worth of Cosmo stolen!
I ain't goin' nowhere without my cart, now.  Do you know how tough it is to find one with wheels that don't wobble?	I ain't goin' nowhere without my cart, now.  Do you know how tough it is to find one with wheels that don't wobble?
You can ask me all you want, Mr. Police Man.  Unless ya wanna drag me kickin' an screamin', you ain't gettin' me ta leave my cart unguarded!	You can ask me all you want, Mr. Police Man.  Unless ya wanna drag me kickin' an screamin', you ain't gettin' me ta leave my cart unguarded!
The pile of newspapers rustles alarmingly.	The pile of newspapers rustles alarmingly.
Who the hell are you?  I don't talk to no strangers.	Who the hell are you?  I don't talk to no strangers.
Ma'am, I'm Detective Sonny Bonds of the Lytton Police Department.	Ma'am, I'm Detective Sonny Bonds of the Lytton Police Department.
Yea, so what cha want from me? I ain't done nothin' to nobody!	Yea, so what cha want from me? I ain't done nothin' to nobody!
You called and said you saw something at the Oak Tree Mall last night.  I'd like you to come downtown with me and help us out, maybe give us a description.	You called and said you saw something at the Oak Tree Mall last night.  I'd like you to come downtown with me and help us out, maybe give us a description.
Ooh! I'd love ta go ridin' in one of them real life squad cars. Okay!  Just help me put my stuff in the car.	Ooh! I'd love ta go ridin' in one of them real life squad cars. Okay!  Just help me put my stuff in the car.
Ma'am, I'm sorry but there's not enough room in the trunk for your cart. You'll have to leave it here.	Ma'am, I'm sorry but there's not enough room in the trunk for your cart. You'll have to leave it here.
What?! Leave my STUFF? Ooh, nooo! I can't very well just up and leave my STUFF.	What?! Leave my STUFF? Ooh, nooo! I can't very well just up and leave my STUFF.
Well, bless your heart.  My cart is still safe.	Well, bless your heart.  My cart is still safe.
Thanks for the sandwich.	Thanks for the sandwich.
You retrieve your cuffs.	You retrieve your cuffs.
You move to place a hand on the bag lady's arm and she draws away in horror.  She obviously hates being touched.	You move to place a hand on the bag lady's arm and she draws away in horror.  She obviously hates being touched.
Manhandling the bag lady is not going to solve anything.  She's not likely to help you if she's angry.	Manhandling the bag lady is not going to solve anything.  She's not likely to help you if she's angry.
The shape of that pile of newspapers looks vaguely familiar.	The shape of that pile of newspapers looks vaguely familiar.
As you look closely at the bag lady, you realize that she's not nearly as old as you first thought.  The streets have a way of making all of the homeless look old and used up.	As you look closely at the bag lady, you realize that she's not nearly as old as you first thought.  The streets have a way of making all of the homeless look old and used up.
She's asleep. Why don't you try it when she's awake?	She's asleep. Why don't you try it when she's awake?
Showing your badge to a bundle of newspapers is pretty useless.	Showing your badge to a bundle of newspapers is pretty useless.
 She's still waking up, she doesn't see your ID.	 She's still waking up, she doesn't see your ID.
Showing her your badge again doesn't make her any more impressed.	Showing her your badge again doesn't make her any more impressed.
You only need handcuffs to restrain a suspect, not a witness.	You only need handcuffs to restrain a suspect, not a witness.
The pile of grungy newspapers is empty now.	The pile of grungy newspapers is empty now.
You ought not to disturb the old woman's... uh... bed.	You ought not to disturb the old woman's... uh... bed.
The rusty shopping cart is loaded down with junk.	The rusty shopping cart is loaded down with junk.
Carla's shopping cart is loaded down with her treasures and memories.	Carla's shopping cart is loaded down with her treasures and memories.
The rusty shopping cart is loaded down with the old woman's treasures and memories.	The rusty shopping cart is loaded down with the old woman's treasures and memories.
It wouldn't fit in your car.	It wouldn't fit in your car.
Carla needs her cart more than you do.	Carla needs her cart more than you do.
The cart probably belongs to a homeless person.   They need that stuff more than you do.	The cart probably belongs to a homeless person.   They need that stuff more than you do.
I think the bag lady would be irritated if you took off with her cart.	I think the bag lady would be irritated if you took off with her cart.
You have no reason to do that right now.	You have no reason to do that right now.
You look fondly at your car.	You look fondly at your car.
Use your car if you want to leave.	Use your car if you want to leave.
What do you want to do with the pipe?	What do you want to do with the pipe?
Nice thought, but you don't have time to clean up the place.	Nice thought, but you don't have time to clean up the place.
There's nothing you need in the trash bin. Leave that stuff for the garbage collector.	There's nothing you need in the trash bin. Leave that stuff for the garbage collector.
You request to see Judge Simpson in her chambers.	You request to see Judge Simpson in her chambers.
There's nothing for you to do at the courthouse right now.	There's nothing for you to do at the courthouse right now.
I'll be waitin' for ya in the car, Boss.	I'll be waitin' for ya in the car, Boss.
Just use the front door.	Just use the front door.
You consider using the bushes, but decide that you can wait until you get to a restroom.	You consider using the bushes, but decide that you can wait until you get to a restroom.
Hey!  Try to keep your mind on your work, Ok, bonds?	Hey!  Try to keep your mind on your work, Ok, bonds?
Hey!  Try to keep your mind on your work Ok bonds?	Hey!  Try to keep your mind on your work Ok bonds?
Just tell the judge what happened when you get on the stand.	Just tell the judge what happened when you get on the stand.
Don't worry about it. Just tell the truth.	Don't worry about it. Just tell the truth.
We shouldn't have a problem with this one if you've followed procedure.	We shouldn't have a problem with this one if you've followed procedure.
You take the witness chair next to the Deputy District Attorney.	You take the witness chair next to the Deputy District Attorney.
The bailiff says in a loud voice. All rise for the honorable Judge Mildred Simpson.	The bailiff says in a loud voice. All rise for the honorable Judge Mildred Simpson.
The bailiff says in a loud voice. Court is now in session.  Please be seated.	The bailiff says in a loud voice. Court is now in session.  Please be seated.
Directing her attention to the prosecutor, Judge Simpson says...	Directing her attention to the prosecutor, Judge Simpson says...
Officer, please raise your right hand.	Officer, please raise your right hand.
Do you swear to tell the truth, the whole truth, and nothing but the truth?	Do you swear to tell the truth, the whole truth, and nothing but the truth?
Please state your name and occupation for the court.	Please state your name and occupation for the court.
You point out Mr. Ruiz and say...	You point out Mr. Ruiz and say...
Speaking to the court reporter...	Speaking to the court reporter...
Let the record reflect that Officer Bonds has identified the defendant, Mr. Juan Ruiz.	Let the record reflect that Officer Bonds has identified the defendant, Mr. Juan Ruiz.
Officer Bonds, would you please describe the events which led up to your issuing a citation to Mr. Ruiz?	Officer Bonds, would you please describe the events which led up to your issuing a citation to Mr. Ruiz?
Certainly. I had routine traffic duty that day.	Certainly. I had routine traffic duty that day.
I had been on duty for about six hours and was patrolling the highway when I drove up on a line of slow-moving cars in the fast lane.	I had been on duty for about six hours and was patrolling the highway when I drove up on a line of slow-moving cars in the fast lane.
I pulled around them in the slow lane and when I reached the head of the line I saw Mr. Ruiz in a 1958 Ford Fairlane.	I pulled around them in the slow lane and when I reached the head of the line I saw Mr. Ruiz in a 1958 Ford Fairlane.
I could see immediately that he was going way under the speed limit, so I clocked him. My speedometer registered 35 mph.	I could see immediately that he was going way under the speed limit, so I clocked him. My speedometer registered 35 mph.
Irritated, Judge Simpson raps her gavel...	Irritated, Judge Simpson raps her gavel...
You'll hear plenty of the attorney's voice soon enough.	You'll hear plenty of the attorney's voice soon enough.
The judge addresses the defense attorney...	The judge addresses the defense attorney...
The defense attorney cross-examines you.	The defense attorney cross-examines you.
not Guilty condition we shouldn't have gotten here!!	not Guilty condition we shouldn't have gotten here!!
Mr. Ruiz, please raise your right hand.	Mr. Ruiz, please raise your right hand.
Please state your name for the court.	Please state your name for the court.
I was just driving, your Honor! Not doing nothing! I'm a very careful driver!	I was just driving, your Honor! Not doing nothing! I'm a very careful driver!
I don't do no showing off or nothing in my ride. I wasn't speeding, I wasn't going slow, I wasn't doing nothing!	I don't do no showing off or nothing in my ride. I wasn't speeding, I wasn't going slow, I wasn't doing nothing!
These cops just don't like Chicanos, man, and that's the truth. He'd of busted me if I was goin' 54!	These cops just don't like Chicanos, man, and that's the truth. He'd of busted me if I was goin' 54!
You mumble...	You mumble...
You hand the calibration chart to the Deputy District Attorney.	You hand the calibration chart to the Deputy District Attorney.
The District Attorney isn't interested in excuses. He just wants the calibration chart.	The District Attorney isn't interested in excuses. He just wants the calibration chart.
Ruiz isn't any more interested in talking to you than you are in talking to him.	Ruiz isn't any more interested in talking to you than you are in talking to him.
What? In a court of law?	What? In a court of law?
This is a court proceeding, not a swap meet!	This is a court proceeding, not a swap meet!
Please answer the question, sir.	Please answer the question, sir.
When the judge wants your opinion, she'll ask for it.	When the judge wants your opinion, she'll ask for it.
The bailiff doesn't look like the sort to tolerate any nonsense in his courtroom.	The bailiff doesn't look like the sort to tolerate any nonsense in his courtroom.
The bailiff doesn't want to talk to you.	The bailiff doesn't want to talk to you.
Just hand him the calibration chart.	Just hand him the calibration chart.
The D.A. has already seen that.	The D.A. has already seen that.
When the D.A. wants the calibration chart, he'll ask for it.	When the D.A. wants the calibration chart, he'll ask for it.
The court reporter is too busy to talk to you now.	The court reporter is too busy to talk to you now.
The court reporter is busy.	The court reporter is busy.
You're happy with the seat you're in.	You're happy with the seat you're in.
You'll need to sit up front at the prosecutor's table.	You'll need to sit up front at the prosecutor's table.
You can't go in there while court is in session.	You can't go in there while court is in session.
You don't need the calendar.	You don't need the calendar.
If you want a nice gavel like that, you'll just have to go to law school.	If you want a nice gavel like that, you'll just have to go to law school.
You're already in the witness box.	You're already in the witness box.
The court will call you when your testimony is needed.	The court will call you when your testimony is needed.
Officer Bonds! Have you forgotten something?	Officer Bonds! Have you forgotten something?
Sheepishly you go back and pick up the %s.	Sheepishly you go back and pick up the %s.
Well, Officer! What's on your mind.	Well, Officer! What's on your mind.
Judge Simpson looks up as you come into her chambers.	Judge Simpson looks up as you come into her chambers.
I see you're back. Did you have a problem with the warrant?	I see you're back. Did you have a problem with the warrant?
No, not the warrant - just gaining entry. The place is fortified. There's only one way to get into that house. I'm requesting a special order to use the department's ram unit.	No, not the warrant - just gaining entry. The place is fortified. There's only one way to get into that house. I'm requesting a special order to use the department's ram unit.
The judge studies you closely, then says...	The judge studies you closely, then says...
I see. Alright, Officer. I trust your judgement.	I see. Alright, Officer. I trust your judgement.
Just make sure you have plenty of back up.	Just make sure you have plenty of back up.
You explain to the judge about recovering Marie's locket. You tell her you believe the cult is responsible for Marie's attempted murder.	You explain to the judge about recovering Marie's locket. You tell her you believe the cult is responsible for Marie's attempted murder.
OOPS THINGS GIVEN DOESN'T WORK	OOPS THINGS GIVEN DOESN'T WORK
You tell the judge how the photograph of Michael and Jessie Bains helped you locate the suspected crack house.	You tell the judge how the photograph of Michael and Jessie Bains helped you locate the suspected crack house.
You hand the news clipping to the judge.	You hand the news clipping to the judge.
You try to convince the judge, but she insists on more evidence.	You try to convince the judge, but she insists on more evidence.
I can see you've done some good detective work, Officer Bonds, but I need more evidence to justify a search warrant.	I can see you've done some good detective work, Officer Bonds, but I need more evidence to justify a search warrant.
Your Honor, I'm convinced that some sort of cult operating a crack house at this location.	Your Honor, I'm convinced that some sort of cult operating a crack house at this location.
I wish I were as convinced, Officer Bonds. Is there anything else?	I wish I were as convinced, Officer Bonds. Is there anything else?
Well! This looks like a very nasty business indeed! You've sold me. I'll sign the warrant.	Well! This looks like a very nasty business indeed! You've sold me. I'll sign the warrant.
Judge Simpson lays the warrant on the desk and says...	Judge Simpson lays the warrant on the desk and says...
Good luck, Officer. Contact me if you need any further assistance.	Good luck, Officer. Contact me if you need any further assistance.
Sounds like you have a good case Bonds. But I need a location and at least an attempt to gain normal entry.	Sounds like you have a good case Bonds. But I need a location and at least an attempt to gain normal entry.
I wish I could help, but you must go to the location and see if anyone is home first.	I wish I could help, but you must go to the location and see if anyone is home first.
Your Honor,... I need to obtain a search warrant.	Your Honor,... I need to obtain a search warrant.
***I have this fix-it ticket that I was hoping you could clear for me.	***I have this fix-it ticket that I was hoping you could clear for me.
Well Then... how bout I just write one up for you...	Well Then... how bout I just write one up for you...
Come on Officer! You know the rules. I need some evidence before I can issue you a warrant.	Come on Officer! You know the rules. I need some evidence before I can issue you a warrant.
You know the procedures.  Sorry, I can't help you right now.	You know the procedures.  Sorry, I can't help you right now.
The judge is not the kind of person you want to mess with.	The judge is not the kind of person you want to mess with.
You've already shown Marie's locket to Judge Simpson.	You've already shown Marie's locket to Judge Simpson.
You've already shown the photograph to Judge Simpson.	You've already shown the photograph to Judge Simpson.
You've already shown the news clipping to Judge Simpson.	You've already shown the news clipping to Judge Simpson.
She'd rip you apart, Bonds.	She'd rip you apart, Bonds.
I remember you perfectly well, Officer Bonds!	I remember you perfectly well, Officer Bonds!
The judge isn't interested in that.	The judge isn't interested in that.
The judicial order lies on the desk.	The judicial order lies on the desk.
The search warrant lies on the desk.	The search warrant lies on the desk.
You pick up the judicial order.	You pick up the judicial order.
The judge would not appreciate you handling her things.	The judge would not appreciate you handling her things.
If the judge wants her windows open, she'll open them herself.	If the judge wants her windows open, she'll open them herself.
The victim's over there in the dumpster.	The victim's over there in the dumpster.
I called the coroner.  He's on his way.	I called the coroner.  He's on his way.
I'll be posted at the entrance of the alley waiting for the meat wagon if ya need me.	I'll be posted at the entrance of the alley waiting for the meat wagon if ya need me.
I'll do the camera bit, Bonds.	I'll do the camera bit, Bonds.
Ay, Chihuahua!	Ay, Chihuahua!
Ok Sonny, I got them.	Ok Sonny, I got them.
Hey Bonds.  Nice day, eh?  How's the stiff?	Hey Bonds.  Nice day, eh?  How's the stiff?
He's hangin' in there, Leon.	He's hangin' in there, Leon.
I'll take care of him now, Bonds.  You can go catch some bad guys.	I'll take care of him now, Bonds.  You can go catch some bad guys.
Hey, looks like he has something in his pocket!	Hey, looks like he has something in his pocket!
The coroner hands you the license to record in your notebook.	The coroner hands you the license to record in your notebook.
You hand the victim's I.D. to the coroner.	You hand the victim's I.D. to the coroner.
You log the victim's information in your notebook before handing the I.D. to the coroner.	You log the victim's information in your notebook before handing the I.D. to the coroner.
Ah, not a pretty picture eh?  Let me guess - his name isn't 'Lucky'.	Ah, not a pretty picture eh?  Let me guess - his name isn't 'Lucky'.
You notice a fresh dent marked with gold paint on this side of the car.	You notice a fresh dent marked with gold paint on this side of the car.
Did you hear the one about the Orthodox Jewish Coroner and the hotdog salesman?	Did you hear the one about the Orthodox Jewish Coroner and the hotdog salesman?
So I says to her, Aunt Sophie, could we just this once NOT turn this into a funeral already?	So I says to her, Aunt Sophie, could we just this once NOT turn this into a funeral already?
So yesterday, I'm eatin' one of my wife's bagels (no lox, 'cause she forgot ta go to the deli), and I'm usin' this napkin.  I THINK it's clean, right?...	So yesterday, I'm eatin' one of my wife's bagels (no lox, 'cause she forgot ta go to the deli), and I'm usin' this napkin.  I THINK it's clean, right?...
Your bettin' on WHO in the super bowl?   Are you CRAZY?  Are you INSANE?  Ya wanna kill yourself, let me do it.  It'll be quicker.	Your bettin' on WHO in the super bowl?   Are you CRAZY?  Are you INSANE?  Ya wanna kill yourself, let me do it.  It'll be quicker.
That's Leon.  He's a great Coroner, but the guy has a sick sense of humor.	That's Leon.  He's a great Coroner, but the guy has a sick sense of humor.
One murder's enough for this dark alley, don't you think?	One murder's enough for this dark alley, don't you think?
You really like to flash those credentials, don't you?	You really like to flash those credentials, don't you?
Don't you want to log the information about Andrew Dent in your notebook first?	Don't you want to log the information about Andrew Dent in your notebook first?
That's nice, Bonds, but I only care for that stuff when it's still on the body.  Save it for L.P.D evidence.	That's nice, Bonds, but I only care for that stuff when it's still on the body.  Save it for L.P.D evidence.
Ah!  Would that the dead COULD speak!	Ah!  Would that the dead COULD speak!
You think about shooting the murder victim, but he's ALREADY DEAD!	You think about shooting the murder victim, but he's ALREADY DEAD!
You identify yourself to the stiff, then contemplate a long vacation.	You identify yourself to the stiff, then contemplate a long vacation.
The car's been abandoned for some time.  There's nothing of interest in there.	The car's been abandoned for some time.  There's nothing of interest in there.
You don't need another sample.	You don't need another sample.
You carefully scrape some of the gold paint transfer from the side of the white car along with a little white paint into the paper envelope.	You carefully scrape some of the gold paint transfer from the side of the white car along with a little white paint into the paper envelope.
You need to use the proper field equipment to take a clean paint sample.	You need to use the proper field equipment to take a clean paint sample.
You don't have the field equipment necessary to take a clean paint sample.	You don't have the field equipment necessary to take a clean paint sample.
You don't need to worry about the garage.	You don't need to worry about the garage.
The uniformed officer will remove the tape when the body has been removed and the crime lab is finished with the area.	The uniformed officer will remove the tape when the body has been removed and the crime lab is finished with the area.
You need to give the license to the coroner first.	You need to give the license to the coroner first.
Using the toothpick, you scrape under the victim's fingernails.  You then place the collected skin and hair into a sample envelope.	Using the toothpick, you scrape under the victim's fingernails.  You then place the collected skin and hair into a sample envelope.
You look carefully at the knife wounds in the upper chest.  Not a pretty sight.  But it's the pentagram carved into the flesh that really hits you between the eyes.	You look carefully at the knife wounds in the upper chest.  Not a pretty sight.  But it's the pentagram carved into the flesh that really hits you between the eyes.
"Not another one!"... you mutter.	"Not another one!"... you mutter.
"That's all Lytton needs - some freaked-out serial killer that thinks he's got a hot-line to Satan!"	"That's all Lytton needs - some freaked-out serial killer that thinks he's got a hot-line to Satan!"
A bloody shirt covers the upper torso.	A bloody shirt covers the upper torso.
You already have the hair and skin sample.	You already have the hair and skin sample.
That is a good idea, but you'll need the proper equipment.	That is a good idea, but you'll need the proper equipment.
That's a good idea, but you'll need to use the proper field equipment.	That's a good idea, but you'll need to use the proper field equipment.
Looking closely at the victim's hands, you notice what appears to be hair and skin imbedded under the fingernails.	Looking closely at the victim's hands, you notice what appears to be hair and skin imbedded under the fingernails.
Looks like somebody attacked this guy with toothpicks.	Looks like somebody attacked this guy with toothpicks.
You carefully write down the information in your notebook.	You carefully write down the information in your notebook.
You carefully search the body and remove the victim's identification.	You carefully search the body and remove the victim's identification.
There's nothing more in the victim's pockets.	There's nothing more in the victim's pockets.
You examine the knife wounds in the upper chest.   Leon will be able to tell you more about the wounds in the Coroner's report.	You examine the knife wounds in the upper chest.   Leon will be able to tell you more about the wounds in the Coroner's report.
That's a nasty habit!	That's a nasty habit!
I don't think he'd care to have his teeth picked right now.	I don't think he'd care to have his teeth picked right now.
You have plenty of trash at home.	You have plenty of trash at home.
The back entrance to the bar seems to be locked.	The back entrance to the bar seems to be locked.
Morales ignores your attempt at conversation.	Morales ignores your attempt at conversation.
This car looks like the suspect vehicle we've been looking for.	This car looks like the suspect vehicle we've been looking for.
Hmmmm... no tags, though.	Hmmmm... no tags, though.
You wander around for a moment and realize that there's nothing else of interest in this part of town.	You wander around for a moment and realize that there's nothing else of interest in this part of town.
You curse as you watch the suspect getting away.	You curse as you watch the suspect getting away.
What... What's going on?	What... What's going on?
Just get in the car!	Just get in the car!
You can't take a paint sample without the proper field equipment.	You can't take a paint sample without the proper field equipment.
You can't search the inside of the car without a warrant.	You can't search the inside of the car without a warrant.
You look at the parked car and notice that the license plates are missing.  The car matches the description of the suspect vehicle.	You look at the parked car and notice that the license plates are missing.  The car matches the description of the suspect vehicle.
Giving the car a closer look, you see what appears to be a fresh white paint transfer.	Giving the car a closer look, you see what appears to be a fresh white paint transfer.
"Bingo", you mutter, "I got you now, you S.O.B..."	"Bingo", you mutter, "I got you now, you S.O.B..."
You inspect the suspect car once more, and find no evidence other than the paint transfer.	You inspect the suspect car once more, and find no evidence other than the paint transfer.
You plant the tracking device on the suspect vehicle.	You plant the tracking device on the suspect vehicle.
You carefully scrape some of the white paint transfer off and put it in an envelope.	You carefully scrape some of the white paint transfer off and put it in an envelope.
You don't need any more paint.	You don't need any more paint.
The car won't fit in the envelope.	The car won't fit in the envelope.
You need to get the paint sample before you can store it in an envelope.	You need to get the paint sample before you can store it in an envelope.
Rubber's just rubber.  If you want some there's easier ways to get it than scraping it off the street.	Rubber's just rubber.  If you want some there's easier ways to get it than scraping it off the street.
There is no apparent need for anything in the trunk right now.	There is no apparent need for anything in the trunk right now.
Convinced that the serial killer will strike here next, you decide to stick around.	Convinced that the serial killer will strike here next, you decide to stick around.
If you want a drink, you'd have better luck inside.	If you want a drink, you'd have better luck inside.
Better keep it holstered until you REALLY need it.	Better keep it holstered until you REALLY need it.
"Hmmm... nothing of interest back here."	"Hmmm... nothing of interest back here."
I'm gonna check out the back for the suspect, Sonny.	I'm gonna check out the back for the suspect, Sonny.
Hey that guy kinda looks familiar.	Hey that guy kinda looks familiar.
The punk's hateful glare burns right through you.	The punk's hateful glare burns right through you.
You look carefully at the man. He closely matches the bag lady's physical description of the suspect in Marie's stabbing.	You look carefully at the man. He closely matches the bag lady's physical description of the suspect in Marie's stabbing.
As you turn to ask the pool player about the vehicle...	As you turn to ask the pool player about the vehicle...
If you want something from the man why don't you just ask.	If you want something from the man why don't you just ask.
Approaching a potentially armed suspect, unprepared is not advisable.	Approaching a potentially armed suspect, unprepared is not advisable.
Maybe I'd have better luck getting her attention when she isn't quite so busy.	Maybe I'd have better luck getting her attention when she isn't quite so busy.
You know anything about that car parked out front?	You know anything about that car parked out front?
My customer's cars are their own business.	My customer's cars are their own business.
Okay, thanks.	Okay, thanks.
What can I do for ya tonight?	What can I do for ya tonight?
Nothing. Thanks.	Nothing. Thanks.
Hey pal! If yer not buyin' booze, yer just takin' up real estate!	Hey pal! If yer not buyin' booze, yer just takin' up real estate!
If you wanna order a drink then order it.	If you wanna order a drink then order it.
I ain't got time for idle chit chat right now!	I ain't got time for idle chit chat right now!
The man playing pool hasn't done anything wrong, except be rude.	The man playing pool hasn't done anything wrong, except be rude.
He's waiting for his pool partner to finish his turn.	He's waiting for his pool partner to finish his turn.
The man playing pool looks like a rough customer. You wonder where his pool partner is.	The man playing pool looks like a rough customer. You wonder where his pool partner is.
Maybe you should wait until he makes his shot first.	Maybe you should wait until he makes his shot first.
The man ignores you. He seems to be waiting on someone to come finish the game.	The man ignores you. He seems to be waiting on someone to come finish the game.
You think about busting the guy's head, but you restrain yourself.	You think about busting the guy's head, but you restrain yourself.
Is that your car out front?	Is that your car out front?
*Sniff* Anybody else in here smell bacon?	*Sniff* Anybody else in here smell bacon?
Why on earth would you want to do that?!	Why on earth would you want to do that?!
He seems harmless enough. You decide to leave him alone.	He seems harmless enough. You decide to leave him alone.
The guy hasn't done anything wrong.	The guy hasn't done anything wrong.
Excuse me, Sir. is that your car parked right out front?	Excuse me, Sir. is that your car parked right out front?
Naw! My car's been in the shop all week. Why?	Naw! My car's been in the shop all week. Why?
Nothing. thanks.	Nothing. thanks.
The guy's busy drowning his sorrows and doesn't pay any attention to you.	The guy's busy drowning his sorrows and doesn't pay any attention to you.
He hasn't done anything wrong. Leave him alone.	He hasn't done anything wrong. Leave him alone.
Excuse me sir, is that your car parked right out front?	Excuse me sir, is that your car parked right out front?
Not me. I drive a Harley man!	Not me. I drive a Harley man!
Sorry to bother you.	Sorry to bother you.
Touching the pool table while someone is playing isn't a good idea.	Touching the pool table while someone is playing isn't a good idea.
If you want a drink just order one.	If you want a drink just order one.
Ahh... if you only had time!	Ahh... if you only had time!
You don't have time to watch television.	You don't have time to watch television.
You wouldn't take one of those tacky candles if somebody paid you.	You wouldn't take one of those tacky candles if somebody paid you.
No thanks, you don't smoke.	No thanks, you don't smoke.
The door is locked.	The door is locked.
You decide to drive to the hospital to check up on marie.	You decide to drive to the hospital to check up on marie.
This is the front entrance to the coroner's office.	This is the front entrance to the coroner's office.
Your car sits out in front of the coroner's office.	Your car sits out in front of the coroner's office.
You haven't even been inside yet!	You haven't even been inside yet!
The trunk of your car is closed.	The trunk of your car is closed.
Since you're not a dog, I'll ignore that request.	Since you're not a dog, I'll ignore that request.
Not having a green thumb, you leave the tree alone.	Not having a green thumb, you leave the tree alone.
There's nothing you can do with the sign.	There's nothing you can do with the sign.
There's nothing you can do with the sidewalk.	There's nothing you can do with the sidewalk.
Ok Bonds,... Lets try and keep our mind on our work!	Ok Bonds,... Lets try and keep our mind on our work!
You decide to stick around until the coroner shows up.	You decide to stick around until the coroner shows up.
"Oh yeah, I almost forgot Rocklin's personal effects."	"Oh yeah, I almost forgot Rocklin's personal effects."
Well, if it isn't Sergeant 'B'.  I hadda hunch you might show up.	Well, if it isn't Sergeant 'B'.  I hadda hunch you might show up.
You might find this amusing.  I found it on your dead suspect.  Looks like you have a fan.	You might find this amusing.  I found it on your dead suspect.  Looks like you have a fan.
With a sinking feeling, you recognize the old news article covering your promotion.	With a sinking feeling, you recognize the old news article covering your promotion.
A red marking pen pentagram mars your photograph.	A red marking pen pentagram mars your photograph.
I wouldn't worry about it,\nBonds.  You look GOOD in red.	I wouldn't worry about it,\nBonds.  You look GOOD in red.
Not to worry.  I've got a positive I.D. on your stiff.  Name's Steven Rocklin.  Last known address is 500 West Peach.	Not to worry.  I've got a positive I.D. on your stiff.  Name's Steven Rocklin.  Last known address is 500 West Peach.
I've got all of Rocklin's belongings in an envelope over on the counter for you.	I've got all of Rocklin's belongings in an envelope over on the counter for you.
I see you found that manilla envelope I put out for you.  The stuff in there was Rocklin's.	I see you found that manilla envelope I put out for you.  The stuff in there was Rocklin's.
I found this under the fingernails of your murder victim, Andrew Dent.  A little skin, a little hair...   Think of it as my gift to you.	I found this under the fingernails of your murder victim, Andrew Dent.  A little skin, a little hair...   Think of it as my gift to you.
Hey, drop by for lunch some time!  I'll slice us up some fresh pastrami!	Hey, drop by for lunch some time!  I'll slice us up some fresh pastrami!
Hey, Bonds... you ok?  You look a little green around the gills!	Hey, Bonds... you ok?  You look a little green around the gills!
Nope.  Nobody you know.  There's a toe tag, though.	Nope.  Nobody you know.  There's a toe tag, though.
You notice a toe tag.	You notice a toe tag.
This corpse's feet look particularly unattractive.  You notice a toe tag.	This corpse's feet look particularly unattractive.  You notice a toe tag.
The drawers store bodies.  You wonder if there's anyone you know in there.	The drawers store bodies.  You wonder if there's anyone you know in there.
"I'm starting to worry about you Bonds."	"I'm starting to worry about you Bonds."
Leon Mandel is the County Coroner.  It's rare to see him without something or other in his mouth.  He's a little strange, but you've come to appreciate his sense of humor.	Leon Mandel is the County Coroner.  It's rare to see him without something or other in his mouth.  He's a little strange, but you've come to appreciate his sense of humor.
Leon's not about to share his sandwich.	Leon's not about to share his sandwich.
Nah.  He might enjoy it.	Nah.  He might enjoy it.
Hey, you want a picture?  I'll send you an autographed one.  Me in my polka dot swim trunks.  No problem.	Hey, you want a picture?  I'll send you an autographed one.  Me in my polka dot swim trunks.  No problem.
Whaddaya want from me, a medal?  Your evidence boys down at the station have the time and equipment for all that lab analysis stuff.  Me, I'm busy enough with just the stiffs.	Whaddaya want from me, a medal?  Your evidence boys down at the station have the time and equipment for all that lab analysis stuff.  Me, I'm busy enough with just the stiffs.
 Better hang on to it!	 Better hang on to it!
There's a large manilla envelope on the counter.	There's a large manilla envelope on the counter.
Knowing what a strange individual Leon is, you decide to stay out of his cabinets.	Knowing what a strange individual Leon is, you decide to stay out of his cabinets.
Leon certainly has a lot of storage space in here.	Leon certainly has a lot of storage space in here.
Even if Leon GAVE you that chart, you wouldn't take it.	Even if Leon GAVE you that chart, you wouldn't take it.
You'd rather not look at that chart on the wall.  You see enough of that stuff at accident scenes.	You'd rather not look at that chart on the wall.  You see enough of that stuff at accident scenes.
You don't have much call for embalming fluid, Sergeant.	You don't have much call for embalming fluid, Sergeant.
The bottles contain embalming fluid.	The bottles contain embalming fluid.
There'll be time enough for you to be on the table when you're dead.	There'll be time enough for you to be on the table when you're dead.
The sight of the cold, stainless steel autopsy table sends a chill through the spine as you recall the many times you've come close to ending up on one.	The sight of the cold, stainless steel autopsy table sends a chill through the spine as you recall the many times you've come close to ending up on one.
This isn't "Life & Death".  There's a REASON you didn't go into forensics.  Just looking at those instruments makes you queasy.	This isn't "Life & Death".  There's a REASON you didn't go into forensics.  Just looking at those instruments makes you queasy.
A number of cruel-looking stainless steel instruments lie on a towel on the counter.	A number of cruel-looking stainless steel instruments lie on a towel on the counter.
You'd better leave "Demi" alone.  You know how Leon is about his bones.	You'd better leave "Demi" alone.  You know how Leon is about his bones.
That's Leon's 'girlfriend', Demi Bones.	That's Leon's 'girlfriend', Demi Bones.
The toe tag reads "%s".	The toe tag reads "%s".
Good old Leon.  He has so much fun naming the John Does.	Good old Leon.  He has so much fun naming the John Does.
The toe tag reads "%s" - the poor stiff you found in the alley.	The toe tag reads "%s" - the poor stiff you found in the alley.
Underneath the name is a note:  "Bonds - Caught you peeking!  Stepped out for a bite.  Be back soon - Leon."	Underneath the name is a note:  "Bonds - Caught you peeking!  Stepped out for a bite.  Be back soon - Leon."
This place does have a way of making you want to wash your hands, doesn't it?	This place does have a way of making you want to wash your hands, doesn't it?
The Coroner's office is equipped with a sink.  You hate to think about what washes down those drains!	The Coroner's office is equipped with a sink.  You hate to think about what washes down those drains!
I don't think Leon would appreciate your playing with his toys.	I don't think Leon would appreciate your playing with his toys.
The embalming machine is a kind of mechanical vampire.  Out with the old, in with the new...	The embalming machine is a kind of mechanical vampire.  Out with the old, in with the new...
You ignore the firemen and walk right into the burning house. Falling debris hits you on the head, and you succumb to the flames.	You ignore the firemen and walk right into the burning house. Falling debris hits you on the head, and you succumb to the flames.
I'll deal with the gawkers across the street.	I'll deal with the gawkers across the street.
Just try to conduct yourself like a professional.  OK, Morales?	Just try to conduct yourself like a professional.  OK, Morales?
No prob' Boss man!	No prob' Boss man!
Ok folks! Who brought the marshmallows, huh?	Ok folks! Who brought the marshmallows, huh?
I'll go take care of the gawkers across the street, Sonny.	I'll go take care of the gawkers across the street, Sonny.
What appears to have started the fire?	What appears to have started the fire?
Looks like arson to me. She went up awful fast.	Looks like arson to me. She went up awful fast.
Do you have any idea who might have started it?	Do you have any idea who might have started it?
It's under investigation. You can go in if you like.	It's under investigation. You can go in if you like.
You thank the fire chief and let him get back to work.	You thank the fire chief and let him get back to work.
Hey you!  Get back away from the fire line!	Hey you!  Get back away from the fire line!
Officer, I found something you might want to look at.	Officer, I found something you might want to look at.
It looks like a photograph.	It looks like a photograph.
It takes you a moment to realize what you're seeing.  You feel goosebumps crawl up your back.	It takes you a moment to realize what you're seeing.  You feel goosebumps crawl up your back.
The man on the left is none other than your one-time arch nemesis, Jessie Bains.  The man on the right bears a striking resemblance to him.	The man on the left is none other than your one-time arch nemesis, Jessie Bains.  The man on the right bears a striking resemblance to him.
You don't believe this!  The Bains brothers, Michael and Jessie.	You don't believe this!  The Bains brothers, Michael and Jessie.
The firemen are struggling to put out the fire.	The firemen are struggling to put out the fire.
The firemen are anxious to get this wrapped up.	The firemen are anxious to get this wrapped up.
"The fire's under control. Not to worry."	"The fire's under control. Not to worry."
"Hey, we're off call as soon as we're done here. Who wants to grab a beer down at Johnny's?	"Hey, we're off call as soon as we're done here. Who wants to grab a beer down at Johnny's?
"We've almost got it out now."	"We've almost got it out now."
"Man, I gotta call my wife. Anybody seen a phone?"	"Man, I gotta call my wife. Anybody seen a phone?"
"This fire's nothing compared to the office building that went up yesterday."	"This fire's nothing compared to the office building that went up yesterday."
"This one didn't take long at all. At least we caught it before it spread up the street."	"This one didn't take long at all. At least we caught it before it spread up the street."
It looks like the man with the bull horn is in charge. He must be the fire chief.	It looks like the man with the bull horn is in charge. He must be the fire chief.
The fire chief is focused on his men. He doesn't notice you.	The fire chief is focused on his men. He doesn't notice you.
You see the fire gutted shell of a house still ablaze. It looks like the fire fighters have it under control.	You see the fire gutted shell of a house still ablaze. It looks like the fire fighters have it under control.
You see the fire gutted shell of a house.	You see the fire gutted shell of a house.
It's a Lytton Fire Department pumper.	It's a Lytton Fire Department pumper.
The firemen have the fire well in hand and don't need your assistance.	The firemen have the fire well in hand and don't need your assistance.
It's the trunk of your car.	It's the trunk of your car.
It looks like a photograph.  You pick it up.	It looks like a photograph.  You pick it up.
You notice something shiny sticking out from under a mound of burnt refuse.	You notice something shiny sticking out from under a mound of burnt refuse.
The walls are marred by fire.	The walls are marred by fire.
You don't want to touch that.  Some of this stuff is still hot.	You don't want to touch that.  Some of this stuff is still hot.
The ugly old couch is soaked and smoldering.  The smell\nof burnt upholstery stings your nose.	The ugly old couch is soaked and smoldering.  The smell\nof burnt upholstery stings your nose.
The smoking couch does not interest you.	The smoking couch does not interest you.
The carpet has melted in places into a molten polyester mess.	The carpet has melted in places into a molten polyester mess.
You search this area but find nothing.	You search this area but find nothing.
The cushion doesn't interest you.	The cushion doesn't interest you.
The melted glob doesn't interest you.	The melted glob doesn't interest you.
This appears to some sort of altar room. You get the feeling you're not dealing with kids and ouija boards here.	This appears to some sort of altar room. You get the feeling you're not dealing with kids and ouija boards here.
You carefully scrape off some of the dried blood and hair and put them in an envelope.	You carefully scrape off some of the dried blood and hair and put them in an envelope.
You need something with which to collect a clean sample.	You need something with which to collect a clean sample.
Even the idea of touching this sicko stuff disgusts you.	Even the idea of touching this sicko stuff disgusts you.
A pentagram has been carefully painted on the wooden floor with red paint.	A pentagram has been carefully painted on the wooden floor with red paint.
As you study the floor within the altar you notice a dried puddle of blood and hair. It appears to be the remains of some sick sacrificial ritual. Your stomach turns. 	As you study the floor within the altar you notice a dried puddle of blood and hair. It appears to be the remains of some sick sacrificial ritual. Your stomach turns. 
You don't want to touch that. Some of this stuff is still hot.	You don't want to touch that. Some of this stuff is still hot.
The last embers of the fire cast an eerie red glow throughout the smokey house.	The last embers of the fire cast an eerie red glow throughout the smokey house.
The pipe doesn't interest you.	The pipe doesn't interest you.
Exposed water pipes and charred studs are all that remain of some of the interior walls.	Exposed water pipes and charred studs are all that remain of some of the interior walls.
Good day, Sir! Good day! You look like a man in need of a career.	Good day, Sir! Good day! You look like a man in need of a career.
Reconsidering?	Reconsidering?
You made an excellent choice! The army's the ONLY life for a man!	You made an excellent choice! The army's the ONLY life for a man!
Outdoor adventure, free room and board, good old-fashioned discipline! Get all those newfangled, namby-pamby, TV-zombie ideas out of your system and get your life back under control. Know what I mean?	Outdoor adventure, free room and board, good old-fashioned discipline! Get all those newfangled, namby-pamby, TV-zombie ideas out of your system and get your life back under control. Know what I mean?
Serving you is a pleasure, sir. Don't forget the U.S. Army if you ever need a change of careers!	Serving you is a pleasure, sir. Don't forget the U.S. Army if you ever need a change of careers!
Thanks. I won't.	Thanks. I won't.
You can even choose your first tour of duty.	You can even choose your first tour of duty.
Remember, son. It's the best character builder a man could want.	Remember, son. It's the best character builder a man could want.
At the end of your six year enlistment, you'll be amazed at how the time just flew by.	At the end of your six year enlistment, you'll be amazed at how the time just flew by.
Just think of an exciting career in heavy tank repair!	Just think of an exciting career in heavy tank repair!
You could become a career man. Look at what it's done for me.	You could become a career man. Look at what it's done for me.
We have many exciting bases around the world, like Oklahoma.	We have many exciting bases around the world, like Oklahoma.
Hmmm... That sounds terrific, but I already have got a good career, thanks.	Hmmm... That sounds terrific, but I already have got a good career, thanks.
You show the photograph to the recruiting officer again.	You show the photograph to the recruiting officer again.
You show the photograph of Jessie and Michael Bains to the recruiting officer.	You show the photograph of Jessie and Michael Bains to the recruiting officer.
Well, why didn't you say who you were earlier? Of course I can get that information for you, Sergeant.	Well, why didn't you say who you were earlier? Of course I can get that information for you, Sergeant.
Can you give me any information on this man? His name is Michael Bains. He should have a military record.	Can you give me any information on this man? His name is Michael Bains. He should have a military record.
That's privileged information there, boy! The U.S. Army doesn't hand out military records to just anyone!	That's privileged information there, boy! The U.S. Army doesn't hand out military records to just anyone!
Let me see here, Sergeant...	Let me see here, Sergeant...
Ah! Here we go. Michael Bains. Let me get you a printout.	Ah! Here we go. Michael Bains. Let me get you a printout.
There you are, Sergeant. Hope it helps.	There you are, Sergeant. Hope it helps.
You show the recruiting officer your badge and identify yourself.	You show the recruiting officer your badge and identify yourself.
He looks closely at your credentials, making sure they're legitimate. When he looks up, he seems more cooperative.	He looks closely at your credentials, making sure they're legitimate. When he looks up, he seems more cooperative.
Yes, Sir, Sergeant. And what can I do for you today?	Yes, Sir, Sergeant. And what can I do for you today?
You can keep it, Sergeant. The U.S. Army's got it all in its data banks.	You can keep it, Sergeant. The U.S. Army's got it all in its data banks.
You take the printout of Michael Bain's military record.	You take the printout of Michael Bain's military record.
Browsing through Michael Bains' military record, you come across the following information.	Browsing through Michael Bains' military record, you come across the following information.
Career Gunnery Sergeant. Exemplary record, bearing and behavior - beyond reproach. Behavior alteration noticed following brother's death (Jesse Bains) at the hands of the police. Admitted to military psychiatric facility following a particulary violent outburst. Two injured.	Career Gunnery Sergeant. Exemplary record, bearing and behavior - beyond reproach. Behavior alteration noticed following brother's death (Jesse Bains) at the hands of the police. Admitted to military psychiatric facility following a particulary violent outburst. Two injured.
Returned to active duty, but began displaying more violent, antisocial behavior patterns. Unprovoked physical attacks reported. Medical discharge from army for psychological instability.	Returned to active duty, but began displaying more violent, antisocial behavior patterns. Unprovoked physical attacks reported. Medical discharge from army for psychological instability.
The recruiter would no doubt flatten your face if you tried to walk out with his printer.	The recruiter would no doubt flatten your face if you tried to walk out with his printer.
I don't think that's a good idea.	I don't think that's a good idea.
Just showing him the photo again won't do any good.	Just showing him the photo again won't do any good.
You have already identified yourself.	You have already identified yourself.
The recruiter is career army. He's not interested in seeing your puny weapons.	The recruiter is career army. He's not interested in seeing your puny weapons.
The recruiter isn't interested.	The recruiter isn't interested.
The desk is not yours.	The desk is not yours.
The recruiter would no doubt flatten your face if you tried to walk out with his computer.	The recruiter would no doubt flatten your face if you tried to walk out with his computer.
The recruiting officer might be upset if you starting rifling through his files uninvited.	The recruiting officer might be upset if you starting rifling through his files uninvited.
You're not a janitor.	You're not a janitor.
Thanks to Judge Simpson, the ram is in place and ready to go.	Thanks to Judge Simpson, the ram is in place and ready to go.
I'll wait here for you Sonny.	I'll wait here for you Sonny.
I got the back, Sonny. Keep your head down.	I got the back, Sonny. Keep your head down.
Obviously there IS somebody home.	Obviously there IS somebody home.
You'll have to find some other way to serve that search warrant.	You'll have to find some other way to serve that search warrant.
You can hear movement inside the house, but no one answers.	You can hear movement inside the house, but no one answers.
Wait until I'm in position then take out the door.	Wait until I'm in position then take out the door.
Just give the boys the word, Sarge, and the ram will take er down!.	Just give the boys the word, Sarge, and the ram will take er down!.
Hey, Sonny.	Hey, Sonny.
Dispatch radioed that you might need the K9 unit so I brought Spike over.	Dispatch radioed that you might need the K9 unit so I brought Spike over.
He's got the scent of something big in there. He's about to pull my arm off if I don't let go.	He's got the scent of something big in there. He's about to pull my arm off if I don't let go.
Seek!	Seek!
If you want to leave, take your own car.	If you want to leave, take your own car.
Better find out what the dog's found instead of wasting time out here.	Better find out what the dog's found instead of wasting time out here.
Things are too precarious right now to chit chat with your fellow officers.	Things are too precarious right now to chit chat with your fellow officers.
I wonder what Spike's all upset about?	I wonder what Spike's all upset about?
This is a slightly higher species than Officer Parks is used to handling.	This is a slightly higher species than Officer Parks is used to handling.
If you want the officers to use the ram, you'll need to give the order.	If you want the officers to use the ram, you'll need to give the order.
You give the order for the ram to proceed.	You give the order for the ram to proceed.
The ram really did a number on that steel door.	The ram really did a number on that steel door.
The front door is made of steel. It would look more at home on a military installation than on this run-down shack.	The front door is made of steel. It would look more at home on a military installation than on this run-down shack.
That nightstick wouldn't make a dent in the door.	That nightstick wouldn't make a dent in the door.
That door could take more bullets than you have.	That door could take more bullets than you have.
You've got more important animals to worry about today.	You've got more important animals to worry about today.
The dog isn't any threat to you.	The dog isn't any threat to you.
Those metal bars aren't going to budge.	Those metal bars aren't going to budge.
Your job here is not done yet, Bonds!	Your job here is not done yet, Bonds!
Carpentry never was your strong point.	Carpentry never was your strong point.
There's nothing you can do with the lawn.	There's nothing you can do with the lawn.
You can't force your way in with your bare hands.	You can't force your way in with your bare hands.
Not even the auto club could get this heap started.	Not even the auto club could get this heap started.
Carpentry was never your strong point.	Carpentry was never your strong point.
That old junk doesn't interest you.	That old junk doesn't interest you.
Carpentry was never your strong suit.	Carpentry was never your strong suit.
The occupant's electric usage does not interest you.	The occupant's electric usage does not interest you.
Shooting at the bars won't help.	Shooting at the bars won't help.
That nightstick is not quite up to prying apart steel.	That nightstick is not quite up to prying apart steel.
You had better do something with the suspect first.	You had better do something with the suspect first.
You better check out the room first.	You better check out the room first.
Freeze!	Freeze!
Don't shoot, I give up.	Don't shoot, I give up.
You look underneath the filthy cushion and find a remote control.	You look underneath the filthy cushion and find a remote control.
You feel a sense of satisfaction as you slip the cuffs on the wrists of Michael Bains.	You feel a sense of satisfaction as you slip the cuffs on the wrists of Michael Bains.
I'll take it from here, Sonny.	I'll take it from here, Sonny.
Don't you move an inch, buddy.	Don't you move an inch, buddy.
This is not the time to be checking him out.	This is not the time to be checking him out.
The man you shot is dead.	The man you shot is dead.
You already dealt with him.	You already dealt with him.
That will really stop him.	That will really stop him.
You must think you're superman?	You must think you're superman?
There is nothing of interest on him.	There is nothing of interest on him.
You examine the fireplace but do not find anything of interest.	You examine the fireplace but do not find anything of interest.
You already have the passage open.	You already have the passage open.
You examine the TV but find nothing unusual.	You examine the TV but find nothing unusual.
You better restrain him first.	You better restrain him first.
Spike prefers not to be petted while he's concentrating.	Spike prefers not to be petted while he's concentrating.
There is nothing more under the cushion.	There is nothing more under the cushion.
Now is not the time to snoop around.	Now is not the time to snoop around.
Now that the door's been knocked in, it doesn't interest you.	Now that the door's been knocked in, it doesn't interest you.
You see nothing of interest.	You see nothing of interest.
Marie wouldn't approve of you taking that picture home.	Marie wouldn't approve of you taking that picture home.
There's nothing under that cushion.	There's nothing under that cushion.
You shot him!  Hold on while I check his vital signs.	You shot him!  Hold on while I check his vital signs.
I'd like to say it was fun, Bonds, but you've been a real pain in my ass, you male pig.	I'd like to say it was fun, Bonds, but you've been a real pain in my ass, you male pig.
I'm Detective Hooks, Internal Affairs.   We've been keeping an eye on her since your report.   Lucky I was here.	I'm Detective Hooks, Internal Affairs.   We've been keeping an eye on her since your report.   Lucky I was here.
Congratulations!  You've not only solved your murder case, but you've also found and incapacitated a dangerous cult that was processing crack.  Now all that's left to fight is the paperwork.  You almost welcome the routine of it all.  There IS such a thing as too much excitement.	Congratulations!  You've not only solved your murder case, but you've also found and incapacitated a dangerous cult that was processing crack.  Now all that's left to fight is the paperwork.  You almost welcome the routine of it all.  There IS such a thing as too much excitement.
You think you're superman?	You think you're superman?
You don't want to disturb the evidence.	You don't want to disturb the evidence.
Stopped lowrider?	Stopped lowrider?
Got right ticket code?	Got right ticket code?
Found the star?	Found the star?
Got reporter card?	Got reporter card?
Placed news story?	Placed news story?
Turn Morales in?	Turn Morales in?
Marie to live?	Marie to live?
Wow, this guy's really going fast.	Wow, this guy's really going fast.
The other vehicle's too far ahead of you.	The other vehicle's too far ahead of you.
You're not in the proper position to pull the car over.	You're not in the proper position to pull the car over.
You wisely decide not to pull over the allied agent.	You wisely decide not to pull over the allied agent.
You decide not to pull over the vehicle.	You decide not to pull over the vehicle.
Up ahead you see a slow car impeding traffic in the fast lane.	Up ahead you see a slow car impeding traffic in the fast lane.
The car is too far ahead of you.	The car is too far ahead of you.
Up ahead you see a car weaving.	Up ahead you see a car weaving.
The vehicle's too far ahead of you.	The vehicle's too far ahead of you.
The driver of the vehicle sees your lights and finally begins to pull over.	The driver of the vehicle sees your lights and finally begins to pull over.
It's a white Mercedes convertible, license plate #34567.	It's a white Mercedes convertible, license plate #34567.
It's a low-rider black Ford, license plate #22776.	It's a low-rider black Ford, license plate #22776.
It's light blue Ford Escort, license plate #01923.	It's light blue Ford Escort, license plate #01923.
It's a black Dodge with exempt plate of #12896.	It's a black Dodge with exempt plate of #12896.
You tear the ticket off the computer.	You tear the ticket off the computer.
Before exiting, you grab the ticket and the license.	Before exiting, you grab the ticket and the license.
The glove compartment contains miscellaneous car records.   In particular, you notice a record file of some sort.	The glove compartment contains miscellaneous car records.   In particular, you notice a record file of some sort.
The glove compartment contains miscellaneous car records.	The glove compartment contains miscellaneous car records.
You reach over and open the glove compartment.	You reach over and open the glove compartment.
You reach over and close the glove compartment.	You reach over and close the glove compartment.
You should leave that with the vehicle unless you have a specific need for it.	You should leave that with the vehicle unless you have a specific need for it.
Thinking about your upcoming court appearance, you wisely decide to take the speedometer calibration chart with you.	Thinking about your upcoming court appearance, you wisely decide to take the speedometer calibration chart with you.
You pull the ticket and the license out of the computer.	You pull the ticket and the license out of the computer.
The blip has stopped on the freeway.	The blip has stopped on the freeway.
Up ahead you see a car overturned in the middle of the freeway.   You slow to a stop.	Up ahead you see a car overturned in the middle of the freeway.   You slow to a stop.
Up ahead you see a car overturned on the other side of the freeway.  You turn around and slow to a stop.	Up ahead you see a car overturned on the other side of the freeway.  You turn around and slow to a stop.
The car radio interrupts the silence:	The car radio interrupts the silence:
Dispatch says..."64 David."	Dispatch says..."64 David."
Morales responds..."This is 64 David, go ahead with your traffic."	Morales responds..."This is 64 David, go ahead with your traffic."
"Respond to an 11-44, west bound on the freeway just east of the Lilly off ramp."	"Respond to an 11-44, west bound on the freeway just east of the Lilly off ramp."
Continuing she says..."Be advised this is your possible suspect vehicle."	Continuing she says..."Be advised this is your possible suspect vehicle."
Your partner acknowledges the call and says... "Get this puppy rolling Bonds!"	Your partner acknowledges the call and says... "Get this puppy rolling Bonds!"
You have failed to respond to the Freeway accident in a reasonable amount of time.	You have failed to respond to the Freeway accident in a reasonable amount of time.
Another case of dereliction of duty!	Another case of dereliction of duty!
The engine must be running to use the tracker.	The engine must be running to use the tracker.
Pat places the portable red light on the dash.	Pat places the portable red light on the dash.
Turning the engine off while you're moving is not a good idea, Sonny.	Turning the engine off while you're moving is not a good idea, Sonny.
You need to return the driver's license first.	You need to return the driver's license first.
You left the drunk standing by his car in your handcuffs!	You left the drunk standing by his car in your handcuffs!
Better wait for your partner.	Better wait for your partner.
You must have forgotten about being temporarily assigned to traffic division.  You'll have to drive the black and white today, Sonny.	You must have forgotten about being temporarily assigned to traffic division.  You'll have to drive the black and white today, Sonny.
You're a homicide detective now. You don't drive a black and white anymore.	You're a homicide detective now. You don't drive a black and white anymore.
You already have the ticket.	You already have the ticket.
A ticket isn't going to keep this guy from killing someone on the road.  You're going to have to take him downtown.	A ticket isn't going to keep this guy from killing someone on the road.  You're going to have to take him downtown.
You insert the driver's license into the slot.   This activates the computer.	You insert the driver's license into the slot.   This activates the computer.
It's your partner Pat Morales.	It's your partner Pat Morales.
It's your buddy Mr. Loony tunes!	It's your buddy Mr. Loony tunes!
It's your buddy Mr."But I only had one beer!"	It's your buddy Mr."But I only had one beer!"
Morales says..."Some day, eh, Sonny?"	Morales says..."Some day, eh, Sonny?"
Morales teasingly says..."Ya drive like my Grandma, Bonds."	Morales teasingly says..."Ya drive like my Grandma, Bonds."
Morales says..."Ya tryin' ta rack up points for pedestrians, or what, Bonds?"	Morales says..."Ya tryin' ta rack up points for pedestrians, or what, Bonds?"
Morales says..."If ya want me to drive, jus' holler."	Morales says..."If ya want me to drive, jus' holler."
Excitedly, Morales says..."Did ya see that gorgeous hunka man back there?"	Excitedly, Morales says..."Did ya see that gorgeous hunka man back there?"
Out of his head, the prisoner says..."Cold!   I'm so f@!#ing cold!  Who let the fire go out, for C#$%@ sake?"	Out of his head, the prisoner says..."Cold!   I'm so f@!#ing cold!  Who let the fire go out, for C#$%@ sake?"
Deliriously, the prisoner says..."I wasn't doin' nothin'.  I wasn't the one!  Oh, no, don't look at me!"	Deliriously, the prisoner says..."I wasn't doin' nothin'.  I wasn't the one!  Oh, no, don't look at me!"
The prisoner rambles incoherently..."Don't put that on me.  I ain't got nuthin', I told yas."	The prisoner rambles incoherently..."Don't put that on me.  I ain't got nuthin', I told yas."
The driver says..."This isn't nessethary, Occifer.  I'm perfectedly fine."	The driver says..."This isn't nessethary, Occifer.  I'm perfectedly fine."
The driver says..."This isn't nessethary occifer.  I'm perfectedly fine."	The driver says..."This isn't nessethary occifer.  I'm perfectedly fine."
The driver says..."Could you schlow it down, pleasse, Doc?  My head is schpinning."	The driver says..."Could you schlow it down, pleasse, Doc?  My head is schpinning."
The driver says..."We juss passsed my place there.  Maybe you could juss drop me off...?"	The driver says..."We juss passsed my place there.  Maybe you could juss drop me off...?"
Pat's purse rests between the seats.  She keeps a key attached to the handle.	Pat's purse rests between the seats.  She keeps a key attached to the handle.
You can't just take the key with Pat sitting there.	You can't just take the key with Pat sitting there.
You already have the key.  Don't mess with her purse anymore.	You already have the key.  Don't mess with her purse anymore.
You take the key, knowing that it'll have to be returned before Morales notices that it's gone.	You take the key, knowing that it'll have to be returned before Morales notices that it's gone.
In the nick of time, you replace Morales' key and hope she doesn't notice anything funny.	In the nick of time, you replace Morales' key and hope she doesn't notice anything funny.
Since you have reached the end of your jurisdiction, you turn around and head in the other direction.	Since you have reached the end of your jurisdiction, you turn around and head in the other direction.
The car continues on its way.	The car continues on its way.
You'd better get to that Aspen Falls call.	You'd better get to that Aspen Falls call.
You have failed to respond to Aspen Falls in a reasonable amount of time.	You have failed to respond to Aspen Falls in a reasonable amount of time.
DISPATCH: "64S2 Lytton- Officer requesting supervisor at freeway stop." 	DISPATCH: "64S2 Lytton- Officer requesting supervisor at freeway stop." 
SONNY: "Lytton 64S2 copied- Responding to freeway." 	SONNY: "Lytton 64S2 copied- Responding to freeway." 
Better hurry, Bonds!	Better hurry, Bonds!
Better get to the freeway!  You've got an officer waiting on you.	Better get to the freeway!  You've got an officer waiting on you.
You have failed to respond to the Freeway stop in a reasonable amount of time.	You have failed to respond to the Freeway stop in a reasonable amount of time.
Up ahead you see a black and white pulled off the freeway along with the detained vehicle.  You slow down and pull to the side.	Up ahead you see a black and white pulled off the freeway along with the detained vehicle.  You slow down and pull to the side.
The drunk, assuming you no longer wish to detain him, drives away.	The drunk, assuming you no longer wish to detain him, drives away.
A radio call interrupts your thoughts of being home with Marie tonight:	A radio call interrupts your thoughts of being home with Marie tonight:
DISPATCH: "64S2 Lytton."	DISPATCH: "64S2 Lytton."
SONNY: "Lytton, 64S2 go ahead."	SONNY: "Lytton, 64S2 go ahead."
DISPATCH: "Respond to an assault at the Oak Tree Mall, 300 east Rose, S2."	DISPATCH: "Respond to an assault at the Oak Tree Mall, 300 east Rose, S2."
SONNY: "10-4."	SONNY: "10-4."
The radio comes to life again:	The radio comes to life again:
DISPATCH: "64 S2 Lytton."	DISPATCH: "64 S2 Lytton."
SONNY: "Lytton, 64 S2 go ahead."	SONNY: "Lytton, 64 S2 go ahead."
DISPATCH: "Respond to an assault at the Oak Tree Mall, S2."	DISPATCH: "Respond to an assault at the Oak Tree Mall, S2."
You have failed to respond to Oak Tree Mall in a reasonable amount of time.	You have failed to respond to Oak Tree Mall in a reasonable amount of time.
*** the radio sez: go to the hospital.	*** the radio sez: go to the hospital.
*** You better get to the hospital.	*** You better get to the hospital.
You decide not to go to the hospital to see Marie.  The events of the day drained all your energy.  You head for home and try to get some rest.	You decide not to go to the hospital to see Marie.  The events of the day drained all your energy.  You head for home and try to get some rest.
Sonny:  "This Carla Reed lives on 325 South Second.  That's not a residential area.  This better not be someone's idea of a joke."	Sonny:  "This Carla Reed lives on 325 South Second.  That's not a residential area.  This better not be someone's idea of a joke."
Morales:  "325 South Second!   That's just a bunch of old abandoned warehouses!"	Morales:  "325 South Second!   That's just a bunch of old abandoned warehouses!"
Morales:  "I thought we were going to check out this Reed chick on 325 South Second!"	Morales:  "I thought we were going to check out this Reed chick on 325 South Second!"
Morales:  "Better not keep Judge Simpson waiting, Bonds."	Morales:  "Better not keep Judge Simpson waiting, Bonds."
Morales:  "HEY!  You gotta date with the judge, pal!  Better get the lead out and get to the court house."	Morales:  "HEY!  You gotta date with the judge, pal!  Better get the lead out and get to the court house."
Morales:  "Well, it's too late, the trial's over by now."	Morales:  "Well, it's too late, the trial's over by now."
The radio comes alive..."64 David, Lytton."	The radio comes alive..."64 David, Lytton."
Morales says..."This is 64 David, go ahead."	Morales says..."This is 64 David, go ahead."
Dispatch comes back and says..."187 in alley 300 block of west Rose.  One traffic unit is 10-97"	Dispatch comes back and says..."187 in alley 300 block of west Rose.  One traffic unit is 10-97"
Morales confirms the call..."Lytton, 64 David copies and we are responding."	Morales confirms the call..."Lytton, 64 David copies and we are responding."
"Well, you heard it, boss man!" she says... "Let's roll!"	"Well, you heard it, boss man!" she says... "Let's roll!"
Morales:  "Hey Bonds!  You want me to drive us to the murder scene or what?  Get out the map!"	Morales:  "Hey Bonds!  You want me to drive us to the murder scene or what?  Get out the map!"
You have failed to report to the murder scene in a reasonable amount of time.	You have failed to report to the murder scene in a reasonable amount of time.
Sonny:  "According to the crime pattern, this serial killer will probably strike next somewhere around 200 East Palm."	Sonny:  "According to the crime pattern, this serial killer will probably strike next somewhere around 200 East Palm."
Morales:  "As I recall, the only buildings on the 200 block of East Palm are some warehouses and the Nugget Saloon."	Morales:  "As I recall, the only buildings on the 200 block of East Palm are some warehouses and the Nugget Saloon."
Morales:  "Hey!  I thought we were going to check out 200 East Palm!"	Morales:  "Hey!  I thought we were going to check out 200 East Palm!"
Morales:  "So... we gonna pay the coroner a visit or just cruise all day?"	Morales:  "So... we gonna pay the coroner a visit or just cruise all day?"
Dispatch:  "Attention all units... there is a structure fire at 500 west Peach Ave. Any units in the vicinity please respond for crowd control assistance."	Dispatch:  "Attention all units... there is a structure fire at 500 west Peach Ave. Any units in the vicinity please respond for crowd control assistance."
Morales:  "Hey!  That's just a few blocks from here.  Let's go to the weenie roast!"	Morales:  "Hey!  That's just a few blocks from here.  Let's go to the weenie roast!"
Morales gets on the radio and informs dispatch that you are on the way.	Morales gets on the radio and informs dispatch that you are on the way.
Morales:  "Geez Sonny!  They're gonna have the fire out before we ever get there.  Maybe you should stop and look at the map."	Morales:  "Geez Sonny!  They're gonna have the fire out before we ever get there.  Maybe you should stop and look at the map."
You have failed to reach the burning house in a reasonable amount of time.	You have failed to reach the burning house in a reasonable amount of time.
Morales:  "Are we going somewhere, or just joy ridin'?"	Morales:  "Are we going somewhere, or just joy ridin'?"
Sonny picks up the mike:  "Lytton 64 S2..."	Sonny picks up the mike:  "Lytton 64 S2..."
Dispatch:  "64 S2 Lytton go ahead..."	Dispatch:  "64 S2 Lytton go ahead..."
Sonny:  "Requesting assistance in gaining access to a suspected crack house.  Will need the ram unit and backup at 522 West Palm, over."	Sonny:  "Requesting assistance in gaining access to a suspected crack house.  Will need the ram unit and backup at 522 West Palm, over."
Dispatch:  "10-4, Sonny!  They're on their way."	Dispatch:  "10-4, Sonny!  They're on their way."
Sonny:  "I think I've got enough evidence to obtain a search warrant."	Sonny:  "I think I've got enough evidence to obtain a search warrant."
Morales:  "If you want that warrant, Bonds... you're going to half to see da judge."	Morales:  "If you want that warrant, Bonds... you're going to half to see da judge."
You notice Morales checking her watch.  She suddenly says...	You notice Morales checking her watch.  She suddenly says...
Yo, Sonny.  Drive me over to the mall real quick, would ya?   I gotta make a phone call.	Yo, Sonny.  Drive me over to the mall real quick, would ya?   I gotta make a phone call.
Grudgingly, you drive Morales to the mall.	Grudgingly, you drive Morales to the mall.
Sit tight, boss!  I'll only be a minute.	Sit tight, boss!  I'll only be a minute.
She seems in an awful hurry this time.  She's even neglected to take her purse with her.	She seems in an awful hurry this time.  She's even neglected to take her purse with her.
You notice that she's careful to take her purse with her.	You notice that she's careful to take her purse with her.
See!  I'm back!  Let's go!	See!  I'm back!  Let's go!
Noticing her key missing, Pat says...	Noticing her key missing, Pat says...
Hey!  What the.. where's my key.  Whatcha doin' messing with my purse, Bonds?	Hey!  What the.. where's my key.  Whatcha doin' messing with my purse, Bonds?
BUSTED!  You die of embarrasment	BUSTED!  You die of embarrasment
So ends another shift.  You drop Pat off at the station and head home.	So ends another shift.  You drop Pat off at the station and head home.
With nothing further to do, you head back to the station.	With nothing further to do, you head back to the station.
You're not allowed up there.	You're not allowed up there.
You patriotically salute the flag.	You patriotically salute the flag.
You're happy with the seat you have.	You're happy with the seat you have.
Evidence added to case no: 199145	Evidence added to case no: 199145
The %s looks ok.	The %s looks ok.
The %s is way\ntoo high.	The %s is way\ntoo high.
The %s is way\ntoo low	The %s is way\ntoo low
The %s is way\ntoo left	The %s is way\ntoo left
The %s is way\ntoo right	The %s is way\ntoo right
The %s is a\nlittle too high.	The %s is a\nlittle too high.
The %s is a\nlittle too low	The %s is a\nlittle too low
The %s is a\nlittle too left	The %s is a\nlittle too left
The %s is a\nlittle too right	The %s is a\nlittle too right
searching...	searching...
THAT'S THE RUMMY! The one there in the middle. I'd never furget his mean looking mug.	THAT'S THE RUMMY! The one there in the middle. I'd never furget his mean looking mug.
No Match	No Match
Steve Rocklin	Steve Rocklin
M/W 6'2" 210 red/hzl	M/W 6'2" 210 red/hzl
Address Jan/89	Address Jan/89
214 Pigeon Ct.	214 Pigeon Ct.
Gibbon U.S.A.	Gibbon U.S.A.
SUMMARY	SUMMARY
Convicted on two counts of burglary 6/23/85. Sentenced to 5 years in state penitentiary. Paroled 6/25/88 and is currently serving 3 years probation.	Convicted on two counts of burglary 6/23/85. Sentenced to 5 years in state penitentiary. Paroled 6/25/88 and is currently serving 3 years probation.
NO WANTS	NO WANTS
NOTE: Rocklin associates with, and at one time was known to be a member of the cult "Sons of Darkness." It is suspicioned the cult deals in the sale of "crack" cocaine.	NOTE: Rocklin associates with, and at one time was known to be a member of the cult "Sons of Darkness." It is suspicioned the cult deals in the sale of "crack" cocaine.
Now, if you would give a general description.	Now, if you would give a general description.
He was a mean lookin' fella, all dark and hairy.	He was a mean lookin' fella, all dark and hairy.
A real sour face with a hawkish nose, sharp, beady eyes and a leery brow.	A real sour face with a hawkish nose, sharp, beady eyes and a leery brow.
Naw his face is too wide.	Naw his face is too wide.
Naw his face is too narrow.	Naw his face is too narrow.
Yea his face look right.	Yea his face look right.
MOUSE\nClick mouse on menu items, feature buttons, and arrows to cycle through each feature. Press and hold to move sliders.\nKEYS\nUse TAB key to select features, arrow keys to move sliders, and alpha keys to select menu items. Use the N and B keys to select the next and previous feature.\nJOYSTICK\nMove cursor to menus, arrows, selections, sliders, and press a button. Hold the button down to move sliders	MOUSE\nClick mouse on menu items, feature buttons, and arrows to cycle through each feature. Press and hold to move sliders.\nKEYS\nUse TAB key to select features, arrow keys to move sliders, and alpha keys to select menu items. Use the N and B keys to select the next and previous feature.\nJOYSTICK\nMove cursor to menus, arrows, selections, sliders, and press a button. Hold the button down to move sliders
Your pattern has formed a perfect pentagram. Can this show the location of the next murder?	Your pattern has formed a perfect pentagram. Can this show the location of the next murder?
Come now. There aren't that many homicides you're working on Sonny.	Come now. There aren't that many homicides you're working on Sonny.
Enter case number: 	Enter case number: 
Invalid Entry	Invalid Entry
- EVIDENCE/ANALYSIS -	- EVIDENCE/ANALYSIS -
VICTIM - 	VICTIM - 
LOCATION - 	LOCATION - 
SUSPECT - 	SUSPECT - 
DATE - 	DATE - 
TIME - 	TIME - 
INVESTIGATOR - 	INVESTIGATOR - 
CAUSE OF DEATH -	CAUSE OF DEATH -
WEAPON USED -	WEAPON USED -
SUMMARY -	SUMMARY -
MOTIVE -	MOTIVE -
DISPOSITION -	DISPOSITION -
New Case Number: 199146	New Case Number: 199146
New Case Number: 199145	New Case Number: 199145
Based on the information you obtained at the murder scene, you open up a new file on the Dent murder.	Based on the information you obtained at the murder scene, you open up a new file on the Dent murder.
Enter serial number: 	Enter serial number: 
U.S. Army Bronze Star	U.S. Army Bronze Star
Awarded to Samuel Britt, Infantry	Awarded to Samuel Britt, Infantry
For meritorious Service during WWII.	For meritorious Service during WWII.
Samuel Britt murder victim	Samuel Britt murder victim
See case number #199124	See case number #199124
Identified	Identified
NOTICE TO APPEAR	NOTICE TO APPEAR
Name - 	Name - 
Street - 	Street - 
City - 	City - 
DL - 	DL - 
Sex - 	Sex - 
Eye - 	Eye - 
Hair - 	Hair - 
WT - 	WT - 
HT - 	HT - 
Time - 	Time - 
Reg Exp - 	Reg Exp - 
Year - 	Year - 
Make - 	Make - 
Vehicle Code - 	Vehicle Code - 
You must first insert the violator's license into the computer.	You must first insert the violator's license into the computer.
Enter vehicle ID: 	Enter vehicle ID: 
Enter vehicle license number: 	Enter vehicle license number: 
Enter driver's ID: 	Enter driver's ID: 
You can't give this guy a traffic citation. He wasn't driving a car.	You can't give this guy a traffic citation. He wasn't driving a car.
Enter Military Time	Enter Military Time
Enter vehicle code: 	Enter vehicle code: 
Departmental Action	Departmental Action
But, for now, let the cleanup crew do their job and the Guilty sleep their dreamless sleep. For you, there's suddenly nothing more important than seeing Marie.	But, for now, let the cleanup crew do their job and the Guilty sleep their dreamless sleep. For you, there's suddenly nothing more important than seeing Marie.
I don't think I'll ever be able to look at you again without feeling what I feel right now - without remembering what a miracle it is just to hold you.	I don't think I'll ever be able to look at you again without feeling what I feel right now - without remembering what a miracle it is just to hold you.
Speaking of miracles...Dr. Powers has just given me a bit of news... 	Speaking of miracles...Dr. Powers has just given me a bit of news... 
Oh Sonny...	Oh Sonny...
We're going to HAVE A BABY!	We're going to HAVE A BABY!
a-abab- A BABY?	a-abab- A BABY?
ACTORS:	ACTORS:
You interrupt Earl's reading...	You interrupt Earl's reading...
What's new in the local rag, Earl?	What's new in the local rag, Earl?
Hey, look! There's some lady offerin' a reward for information on the whereabouts of her dog, 'Lucky'.	Hey, look! There's some lady offerin' a reward for information on the whereabouts of her dog, 'Lucky'.
Too bad I missed that Pink Mongoloid concert last week!	Too bad I missed that Pink Mongoloid concert last week!
Here's one for ya, Sonny. A chick lost her gold-plated breast-cones at Spunky's last night. Says here she took them off so that they wouldn't rust during the 'wet t-shirt contest'.	Here's one for ya, Sonny. A chick lost her gold-plated breast-cones at Spunky's last night. Says here she took them off so that they wouldn't rust during the 'wet t-shirt contest'.
You ain't happened to of seen a three-legged, one-eyed, appendix-scarred, deaf, toothless, poodle-mix mutt wanderin' around the nuclear plant, have ya?	You ain't happened to of seen a three-legged, one-eyed, appendix-scarred, deaf, toothless, poodle-mix mutt wanderin' around the nuclear plant, have ya?
They're offerin' a reward for witnesses to those twenty people being trampled to death. Geez, and to think I missed all the fun!	They're offerin' a reward for witnesses to those twenty people being trampled to death. Geez, and to think I missed all the fun!
$100.00 to the lucky finder. Of course, it'd be worth it just to keep 'em if they fit.	$100.00 to the lucky finder. Of course, it'd be worth it just to keep 'em if they fit.
Looks like you're getting bored Hanks.	Looks like you're getting bored Hanks.
Nope, I'm just trying to see if there's a particular pattern to these homicides by marking the locations.	Nope, I'm just trying to see if there's a particular pattern to these homicides by marking the locations.
Not listening to what your saying Earl mumbles to himself...	Not listening to what your saying Earl mumbles to himself...
I just may have to get on that dang computer to work this out.	I just may have to get on that dang computer to work this out.
Earl seems lost in thought.	Earl seems lost in thought.
Earl is very possesive about his newspaper.	Earl is very possesive about his newspaper.
Earl does not wish to dance.	Earl does not wish to dance.
The door to the judge's chambers is locked. She must not be in.	The door to the judge's chambers is locked. She must not be in.
You show the newspaper article to the court reporter and tell her that you need to see the judge about this case.	You show the newspaper article to the court reporter and tell her that you need to see the judge about this case.
The court reporter is busy at the judge's bench.	The court reporter is busy at the judge's bench.
Bullying the court reporter will only get you in big trouble.	Bullying the court reporter will only get you in big trouble.
The reporter is busy. Besides, you don't have time for idle chit-chat.	The reporter is busy. Besides, you don't have time for idle chit-chat.
Get real Bonds!	Get real Bonds!
Testing... reality check ... testing...	Testing... reality check ... testing...
Come on Bonds! Can't you see the lady's busy? If you don't have anything to say then leave her alone.	Come on Bonds! Can't you see the lady's busy? If you don't have anything to say then leave her alone.
Yes Officer, can I help you?	Yes Officer, can I help you?
She really isn't interested in that.	She really isn't interested in that.
You're not here to sit around.	You're not here to sit around.
Quit fooling around and stick to the matter at hand.	Quit fooling around and stick to the matter at hand.
Registration expires 8/31/92	Registration expires 8/31/92
 - License number 34567	 - License number 34567
Vehicle Id 77668	Vehicle Id 77668
 - Make Mercedes	 - Make Mercedes
 - Year model 90	 - Year model 90
Orpheus Hanley	Orpheus Hanley
201 Fig St.	201 Fig St.
Lytton, U.S.A	Lytton, U.S.A
Registration expires 3/6/92	Registration expires 3/6/92
 - License number 83756	 - License number 83756
Vehicle Id 09823	Vehicle Id 09823
 - Make Ford	 - Make Ford
 - Year model 86	 - Year model 86
Janice Wilks	Janice Wilks
420 Fourth St.	420 Fourth St.
Registration Exempt	Registration Exempt
 - License number 12896	 - License number 12896
Vehicle Id 99947	Vehicle Id 99947
 - Make Dodge	 - Make Dodge
 - Year model 89	 - Year model 89
Co. of Jackson (Sheriff Dept.)	Co. of Jackson (Sheriff Dept.)
100 Quail Dr.	100 Quail Dr.
Gibbon, U.S.A	Gibbon, U.S.A
Registration expires 6/1/92	Registration expires 6/1/92
 - License number 22776	 - License number 22776
Vehicle Id 88996	Vehicle Id 88996
 - Year model 59	 - Year model 59
Juan Jose Ruiz	Juan Jose Ruiz
1115 Lilly St.	1115 Lilly St.
Registration expires 7/15/92	Registration expires 7/15/92
 - License number 01923	 - License number 01923
Vehicle Id 69444	Vehicle Id 69444
Joseph Hoss	Joseph Hoss
526 Tenth St.	526 Tenth St.
Registration expires 6/1/56	Registration expires 6/1/56
 - License number 84016	 - License number 84016
Vehicle Id 08996	Vehicle Id 08996
 - Year model 73	 - Year model 73
Charles Tip	Charles Tip
124 Stem St.	124 Stem St.
Registration expires 11/25/92	Registration expires 11/25/92
 - License number 22775	 - License number 22775
Vehicle Id 88116	Vehicle Id 88116
 - Make Pontiac	 - Make Pontiac
 - Year model 67	 - Year model 67
Bart Dodd	Bart Dodd
820 Peach St.	820 Peach St.
#654321   Class C	#654321   Class C
Lytton, U.S.A.	Lytton, U.S.A.
Sex: F   Hair: Brn   Eyes: Brn	Sex: F   Hair: Brn   Eyes: Brn
Ht: 5'06" Weight: 125  D.O.B: 04/22/65	Ht: 5'06" Weight: 125  D.O.B: 04/22/65
#145698   Class C	#145698   Class C
Stephen Parker	Stephen Parker
4177 Dove Ct.	4177 Dove Ct.
Gibbon, U.S.A.	Gibbon, U.S.A.
Sex: M   Hair: Brn   Eyes: Brn	Sex: M   Hair: Brn   Eyes: Brn
Ht: 6'02" Weight: 220  D.O.B: 08/16/41	Ht: 6'02" Weight: 220  D.O.B: 08/16/41
#522341   Class C	#522341   Class C
Sex: M   Hair: Blk   Eyes: Brn	Sex: M   Hair: Blk   Eyes: Brn
Ht: 5'11" Weight: 140  D.O.B: 02/06/67	Ht: 5'11" Weight: 140  D.O.B: 02/06/67
#434301   Class C	#434301   Class C
Ht: 6'01" Weight: 280  D.O.B: 08/01/66	Ht: 6'01" Weight: 280  D.O.B: 08/01/66
#836702   Class C	#836702   Class C
Sex: M   Hair: Gry   Eyes: Blu	Sex: M   Hair: Gry   Eyes: Blu
Ht: 5'08" Weight: 170  D.O.B: 04/22/55	Ht: 5'08" Weight: 170  D.O.B: 04/22/55
#789612   Class C	#789612   Class C
Brian Forbes	Brian Forbes
120 Peach.	120 Peach.
Ht: 5'06" Weight: 90  D.O.B: 02/19/63	Ht: 5'06" Weight: 90  D.O.B: 02/19/63
#980453   Class C	#980453   Class C
Andrew Dent	Andrew Dent
1019 River Road	1019 River Road
Ht: 5'09" Weight: 190  D.O.B: 10/25/40	Ht: 5'09" Weight: 190  D.O.B: 10/25/40
Blk	Blk
Brn	Brn
Mercedes	Mercedes
Ford	Ford
Gry	Gry
Blu	Blu
NAME	NAME
BADGE	BADGE
DIVISION	DIVISION
STATUS	STATUS
SEX	SEX
HEIGHT	HEIGHT
WEIGHT	WEIGHT
NULL	NULL
Aimes, Sidney	Aimes, Sidney
Non-Uniform	Non-Uniform
Administrative	Administrative
Active	Active
Banks, Joseph	Banks, Joseph
Traffic	Traffic
Bock, Jon	Bock, Jon
PQ3 art team.	PQ3 art team.
Video viper	Video viper
Written reprimand for conducting two sessions of video capture without film.	Written reprimand for conducting two sessions of video capture without film.
Bonds, Sonny	Bonds, Sonny
Homicide	Homicide
Promoted to Detective Sergeant 1991	Promoted to Detective Sergeant 1991
Cardinal, Jane	Cardinal, Jane
LL5 art.	LL5 art.
Pencil sketch maniac.	Pencil sketch maniac.
150 Lbs	150 Lbs
Hats off to the Lytton P.D. Caricature champion.	Hats off to the Lytton P.D. Caricature champion.
Childs, John	Childs, John
Police Officer of the year - 1978	Police Officer of the year - 1978
Crowe, Jeff	Crowe, Jeff
PQ3 art team	PQ3 art team
None... yet.	None... yet.
Crowe, Mark	Crowe, Mark
PQ3 art designer.	PQ3 art designer.
Not enough memory to list awards. But he'll be greatly missed.	Not enough memory to list awards. But he'll be greatly missed.
Downs, Mike	Downs, Mike
Escobar, Carlos	Escobar, Carlos
LL5 programer	LL5 programer
Missing in action	Missing in action
Nickname - (The Hustler), One day suspension without pay for running numbers.	Nickname - (The Hustler), One day suspension without pay for running numbers.
Eidson, Kimberly A.	Eidson, Kimberly A.
Promotional	Promotional
Active grunt	Active grunt
As much as she can handle.	As much as she can handle.
Ferrell, Frank	Ferrell, Frank
None	None
Gibbs, Martha	Gibbs, Martha
I.A. shooting review board 6/10/81: Fatal shooting of 211 suspect: Based on extensive investigation of the shooting, the review board found that the use of deadly force by the officer was justifiable.	I.A. shooting review board 6/10/81: Fatal shooting of 211 suspect: Based on extensive investigation of the shooting, the review board found that the use of deadly force by the officer was justifiable.
Hanks, Earl	Hanks, Earl
Sustained complaint May, 1987 Conduct unbecoming an officer Departmental disposition - two day suspension without pay.	Sustained complaint May, 1987 Conduct unbecoming an officer Departmental disposition - two day suspension without pay.
Hartman, Desi	Hartman, Desi
LL5 art team	LL5 art team
Maternity Leave	Maternity Leave
Still beautiful in motherhood	Still beautiful in motherhood
Jaco, Henry	Jaco, Henry
Promoted to sergeant 1/1/1983	Promoted to sergeant 1/1/1983
Jensen, Jane	Jensen, Jane
PQ3 writing team	PQ3 writing team
Active/rookie	Active/rookie
Kling, George	Kling, George
Police Officer of the year - 1982 Departmental commendation 1985 for outstanding leadership during operation "Street Sweep." Promoted to sergeant 1983 Promoted to lieutenant 1986 Promoted to captain 1990.	Police Officer of the year - 1982 Departmental commendation 1985 for outstanding leadership during operation "Street Sweep." Promoted to sergeant 1983 Promoted to lieutenant 1986 Promoted to captain 1990.
Lang, Robert	Lang, Robert
Masters shooting badge 1977.	Masters shooting badge 1977.
Larson, James	Larson, James
Hats off for superb painting ability.	Hats off for superb painting ability.
Law, Carl	Law, Carl
Promoted to sergeant 1985 - Reduced in rank from sergeant to traffic officer 1988 for striking a fellow officer who voiced an adverse opinion.	Promoted to sergeant 1985 - Reduced in rank from sergeant to traffic officer 1988 for striking a fellow officer who voiced an adverse opinion.
Loyd, Cheri	Loyd, Cheri
LL5 art ram rod	LL5 art ram rod
Fry brain	Fry brain
130 Lbs.	130 Lbs.
A hats off salute for her artistic contribution in PQ2 and Code Name Iceman.	A hats off salute for her artistic contribution in PQ2 and Code Name Iceman.
Miller, Kevin	Miller, Kevin
askJim	askJim
Morales, Pat	Morales, Pat
2/1981- Written reprimand for insubordination to a supervisor. 11/1986- One day suspension without pay for defying a direct order. 2/1/1987- I/A file opened for willful destruction of evidence- I/A inconclusive 11/5/1989- Tampering with evidence - Findings: charges dropped 5/1990- Terminated for destruction of evidence - 8/1/1990 Reinstated .	2/1981- Written reprimand for insubordination to a supervisor. 11/1986- One day suspension without pay for defying a direct order. 2/1/1987- I/A file opened for willful destruction of evidence- I/A inconclusive 11/5/1989- Tampering with evidence - Findings: charges dropped 5/1990- Terminated for destruction of evidence - 8/1/1990 Reinstated .
Morgan, Maurice	Morgan, Maurice
LL5 painter.	LL5 painter.
L.A. runaway	L.A. runaway
Hats off for tremendous painting ability.	Hats off for tremendous painting ability.
Rhodes, Kathy	Rhodes, Kathy
Vice	Vice
Smith, Daryle	Smith, Daryle
PQ3 art	PQ3 art
Rookie	Rookie
Nickname - (the gun)	Nickname - (the gun)
Stump, C.J.	Stump, C.J.
Swafford, Robert	Swafford, Robert
Hardware technician.	Hardware technician.
Hair brain	Hair brain
Written reprimand for using a 40meg hard drive for shotgun practice while still mounted in the main frame and asleep.	Written reprimand for using a 40meg hard drive for shotgun practice while still mounted in the main frame and asleep.
Walls, James (BB)	Walls, James (BB)
Designer	Designer
Active 	Active 
Outstanding contribution of PQ, PQ2, Code name Ice Man to Sierra product line.	Outstanding contribution of PQ, PQ2, Code name Ice Man to Sierra product line.
Wong, Willis (Wild Willy)	Wong, Willis (Wild Willy)
Psychological review for functional walking disorder. Found incapable of walking upright.	Psychological review for functional walking disorder. Found incapable of walking upright.
 I do. 	 I do. 
Sonny Bonds, Detective Sergeant with the L.P.D.	Sonny Bonds, Detective Sergeant with the L.P.D.
Yes. That's correct.	Yes. That's correct.
That's the man there, seated at the defendant's table.	That's the man there, seated at the defendant's table.
Well, I don't recall, but it should be on the ticket.	Well, I don't recall, but it should be on the ticket.
Uh...Yeah. I mean, I just forgot it.	Uh...Yeah. I mean, I just forgot it.
Thanks.	Thanks.
Er... Umm... Sorry...	Er... Umm... Sorry...
Here it is.	Here it is.
The people call Officer Sonny Bonds to the stand, your Honor.	The people call Officer Sonny Bonds to the stand, your Honor.
Officer Bonds, on September 14 you issued a citation to a Juan Jose Ruiz. Is that correct?	Officer Bonds, on September 14 you issued a citation to a Juan Jose Ruiz. Is that correct?
Officer Bonds, I asked you a question. Is that correct?	Officer Bonds, I asked you a question. Is that correct?
Officer Bonds, do you see Mr. Ruiz anywhere in the courtroom?	Officer Bonds, do you see Mr. Ruiz anywhere in the courtroom?
Officer Bonds, please answer the question.	Officer Bonds, please answer the question.
Officer Bonds, could you show the court the speedometer calibration chart for the police vehicle you were operating that day?	Officer Bonds, could you show the court the speedometer calibration chart for the police vehicle you were operating that day?
Do you have the chart or don't you, Officer Bonds?	Do you have the chart or don't you, Officer Bonds?
I'll take that for a no. Let the record reflect that we have no calibration chart for evidence on this case.	I'll take that for a no. Let the record reflect that we have no calibration chart for evidence on this case.
I have no further questions, your Honor.	I have no further questions, your Honor.
I have no questions for this witness, your Honor.	I have no questions for this witness, your Honor.
No, your Honor.	No, your Honor.
Nice job, Officer Bonds.	Nice job, Officer Bonds.
Next time, don't waste my time or the courts! If you can't get a citation right, don't issue one!	Next time, don't waste my time or the courts! If you can't get a citation right, don't issue one!
Let the record note the admission of one calibration chart into evidence.	Let the record note the admission of one calibration chart into evidence.
That's a lie, man!	That's a lie, man!
Juan Jose Ruiz.	Juan Jose Ruiz.
I told ya I'd get ya in court, esse.	I told ya I'd get ya in court, esse.
Officer Bonds, do you recall the time of day this alleged violation took place?	Officer Bonds, do you recall the time of day this alleged violation took place?
Yes.  The time is on the ticket, but it's not the CORRECT time!  My client was at home working on his hydraulic system.	Yes.  The time is on the ticket, but it's not the CORRECT time!  My client was at home working on his hydraulic system.
Officer Bonds, is your citation based on measuring Mr. Ruiz's speed against your own patrol car, but you can't produce a speedometer calibration chart for that vehicle?	Officer Bonds, is your citation based on measuring Mr. Ruiz's speed against your own patrol car, but you can't produce a speedometer calibration chart for that vehicle?
That's all I wanted to hear!	That's all I wanted to hear!
Mr. Cannon, please call your first witness in the people vs. Ruiz.	Mr. Cannon, please call your first witness in the people vs. Ruiz.
You're out of order, Mr. Ruiz! You'll have a chance to tell your side of the story in due time.	You're out of order, Mr. Ruiz! You'll have a chance to tell your side of the story in due time.
Your witness, Mr. Meyer.	Your witness, Mr. Meyer.
You may step down now, Officer Bonds.	You may step down now, Officer Bonds.
Mr. Ruiz, please step forward and be sworn in.	Mr. Ruiz, please step forward and be sworn in.
Can you briefly tell us what happened that day, Mr. Ruiz?	Can you briefly tell us what happened that day, Mr. Ruiz?
Your witness, Mr. Cannon.	Your witness, Mr. Cannon.
Do you have anything further to say, Mr. Ruiz?	Do you have anything further to say, Mr. Ruiz?
Any closing arguments?	Any closing arguments?
Then I'll proceed with my decision. You may step down, Mr. Ruiz.	Then I'll proceed with my decision. You may step down, Mr. Ruiz.
Based on Officer Bond's testimony and the evidence submitted, I find the defendant guilty.	Based on Officer Bond's testimony and the evidence submitted, I find the defendant guilty.
Based on the officer's vague recollection of the facts surrounding this citation, I find the defendant not guilty.	Based on the officer's vague recollection of the facts surrounding this citation, I find the defendant not guilty.
Obviously this Officer cannot remember anything about this incident! Case dismissed!	Obviously this Officer cannot remember anything about this incident! Case dismissed!
Court is now in session, please be seated.	Court is now in session, please be seated.
I believe the judge is in her chambers at the moment. The door should be unlocked.	I believe the judge is in her chambers at the moment. The door should be unlocked.
How can I help you?	How can I help you?
Samuel Britt, W/M cauc., D.O.B. 10/28/26, 5'10" 176lbs.	Samuel Britt, W/M cauc., D.O.B. 10/28/26, 5'10" 176lbs.
392 S. 6th St. Lytton U.S.A.	392 S. 6th St. Lytton U.S.A.
John Childs	John Childs
None.	None.
Lacerated heart and liver due to multiple stab wounds.	Lacerated heart and liver due to multiple stab wounds.
                   Based on the puncture wounds measuring 6" X 1 1/2", the instrument of death is believed to be a dagger.	                   Based on the puncture wounds measuring 6" X 1 1/2", the instrument of death is believed to be a dagger.
- DNA analysis of hair clutched in victims hand indicates "a neg." blood type of suspect.	- DNA analysis of hair clutched in victims hand indicates "a neg." blood type of suspect.
- Incisions in the shape of a pentagram were located in the lower left quadrant of the torso. Carved after death.	- Incisions in the shape of a pentagram were located in the lower left quadrant of the torso. Carved after death.
              No other existing homicides with same M.O. - Unknown cult has possibly moved into the area.	              No other existing homicides with same M.O. - Unknown cult has possibly moved into the area.
Robbery/ritualistic sacrifice based on the pentagram.	Robbery/ritualistic sacrifice based on the pentagram.
Clifford Jones, W/M caus, D.O.B. 03/15/35, 6' 190lbs.	Clifford Jones, W/M caus, D.O.B. 03/15/35, 6' 190lbs.
280 W. Palm, Lytton U.S.A.	280 W. Palm, Lytton U.S.A.
                   Puncture wounds measuring 6" X 1 1/2" indicate the weapon as being a dagger.	                   Puncture wounds measuring 6" X 1 1/2" indicate the weapon as being a dagger.
- Hair clutched in victims hand. Lab analysis blood type "a neg."	- Hair clutched in victims hand. Lab analysis blood type "a neg."
- Incisions in the shape of a pentagram were located in the lower left quadrant of the torso. The pentagram was carved after death.	- Incisions in the shape of a pentagram were located in the lower left quadrant of the torso. The pentagram was carved after death.
              The suspects, during the process of a burglary, were interrupted by the victim. A struggle ensued and the victim was murdered.	              The suspects, during the process of a burglary, were interrupted by the victim. A struggle ensued and the victim was murdered.
Burglary	Burglary
Marie Bonds, W/F, D.O.B. 03/15/55, 5'7' 110lbs.	Marie Bonds, W/F, D.O.B. 03/15/55, 5'7' 110lbs.
341 E. Rose Lytton U.S.A.	341 E. Rose Lytton U.S.A.
Sonny Bonds	Sonny Bonds
Victim in coma with multiple stab wounds.	Victim in coma with multiple stab wounds.
- Necklace clutched in victims hand. Possibly broken off suspect.	- Necklace clutched in victims hand. Possibly broken off suspect.
- Military Bronze Medal. Found under victim's car. Serial #09987	- Military Bronze Medal. Found under victim's car. Serial #09987
              The suspects were frightened off during the attempt on victim's life.	              The suspects were frightened off during the attempt on victim's life.
Robbery	Robbery
Andrew Dent, W/M, D.O.B. 03/15/35, 5'10" 187lbs.	Andrew Dent, W/M, D.O.B. 03/15/35, 5'10" 187lbs.
376 W. Rose Lytton U.S.A.	376 W. Rose Lytton U.S.A.
Multiple stab wounds with pentagram incision on torso.	Multiple stab wounds with pentagram incision on torso.
- Paint transfers, gold, possibly from suspect vehicle.	- Paint transfers, gold, possibly from suspect vehicle.
- Skin and hair samples found under victim's nails.	- Skin and hair samples found under victim's nails.
              Ritual cult murder. Associated with attempted murder of Marie Bonds.	              Ritual cult murder. Associated with attempted murder of Marie Bonds.
Cult Murder	Cult Murder
- Partially burned photo of two male caucasun, one in military attire.	- Partially burned photo of two male caucasun, one in military attire.
- Blood and hair sample found on the floor inside apparent altar setup.	- Blood and hair sample found on the floor inside apparent altar setup.
- Black insignia ring with pentagram design. Found on hand of Steve Rocklin, murder suspect.	- Black insignia ring with pentagram design. Found on hand of Steve Rocklin, murder suspect.
- Black cult book with pentagram design on cover. Found on body of Steve Rocklin, murder suspect.	- Black cult book with pentagram design on cover. Found on body of Steve Rocklin, murder suspect.
- White paint transfer found on car of Steve Rocklin.	- White paint transfer found on car of Steve Rocklin.
- Stolen property, Military Bronze Star, serial number 09987	- Stolen property, Military Bronze Star, serial number 09987
- Gold paint transfer analysis shows car to be used on General Motors sedan models, 1976.	- Gold paint transfer analysis shows car to be used on General Motors sedan models, 1976.
- Four one-pound packets of cocaine.	- Four one-pound packets of cocaine.
The hair's too straight, it was kinda wavy.	The hair's too straight, it was kinda wavy.
He wasn't bald Sonny! He had a full rug.	He wasn't bald Sonny! He had a full rug.
Did I say he had sissy hair? Change it!	Did I say he had sissy hair? Change it!
This guy didn't have a buzz cut.	This guy didn't have a buzz cut.
Why... he looks like a rock star!	Why... he looks like a rock star!
That's close...I think.	That's close...I think.
That's more like it Sonny boy.	That's more like it Sonny boy.
Naw, those eyes are too big.	Naw, those eyes are too big.
His eyes was small... kinda like those.	His eyes was small... kinda like those.
Narrower and beadier.	Narrower and beadier.
Not even close!	Not even close!
Them's pretty boy eyes.	Them's pretty boy eyes.
His eyes were closer set.	His eyes were closer set.
Them's too slanty.	Them's too slanty.
Those eyes remind me of my niece's.	Those eyes remind me of my niece's.
Those eyes look a bit sinister.	Those eyes look a bit sinister.
Too droopy, he had alert eyes.	Too droopy, he had alert eyes.
No!.. I said little beady eyes.	No!.. I said little beady eyes.
Did I say he was oriental? Change it!	Did I say he was oriental? Change it!
Reminds me of my kind mother's eyes.	Reminds me of my kind mother's eyes.
Them's beady but too far apart.	Them's beady but too far apart.
They're way too big Sonny.	They're way too big Sonny.
Now that's some evil eyes.	Now that's some evil eyes.
I said hawkish not button boy.	I said hawkish not button boy.
That's a better beak. But I think it may hav' been narrower.	That's a better beak. But I think it may hav' been narrower.
I don't think that's it.	I don't think that's it.
He didn't have a pug nose, that's fur sure.	He didn't have a pug nose, that's fur sure.
I don't know,.. maybe that could be the the shnoz!	I don't know,.. maybe that could be the the shnoz!
That's kinda like it ... I guess.	That's kinda like it ... I guess.
He didn't hav'a little tweedy-bird nose!	He didn't hav'a little tweedy-bird nose!
No that's not it at all!	No that's not it at all!
I dated a man with a cute nose like that.	I dated a man with a cute nose like that.
I couldn't see up his nose like that.	I couldn't see up his nose like that.
Nope! Too flat! I don't think your listenin' to me!	Nope! Too flat! I don't think your listenin' to me!
Close... But without the cavernous nostrils!	Close... But without the cavernous nostrils!
That nose is way too big!	That nose is way too big!
You can try that one beak there.	You can try that one beak there.
That looks like the beak to me.	That looks like the beak to me.
Could be,.. he sure looked mean.	Could be,.. he sure looked mean.
Now there's a sour one Sonny.	Now there's a sour one Sonny.
Look like someone gave him a fat lip.	Look like someone gave him a fat lip.
He didn't have lips as full as those.	He didn't have lips as full as those.
Those look like women's lips to me!	Those look like women's lips to me!
Naw, too full, He had a tight mouth.	Naw, too full, He had a tight mouth.
That's not it!	That's not it!
Hmmm!... I don't think so.	Hmmm!... I don't think so.
I don't know, could be.	I don't know, could be.
That just doesn't look right to me.	That just doesn't look right to me.
No too sweet of a mouth fur his kind.	No too sweet of a mouth fur his kind.
Them's a little too precious for this thug!	Them's a little too precious for this thug!
That's kinda' like his mouth. It was dark ya know.	That's kinda' like his mouth. It was dark ya know.
That'll do for starters.	That'll do for starters.
That makes him look kinda alien don'tcha' think?	That makes him look kinda alien don'tcha' think?
He had a little arch to his brow.	He had a little arch to his brow.
Too hairy!	Too hairy!
Did I say he had shrubs above his eyes? Change it!	Did I say he had shrubs above his eyes? Change it!
A tab bit more arch to them brows Sonny.	A tab bit more arch to them brows Sonny.
That's looks close... I think.	That's looks close... I think.
Naw them brows just don't look right.	Naw them brows just don't look right.
Nope!	Nope!
Heeeey! I think we're gettin' some where with this contraption now!	Heeeey! I think we're gettin' some where with this contraption now!
He had him a full beard.	He had him a full beard.
No he had whiskers too.	No he had whiskers too.
No, no, no!.. He looks like Zorro now!	No, no, no!.. He looks like Zorro now!
I said hairy, with a beard, boy.	I said hairy, with a beard, boy.
There...just like the ol' Generalw.	There...just like the ol' Generalw.
Taking those curves a bit fast, aren't you?	Taking those curves a bit fast, aren't you?
Those curbs just sneak right up on you, don't they?	Those curbs just sneak right up on you, don't they?
He might not have been wearing much, but it's amazing where people can hide things.  ALWAYS search your prisoners.	He might not have been wearing much, but it's amazing where people can hide things.  ALWAYS search your prisoners.
Your failure to follow correct police procedure has resulted in a $100,000,000 law suit.  Time to hit that police manual.	Your failure to follow correct police procedure has resulted in a $100,000,000 law suit.  Time to hit that police manual.
A good police officer is ALWAYS prepared.  You'll do better next time.	A good police officer is ALWAYS prepared.  You'll do better next time.
If you can't smell a rotten egg when it's sitting right next to you, how do you expect to catch criminals you don't even know?	If you can't smell a rotten egg when it's sitting right next to you, how do you expect to catch criminals you don't even know?
You've become the The Ultimate Road Kill.	You've become the The Ultimate Road Kill.
You have to take care of that oncoming traffic.  Check that manual!	You have to take care of that oncoming traffic.  Check that manual!
Your failure to report to today's officer briefing resulted in a suspension.  When duty calls... listen!	Your failure to report to today's officer briefing resulted in a suspension.  When duty calls... listen!
You failure to respond the Aspen Falls call resulted in a suspension.  An officer who doesn't report to assigned calls puts the public in danger.	You failure to respond the Aspen Falls call resulted in a suspension.  An officer who doesn't report to assigned calls puts the public in danger.
At the scene of a fire, the firechief's the man in charge.  Do as he says, and you won't get burned.	At the scene of a fire, the firechief's the man in charge.  Do as he says, and you won't get burned.
Next time you enter a suspect dwelling, make sure both you and your gun are ready!	Next time you enter a suspect dwelling, make sure both you and your gun are ready!
That was a foolish thing to do.  He wasn't worth drowning for.  Next time try to be more creative.	That was a foolish thing to do.  He wasn't worth drowning for.  Next time try to be more creative.
Don't just stand there while you're being attacked. DO something! It's called self defense.	Don't just stand there while you're being attacked. DO something! It's called self defense.
Shooting a perpetrator whose only threat to you is his mouth and fists is no way to uphold the law.  You're suspended from the L.P.D. and the press has a field day discussing 'police brutality'.	Shooting a perpetrator whose only threat to you is his mouth and fists is no way to uphold the law.  You're suspended from the L.P.D. and the press has a field day discussing 'police brutality'.
Looks to me like your suspect got the drop on you.  You need to stay on your toes.	Looks to me like your suspect got the drop on you.  You need to stay on your toes.
You Got him!  But was he the right guy?... the guy who stabbed your wife.   This question will nag you for the rest of your life.	You Got him!  But was he the right guy?... the guy who stabbed your wife.   This question will nag you for the rest of your life.
The man you killed was an allied agent reaching for his badge to I.D. himself.  Your trigger finger gets you five years in jail and kills your career.	The man you killed was an allied agent reaching for his badge to I.D. himself.  Your trigger finger gets you five years in jail and kills your career.
You're carrying a deadly weapon.  Don't use it lightly.	You're carrying a deadly weapon.  Don't use it lightly.
You let the intoxicated driver continue on his merry way and a car full of five teenagers died when he rear-ended them going ninety.   You were immediately suspended.	You let the intoxicated driver continue on his merry way and a car full of five teenagers died when he rear-ended them going ninety.   You were immediately suspended.
Your failure to respond to the highway call resulted in a suspension.  An officer who doesn't report to assigned calls puts the public in danger!	Your failure to respond to the highway call resulted in a suspension.  An officer who doesn't report to assigned calls puts the public in danger!
Your failure to respond to the mall resulted in a suspension.   An officer who doesn't report to assigned calls puts the public in danger!	Your failure to respond to the mall resulted in a suspension.   An officer who doesn't report to assigned calls puts the public in danger!
Your failure to respond to the murder scene in the alley resulted in a suspension.  An officer who doesn't report to assigned calls puts the public in danger!	Your failure to respond to the murder scene in the alley resulted in a suspension.  An officer who doesn't report to assigned calls puts the public in danger!
Your failure to respond to the scene of the fire resulted in a suspension.  An officer who doesn't report to assigned calls puts the public in danger!	Your failure to respond to the scene of the fire resulted in a suspension.  An officer who doesn't report to assigned calls puts the public in danger!
Your failure to secure the derranged man resulted in a few civilian injuries when he attacked a nearby family.  You were suspended.   If you can't handle an unarmed man, how can you expect to function when things REALLY get tough?	Your failure to secure the derranged man resulted in a few civilian injuries when he attacked a nearby family.  You were suspended.   If you can't handle an unarmed man, how can you expect to function when things REALLY get tough?
A good cop is ALWAYS prepared.	A good cop is ALWAYS prepared.
A smart cop knows that you never approach a detained vehicle from the drivers side.  Better crack open that officers Manual and bone up on correct procedures.	A smart cop knows that you never approach a detained vehicle from the drivers side.  Better crack open that officers Manual and bone up on correct procedures.
With everything you've tried, it just wasn't enough to bring Marie out of her coma.	With everything you've tried, it just wasn't enough to bring Marie out of her coma.
She remains a vegetable, leaving you to bear a heavy burden.	She remains a vegetable, leaving you to bear a heavy burden.
You shot the suspect without probable cause.  Based on the damning testimony of the witnesses you are convicted and sent to jail, where you meet an obese inmate named Popeye who makes you his "special friend".	You shot the suspect without probable cause.  Based on the damning testimony of the witnesses you are convicted and sent to jail, where you meet an obese inmate named Popeye who makes you his "special friend".
You think about Marie as the bullet rips through your chest.	You think about Marie as the bullet rips through your chest.
The last thing you here is the suspect's laughter.	The last thing you here is the suspect's laughter.
You need to refer to your officer's manual for the proper codes.	You need to refer to your officer's manual for the proper codes.
Looks like he caught you with YOUR pants down.  You shouldn't waste any time when securing a prisoner.	Looks like he caught you with YOUR pants down.  You shouldn't waste any time when securing a prisoner.
Looks like not all of the house was fortified.	Looks like not all of the house was fortified.
BUSTED! Morales gets you suspended. Try being a little faster next time.	BUSTED! Morales gets you suspended. Try being a little faster next time.
I need ta sit and rest my aching bones, kiddo!	I need ta sit and rest my aching bones, kiddo!
This is Officer Bonds.	This is Officer Bonds.
The voice on the other end says..."Bonds, this is Smith... I'm sending up a woman, Carla Reed, who said she saw something at Oak Tree Mall night before last."	The voice on the other end says..."Bonds, this is Smith... I'm sending up a woman, Carla Reed, who said she saw something at Oak Tree Mall night before last."
"Don't get too close to her though. Her breath's enough to stun an elephant.	"Don't get too close to her though. Her breath's enough to stun an elephant.
You hear a knock at the door.	You hear a knock at the door.
Hello there Sonny boy! Since you're the only one here, I guess you're the one ta yak at.	Hello there Sonny boy! Since you're the only one here, I guess you're the one ta yak at.
I need ta sit and rest my aching bones kiddo!	I need ta sit and rest my aching bones kiddo!
I wanna go home.	I wanna go home.
Speakin' of traumatic experiences, my ex-husband was a stockbroker on Wall Street. Now THERE'S a horror story for ya...	Speakin' of traumatic experiences, my ex-husband was a stockbroker on Wall Street. Now THERE'S a horror story for ya...
Speakin' of big, ugly, hairy, smelly brutes, have you heard the one about the gynecologist and the gorilla?	Speakin' of big, ugly, hairy, smelly brutes, have you heard the one about the gynecologist and the gorilla?
Speakin' of scavengin' at the mall, I bet I eat better 'n you! Last week I had sushi three times outta the dumpster next to Benny-HaHas.	Speakin' of scavengin' at the mall, I bet I eat better 'n you! Last week I had sushi three times outta the dumpster next to Benny-HaHas.
Speakin' of gettin' no respect, did you see that Dan Quayle was in town last week?	Speakin' of gettin' no respect, did you see that Dan Quayle was in town last week?
Are we just gonna gab?	Are we just gonna gab?
You ask Ms. Reed to tell you exactly what she saw at Oak Tree Mall that night.	You ask Ms. Reed to tell you exactly what she saw at Oak Tree Mall that night.
I ain't eatin' in so long, my taste buds have amnesia!	I ain't eatin' in so long, my taste buds have amnesia!
You wouldn't happen to have any caviar on you, would ya? Smoked salmon? Canned tuna? A fish stick, maybe?	You wouldn't happen to have any caviar on you, would ya? Smoked salmon? Canned tuna? A fish stick, maybe?
If I don't get some food soon,.. Say, is it getting dark in here? I-I feel...faint!	If I don't get some food soon,.. Say, is it getting dark in here? I-I feel...faint!
I was at the mall, I was. Pickin' and choosin' over the goodies in that big bin out back. Shameful what people throw away...	I was at the mall, I was. Pickin' and choosin' over the goodies in that big bin out back. Shameful what people throw away...
Ms. Reed please! Just stick to the incident with the man.	Ms. Reed please! Just stick to the incident with the man.
Outta nowheres comes this big side-of-beef type guy! Rams right inta me, he does! You'd think an old lady like me'd get a little respect!	Outta nowheres comes this big side-of-beef type guy! Rams right inta me, he does! You'd think an old lady like me'd get a little respect!
I don't ask for much - a dry spot ta lay my newspapers, a few modest hand-outs, a...	I don't ask for much - a dry spot ta lay my newspapers, a few modest hand-outs, a...
Carla? I really need you to finish telling me about the man who knocked you down.	Carla? I really need you to finish telling me about the man who knocked you down.
So I socks him, right? On his leg. Like ta have broken my hand, I did. And him - he just grins at me, right in my face. His ugly mug just grins at me lika devil or somethin'. I'll never forget that face!	So I socks him, right? On his leg. Like ta have broken my hand, I did. And him - he just grins at me, right in my face. His ugly mug just grins at me lika devil or somethin'. I'll never forget that face!
Ok Carla, That should do it. I'll take you home now. You've been a big help.	Ok Carla, That should do it. I'll take you home now. You've been a big help.
You grab the lunch.	You grab the lunch.
You give the lunch to the lady.	You give the lunch to the lady.
Peanut butter and jelly! You guys are real 'gor-mets', ain't ya? Tanks.	Peanut butter and jelly! You guys are real 'gor-mets', ain't ya? Tanks.
You have no need for that now.	You have no need for that now.
Police Quest III\nThe Kindred\n\nVersion %s\n	Police Quest III\nThe Kindred\n\nVersion %s\n
Hey Sonny. Do those keys fit anything?	Hey Sonny. Do those keys fit anything?
It appears that your partner has taken something out of the suspect car.	It appears that your partner has taken something out of the suspect car.
Five packets of cocaine fall from the trunk of the car.	Five packets of cocaine fall from the trunk of the car.
Holy Mother of God, look at this mess!	Holy Mother of God, look at this mess!
I'll get on the radio and call for support, Sonny.	I'll get on the radio and call for support, Sonny.
I'll get on the radio and let dispatch know what's going on, Sonny.	I'll get on the radio and let dispatch know what's going on, Sonny.
Go ahead. I'll take care of things out here.	Go ahead. I'll take care of things out here.
Go ahead and look around. I'll take care of directing traffic.	Go ahead and look around. I'll take care of directing traffic.
You lay a flare pattern on the road to block traffic until the accident has been cleaned up.	You lay a flare pattern on the road to block traffic until the accident has been cleaned up.
I'll take care of directing traffic.	I'll take care of directing traffic.
It's the guy from the bar alright. He won't be doing any talking though. But then, he'll never stab another man's wife in a parking lot again, either%s	It's the guy from the bar alright. He won't be doing any talking though. But then, he'll never stab another man's wife in a parking lot again, either%s
Upon opening the trunk of the car, several packets of cocaine fall to the ground. Apparently this guy had several bad vices.	Upon opening the trunk of the car, several packets of cocaine fall to the ground. Apparently this guy had several bad vices.
Hey, Sergeant!	Hey, Sergeant!
Go ahead, I'll round up the evidence, Sonny.	Go ahead, I'll round up the evidence, Sonny.
Thanks, Sergeant Bonds. I'll stay for the cleanup. You and Officer Morales can take off now.	Thanks, Sergeant Bonds. I'll stay for the cleanup. You and Officer Morales can take off now.
Ah, Bonds! What brings a Sergeant to this minor little mishap?	Ah, Bonds! What brings a Sergeant to this minor little mishap?
The stiff was a suspect on a case of mine.	The stiff was a suspect on a case of mine.
He tried to pop me in a bar back in town. We were in hot pursuit when he rolled his vehicle.	He tried to pop me in a bar back in town. We were in hot pursuit when he rolled his vehicle.
He matches the description of one Steven Rocklin. But we can't be sure until we have a positive ID.	He matches the description of one Steven Rocklin. But we can't be sure until we have a positive ID.
I see! Well, he's road pizza now. I didn't see any ID on him. Well, I'll make a positive ID and call you when I have something.	I see! Well, he's road pizza now. I didn't see any ID on him. Well, I'll make a positive ID and call you when I have something.
Thanks, Leon.	Thanks, Leon.
You search the battered body but find no identification.	You search the battered body but find no identification.
You remove the keys from the ignition.	You remove the keys from the ignition.
It's already open.	It's already open.
Your keys don't fit.	Your keys don't fit.
That won't do any good.	That won't do any good.
Pat has already gotten the rest of the equipment.	Pat has already gotten the rest of the equipment.
You haven't finished up here. Don't leave yet.	You haven't finished up here. Don't leave yet.
Morales ignores you.	Morales ignores you.
You can't shoot your partner in cold blood, Sonny.	You can't shoot your partner in cold blood, Sonny.
You've had one ambulance ride too many this week!	You've had one ambulance ride too many this week!
The attendant is busy looking over the scene.	The attendant is busy looking over the scene.
Leon just looks at you and shakes his head.	Leon just looks at you and shakes his head.
You don't need the camera.	You don't need the camera.
You have a full flare box.	You have a full flare box.
There are no flares in the flare box.	There are no flares in the flare box.
OOPS we shouldn't have gotten here with the flares.	OOPS we shouldn't have gotten here with the flares.
You have no use for the flares right now.	You have no use for the flares right now.
Your flare box is already full!	Your flare box is already full!
You hear the man yell to you... "Police officer!"	You hear the man yell to you... "Police officer!"
There's a large man getting out of the car to meet you.	There's a large man getting out of the car to meet you.
The man has something in his hand that you cannot identify.	The man has something in his hand that you cannot identify.
I was tailing a drug runner. I couldn't I.D. myself on the road.	I was tailing a drug runner. I couldn't I.D. myself on the road.
Damn! Maybe I can still catch up. Are we kosher, here?	Damn! Maybe I can still catch up. Are we kosher, here?
Go get him. Sorry if I screwed you up.	Go get him. Sorry if I screwed you up.
Hell, I was speeding. You didn't know me from Adam. I'm outta here.	Hell, I was speeding. You didn't know me from Adam. I'm outta here.
Sir, you seem to be driving a bit erratically.   I need to see your driver's license.	Sir, you seem to be driving a bit erratically.   I need to see your driver's license.
As he fumbles through his wallet getting his license, you think to yourself...	As he fumbles through his wallet getting his license, you think to yourself...
It's obvious by looking, this man is inebriated.	It's obvious by looking, this man is inebriated.
Have you been drinking, sir?	Have you been drinking, sir?
Juss acouple	Juss acouple
Shhaayy *hiccup* Occifer, whaddaya shhaayy we polissshhh off abodola bourbon to-togethherr?	Shhaayy *hiccup* Occifer, whaddaya shhaayy we polissshhh off abodola bourbon to-togethherr?
You think to yourself... "If I continue inhaling the pollution this man is exhaling, my lungs will be worse off than the ozone layer."	You think to yourself... "If I continue inhaling the pollution this man is exhaling, my lungs will be worse off than the ozone layer."
Would you please step out of the car, sir, and perform a field sobriety test?	Would you please step out of the car, sir, and perform a field sobriety test?
What..*hic* .. ever you shhaayy ocifer.	What..*hic* .. ever you shhaayy ocifer.
Sir! I want you to follow my finger with your eyes from side to side without moving your head.	Sir! I want you to follow my finger with your eyes from side to side without moving your head.
"Okay" he says.	"Okay" he says.
"Holy smokes!" you think to yourself, "this poor guy is plowed!"	"Holy smokes!" you think to yourself, "this poor guy is plowed!"
Obviously, this man is too drunk to be driving.	Obviously, this man is too drunk to be driving.
YUCK!	YUCK!
Sir, I have to take you into custody for driving under the influence.	Sir, I have to take you into custody for driving under the influence.
Please place your hands on the hood of the car.	Please place your hands on the hood of the car.
Please step over to the patrol car.	Please step over to the patrol car.
Sir... based on the test I've given you (and the puke all over my shoes)...	Sir... based on the test I've given you (and the puke all over my shoes)...
... it is obvious that you are intoxicated and in no condition to drive. I'm going to have to place you under arrest.	... it is obvious that you are intoxicated and in no condition to drive. I'm going to have to place you under arrest.
The drunk just sways in front of you.	The drunk just sways in front of you.
The intoxicated gentleman just weaves in front of you.	The intoxicated gentleman just weaves in front of you.
He's sitting quietly in the patrol car.	He's sitting quietly in the patrol car.
It's a good thing he has a car to lean on.	It's a good thing he has a car to lean on.
"Damn" you think to yourself, "I left my cuffs back at the Booking Office."	"Damn" you think to yourself, "I left my cuffs back at the Booking Office."
Don't bother. He's too incoherent.	Don't bother. He's too incoherent.
You're one sick puppy, Bonds.	You're one sick puppy, Bonds.
Sir, I pulled you over because you were driving too slow in the fast lane and traffic was backing up behind you.	Sir, I pulled you over because you were driving too slow in the fast lane and traffic was backing up behind you.
You finish by requesting his driver's license and registration.	You finish by requesting his driver's license and registration.
Whatchu talkin' `bout man? You guys always just want to hassle me!	Whatchu talkin' `bout man? You guys always just want to hassle me!
Say esse, you can check out my ride.   I have a brand new smoglia device.  Jus' don't lean on my new paint job.	Say esse, you can check out my ride.   I have a brand new smoglia device.  Jus' don't lean on my new paint job.
After checking the registration, you hand it back to him and he says...	After checking the registration, you hand it back to him and he says...
You pigs are all the same man!	You pigs are all the same man!
I am going to issue you a citation for impeding traffic.	I am going to issue you a citation for impeding traffic.
I can not belief this man, I was jus' trying to keep from getting bugs all over my new flame job man.	I can not belief this man, I was jus' trying to keep from getting bugs all over my new flame job man.
After handing the ticket and his license to Mr. Ruiz, he says...	After handing the ticket and his license to Mr. Ruiz, he says...
Iieee! Man, you pigs make me want to puke, man!	Iieee! Man, you pigs make me want to puke, man!
I'll see you in the people's court, man!	I'll see you in the people's court, man!
Judge Wapner will take care of you, esse!	Judge Wapner will take care of you, esse!
And you have a nice day, sir.	And you have a nice day, sir.
Well main! What chu going to do, write me a teeket or jus stand and loook at me?	Well main! What chu going to do, write me a teeket or jus stand and loook at me?
Better write this guy a ticket and get on with life!	Better write this guy a ticket and get on with life!
You decide not to issue Mr. Ruiz a citation. Handing him his license you say...	You decide not to issue Mr. Ruiz a citation. Handing him his license you say...
Mr. Ruiz, I'm going to let you go with a warning this time. Just drive with the flow of traffic from now on.	Mr. Ruiz, I'm going to let you go with a warning this time. Just drive with the flow of traffic from now on.
Alright esse! Thanks man. Sorry `bout that pig thing man!	Alright esse! Thanks man. Sorry `bout that pig thing man!
And you have a good day, sir.	And you have a good day, sir.
He doesn't look too pleased. Better get on with it.	He doesn't look too pleased. Better get on with it.
What are you going to do? Kick the tires?	What are you going to do? Kick the tires?
Good Lord! Where'd YOU come from? Ya musta fell from outta the sky, man, 'cause I never saw ya!	Good Lord! Where'd YOU come from? Ya musta fell from outta the sky, man, 'cause I never saw ya!
Sir, I'll need to see your driver's license and vehicle registration please.	Sir, I'll need to see your driver's license and vehicle registration please.
Do you know why I stopped you?	Do you know why I stopped you?
I know, I know. I was speedin'. I had ta do it, man. See, I'm on my way ta see this beautifully constructed female. A real Nubian Queen! Know what I mean?	I know, I know. I was speedin'. I had ta do it, man. See, I'm on my way ta see this beautifully constructed female. A real Nubian Queen! Know what I mean?
Try ta picture it, Officer! She's got these LEGS.... Have mercy! They go ALL the way up! Can I help it if I'm a sucka for beauty?	Try ta picture it, Officer! She's got these LEGS.... Have mercy! They go ALL the way up! Can I help it if I'm a sucka for beauty?
See, it was takin' WAY too long ta get ta her house. Another ten minutes and I wouldna been able to drive at all. You know what I mean... don't you, Officer?	See, it was takin' WAY too long ta get ta her house. Another ten minutes and I wouldna been able to drive at all. You know what I mean... don't you, Officer?
I'm sure ya wouldn't want a man in my condition drivin' around causin' accidents, now would ya? I was jus' tryin' ta get off - the road, that is.	I'm sure ya wouldn't want a man in my condition drivin' around causin' accidents, now would ya? I was jus' tryin' ta get off - the road, that is.
I'm sorry, Mr. Hanley. I sympathize with you, but you're going to have to be more responsible when you're operating a moving vehicle.	I'm sorry, Mr. Hanley. I sympathize with you, but you're going to have to be more responsible when you're operating a moving vehicle.
Gotta give me a ticket, huh? Well, that's what I get for bein' a hero. Yer jus' doin' yer job. Am I OK to go now?	Gotta give me a ticket, huh? Well, that's what I get for bein' a hero. Yer jus' doin' yer job. Am I OK to go now?
You're all set. Slow it down and have a good evening.	You're all set. Slow it down and have a good evening.
Oh, I WILL!	Oh, I WILL!
Mr. Hanley, if you promise to slow it down, I'll give you a warning.	Mr. Hanley, if you promise to slow it down, I'll give you a warning.
Whoa! No kiddin'?! That's what I call a man lookin' out for another man - keepin' all the beauties in life satisfied! Know what I mean?	Whoa! No kiddin'?! That's what I call a man lookin' out for another man - keepin' all the beauties in life satisfied! Know what I mean?
I hear ya. Slow it down and have a good evening.	I hear ya. Slow it down and have a good evening.
Yea right dude.	Yea right dude.
Okay, boss man, you handle it!	Okay, boss man, you handle it!
Why is the violator refusing to sign the ticket?	Why is the violator refusing to sign the ticket?
Who knows!  Geez!  First I get this stupid cow, now I have ta deal with you, too!	Who knows!  Geez!  First I get this stupid cow, now I have ta deal with you, too!
This policy about calling a supervisor for failure to sign SUCKS!	This policy about calling a supervisor for failure to sign SUCKS!
Look, I don't need ya!  I'm taking her downtown.	Look, I don't need ya!  I'm taking her downtown.
No, you're not.  You're going to stand right here until I have a chance to talk to the violator.	No, you're not.  You're going to stand right here until I have a chance to talk to the violator.
Alright, Morales, the violator said you were abusive and rude.  Why don't I have a hard time believing that?	Alright, Morales, the violator said you were abusive and rude.  Why don't I have a hard time believing that?
Look, Sarge, it's obvious the lady's hysterical.  She'd pop off if ya looked at her funny.	Look, Sarge, it's obvious the lady's hysterical.  She'd pop off if ya looked at her funny.
She's been belligerent and hostile ever since I stopped her.  She's beggin' for a night in jail.	She's been belligerent and hostile ever since I stopped her.  She's beggin' for a night in jail.
So whaddaya gonna do, boss man?	So whaddaya gonna do, boss man?
INCARCERATE-Take her to jail, Pat.\n\nSIGNATURE-I'll witness her failure to sign.\n	INCARCERATE-Take her to jail, Pat.\n\nSIGNATURE-I'll witness her failure to sign.\n
Wisely and correctly you write, "Refusal to sign" in the signature box.	Wisely and correctly you write, "Refusal to sign" in the signature box.
Geez!  Where'd ya get your training? Charm school?  Just let her walk all over you...why doncha?!	Geez!  Where'd ya get your training? Charm school?  Just let her walk all over you...why doncha?!
Brilliant deduction, Sherlock.  Like I said before, I was already set to take her downtown.	Brilliant deduction, Sherlock.  Like I said before, I was already set to take her downtown.
The excitement and trauma of the incident was more than enough to induce the woman's labor.	The excitement and trauma of the incident was more than enough to induce the woman's labor.
The complications that resulted were sufficient to bring a sizeable lawsuit against the department.	The complications that resulted were sufficient to bring a sizeable lawsuit against the department.
Sonny ends up with non-compensated days off.	Sonny ends up with non-compensated days off.
Looking at the young lady you see that she's pregnant and nearly full term.	Looking at the young lady you see that she's pregnant and nearly full term.
You introduce yourself to the woman and say...	You introduce yourself to the woman and say...
Your signature on the citation is not an admission of guilt, Ma'am, only your promise to appear.	Your signature on the citation is not an admission of guilt, Ma'am, only your promise to appear.
I don't care!  You think I'm afraid to sign a stupid ticket?  If it was a check for $10,000, I wouldn't sign it for that witch over there!	I don't care!  You think I'm afraid to sign a stupid ticket?  If it was a check for $10,000, I wouldn't sign it for that witch over there!
I can't believe the L.P.D. would allow someone like her to patrol our streets!  What a waste of our tax money!	I can't believe the L.P.D. would allow someone like her to patrol our streets!  What a waste of our tax money!
She's rude, abusive, and insulting!   I refuse to sign a ticket for anybody who calls me fat girl!!	She's rude, abusive, and insulting!   I refuse to sign a ticket for anybody who calls me fat girl!!
Would you please reconsider and sign the citation?	Would you please reconsider and sign the citation?
Hell NO!!  Take me to jail!	Hell NO!!  Take me to jail!
"What should I do with this lady?", you think.	"What should I do with this lady?", you think.
Looking at the young lady, you see that she's pregnant and nearly full term.	Looking at the young lady, you see that she's pregnant and nearly full term.
What are you looking at?  Why don't you go talk to your "witch in blue" over there?	What are you looking at?  Why don't you go talk to your "witch in blue" over there?
The woman only winces, as though the emotion of the situation is causing her physical stress.	The woman only winces, as though the emotion of the situation is causing her physical stress.
You've already taken care of the situation.  You had better get back on patrol.	You've already taken care of the situation.  You had better get back on patrol.
The officer is waiting.	The officer is waiting.
I don't think the officer would appreciate you touching her.	I don't think the officer would appreciate you touching her.
I sympathize, but Sonny wouldn't do that.	I sympathize, but Sonny wouldn't do that.
Using force on the violator will only get you in some very hot water.	Using force on the violator will only get you in some very hot water.
Do you think she really cares about that?	Do you think she really cares about that?
Meanwhile, at the OakTree Mall, Sonny's wife, Marie is just getting off work.	Meanwhile, at the OakTree Mall, Sonny's wife, Marie is just getting off work.
Guess it's time to call it a day. Before you close out your shift, you head over to the hospital to see Marie.	Guess it's time to call it a day. Before you close out your shift, you head over to the hospital to see Marie.
Sonny Bonds, please report to the briefing room.	Sonny Bonds, please report to the briefing room.
Sonny Bonds, please call dispatch at once.	Sonny Bonds, please call dispatch at once.
Sure I'll tell him.	Sure I'll tell him.
Hey Sonny, dispatch needs you to drive out to Aspen Falls to respond to a call. All other units are occupied.	Hey Sonny, dispatch needs you to drive out to Aspen Falls to respond to a call. All other units are occupied.
You have reached a number that is no longer in service.	You have reached a number that is no longer in service.
No answer.	No answer.
Lytton Daily News. May I help you.	Lytton Daily News. May I help you.
You identify yourself, describe Marie's attack, and request help from the paper in locating a witness.	You identify yourself, describe Marie's attack, and request help from the paper in locating a witness.
Yes Sir, Officer. We'll get that in the very next edition. And... good luck, Sir.	Yes Sir, Officer. We'll get that in the very next edition. And... good luck, Sir.
We already put it on the air, Bonds	We already put it on the air, Bonds
The voice on the other end says... "Dispatch, can I help you?"	The voice on the other end says... "Dispatch, can I help you?"
You advise dispatch to broadcast an all points bulletin for the possible suspect vehicle.	You advise dispatch to broadcast an all points bulletin for the possible suspect vehicle.
You discribe the vehicle as being a gold General Motors sedan with possible white paint transfers.	You discribe the vehicle as being a gold General Motors sedan with possible white paint transfers.
You also advise that the occupants may be armed and dangerous and to approach with caution.	You also advise that the occupants may be armed and dangerous and to approach with caution.
"I've got it all," she says. "I'll put this out on the air immediately!"	"I've got it all," she says. "I'll put this out on the air immediately!"
Dispatch: "Sonny, we need you to drive out to Aspen Falls to respond to a call. All other units are occupied."	Dispatch: "Sonny, we need you to drive out to Aspen Falls to respond to a call. All other units are occupied."
Respond to an assault at the 300 block of east Rose,... the Oak Tree Mall.	Respond to an assault at the 300 block of east Rose,... the Oak Tree Mall.
If you don't have a reason to call, don't.	If you don't have a reason to call, don't.
You boob!  You're already there!	You boob!  You're already there!
Prisoners are not allowed upstairs.	Prisoners are not allowed upstairs.
Prisoners aren't allowed upstairs - especially half-naked ones!	Prisoners aren't allowed upstairs - especially half-naked ones!
You already have the elevator's complete attention.	You already have the elevator's complete attention.
Its amazing how buttons - like that one - are so ideally suited to the human HAND.	Its amazing how buttons - like that one - are so ideally suited to the human HAND.
Unless dispatch has someplace for you to go, you better stick around and do sergeant stuff.	Unless dispatch has someplace for you to go, you better stick around and do sergeant stuff.
 Global %d: %s 	 Global %d: %s 
 Global %d: %d 	 Global %d: %d 
view: %d\nloop: %d\ncel: %d\nposn: %d %d %d\nheading: %d\npri: %d\nsignal: $%x\nillBits: $%x\nnormal: %d\nOnControl: $%x\nOrigin on: $%x\n	view: %d\nloop: %d\ncel: %d\nposn: %d %d %d\nheading: %d\npri: %d\nsignal: $%x\nillBits: $%x\nnormal: %d\nOnControl: $%x\nOrigin on: $%x\n
Sorry, no ego in cast.	Sorry, no ego in cast.
NAME: %s\nclass: %s\nview: %d\nloop: %d\ncel: %d\nposn: %d %d %d\nheading: %d\npri: %d\nsignal: $%x\nillBits: $%x\n	NAME: %s\nclass: %s\nview: %d\nloop: %d\ncel: %d\nposn: %d %d %d\nheading: %d\npri: %d\nsignal: $%x\nillBits: $%x\n
Debug On	Debug On
Debug Off	Debug Off
Current Room: %d\nname: %s\nscript: %s\nhorizon: %d\nvanishing X: %d\nvanishing Y: %d\npic angle: %d\nnorth: %d\nsouth: %d\neast: %d\nwest: %d\nstyle: %d\ncurrent pic: %d 	Current Room: %d\nname: %s\nscript: %s\nhorizon: %d\nvanishing X: %d\nvanishing Y: %d\npic angle: %d\nnorth: %d\nsouth: %d\neast: %d\nwest: %d\nstyle: %d\ncurrent pic: %d 
vanishing x: %d  y: %d	vanishing x: %d  y: %d
Flag is set.	Flag is set.
Flag is clear.	Flag is clear.
The %s looks like any other %s.	The %s looks like any other %s.
You clicked inv item %s on %s.	You clicked inv item %s on %s.
The %s has nothing to say.	The %s has nothing to say.
%s.mem	%s.mem
%s.log	%s.log
Log file "%s" exists	Log file "%s" exists
error: couldn't open %s	error: couldn't open %s
Severity of bug...	Severity of bug...
QA-COMMENT%d	QA-COMMENT%d
Comment line %d of %d:	Comment line %d of %d:
Who can fix bug...	Who can fix bug...
couldn't open memory file %s!	couldn't open memory file %s!
%ssg.dir	%ssg.dir
New save-game directory:	New save-game directory:
%s\nis not a valid directory	%s\nis not a valid directory
You must type a description for the game.	You must type a description for the game.
File: %s	File: %s
Your save game disk is full. You must either use another disk or save over an existing saved game.	Your save game disk is full. You must either use another disk or save over an existing saved game.
That game was saved under a different interpreter. It cannot be restored.	That game was saved under a different interpreter. It cannot be restored.
Please insert your %s disk in drive %s.	Please insert your %s disk in drive %s.
%s\n[Collection of size %d]	%s\n[Collection of size %d]
%s\n[List of size %d]	%s\n[List of size %d]
%s\n[Set of size %d]	%s\n[Set of size %d]
It's you, Sonny.	It's you, Sonny.
x.yyy.zzz	x.yyy.zzz
Restore	Restore
Restart	Restart
    Quit    	    Quit    
wSelect this Icon to close this window.	wSelect this Icon to close this window.
Select this Icon to close this window.	Select this Icon to close this window.
Select this Icon then select an inventory item you'd like a description of.	Select this Icon then select an inventory item you'd like a description of.
Allows you to select an item.	Allows you to select an item.
A Computer ID request form.	A Computer ID request form.
Your Baretta nine millimeter handgun.	Your Baretta nine millimeter handgun.
Your handcuffs are made of stainless steel.	Your handcuffs are made of stainless steel.
the nut's keys.	the nut's keys.
Pat's keys and the duplicate key.	Pat's keys and the duplicate key.
Rocklin's keys and the duplicate key.	Rocklin's keys and the duplicate key.
the duplicate key.	the duplicate key.
Pat's keys.	Pat's keys.
Rocklin's keys.	Rocklin's keys.
Your regulation flashlight.	Your regulation flashlight.
Music box.	Music box.
Camera.	Camera.
Search warrant.	Search warrant.
judicial order.	judicial order.
Calibration chart.	Calibration chart.
A manila envelope.	A manila envelope.
Toilet paper.	Toilet paper.
Gun locker key.	Gun locker key.
Flashlight batteries.	Flashlight batteries.
Highway flares.	Highway flares.
PR24 night stick.	PR24 night stick.
A knife.	A knife.
It's the complaint form that was filed against Officer Morales.	It's the complaint form that was filed against Officer Morales.
Ticket book.	Ticket book.
Computer access card.	Computer access card.
Electronic tracking device.	Electronic tracking device.
A ticket.	A ticket.
Michael Bains' military record.	Michael Bains' military record.
Murder file.	Murder file.
Note Book.	Note Book.
A broken chain.	A broken chain.
Sample envelope with a white paint sample in it.	Sample envelope with a white paint sample in it.
Sample envelope with a gold paint sample in it.	Sample envelope with a gold paint sample in it.
Sample envelope with skin & hair samples in it.	Sample envelope with skin & hair samples in it.
Sample envelope with blood & hair samples in it.	Sample envelope with blood & hair samples in it.
Empty sample envelopes.	Empty sample envelopes.
On the back of the bronze star is a number:\n       09987.	On the back of the bronze star is a number:\n       09987.
Cult ring.	Cult ring.
News article about you.  A pentagram has been drawn over your face	News article about you.  A pentagram has been drawn over your face
A rose.	A rose.
Marie's locket.	Marie's locket.
The reporter's business card.\nHis phone number is 555-0707.	The reporter's business card.\nHis phone number is 555-0707.
Scraper for evidence gathering.	Scraper for evidence gathering.
Toothpicks for evidence gathering.	Toothpicks for evidence gathering.
TV Remote Control	TV Remote Control
This icon is for walking.	This icon is for walking.
This icon is for looking.	This icon is for looking.
This icon is for doing.	This icon is for doing.
This icon is for talking.	This icon is for talking.
This icon shows the currently selected inventory item.	This icon shows the currently selected inventory item.
This icon displays the inventory window.	This icon displays the inventory window.
This icon displays your current score.	This icon displays your current score.
This icon displays the control panel.	This icon displays the control panel.
This icon tells you about other icons.	This icon tells you about other icons.
The graphics detail level.	The graphics detail level.
Overall sound volume.	Overall sound volume.
The speed at which Sonny moves.	The speed at which Sonny moves.
Allows you to save your game.	Allows you to save your game.
Allows you to restore a previously saved game.	Allows you to restore a previously saved game.
Allows you to restart the game.	Allows you to restart the game.
Allows you to quit the game.	Allows you to quit the game.
Information about the game.	Information about the game.
Returns you to the game.	Returns you to the game.
Jim's Mouth	Jim's Mouth
Jim's Hand	Jim's Hand
Jim's Eye	Jim's Eye
The City	The City
Graduation	Graduation
He has a wild look in his eye.	He has a wild look in his eye.
He is still wobbling.	He is still wobbling.
Booking Doors	Booking Doors
The automatic doors lead to Prisoner Booking and the Jail.	The automatic doors lead to Prisoner Booking and the Jail.
Evidence Doors	Evidence Doors
That door leads to Evidence Lockup and Lab Analysis.	That door leads to Evidence Lockup and Lab Analysis.
Gun Locker	Gun Locker
The lockers are for storing your weapons before entering the jail.	The lockers are for storing your weapons before entering the jail.
Locker Door	Locker Door
The sign reads 'Lytton County Police Department'.	The sign reads 'Lytton County Police Department'.
You're in the underground garage at the Lytton County Police Department's new building.	You're in the underground garage at the Lytton County Police Department's new building.
Patrol Car	Patrol Car
The marked patrol car is used by uniformed officers on duty.	The marked patrol car is used by uniformed officers on duty.
patrol car door	patrol car door
patrol car trunk	patrol car trunk
Unmarked Car	Unmarked Car
The unmarked department car is used by non-uniformed officers on duty.	The unmarked department car is used by non-uniformed officers on duty.
unmarked car door	unmarked car door
unmarked car trunk	unmarked car trunk
Pat Morales, your partner.	Pat Morales, your partner.
It's the light switch for the garage.	It's the light switch for the garage.
Behind the protective glass is Officer Smith, the booking officer.	Behind the protective glass is Officer Smith, the booking officer.
You idly wonder if this guy will even make it through one night in the jail, or whether they'll ship him right out to the mental institute.	You idly wonder if this guy will even make it through one night in the jail, or whether they'll ship him right out to the mental institute.
You'll be glad when this prisoner's through booking and in a cell where he can sleep it off.	You'll be glad when this prisoner's through booking and in a cell where he can sleep it off.
You pass a prisoner's personal items in through the drop drawer.	You pass a prisoner's personal items in through the drop drawer.
That door leads to the transfer holding cell. Once you walk through that door you're officially a prisoner of Lytton county until a judge decides otherwise.	That door leads to the transfer holding cell. Once you walk through that door you're officially a prisoner of Lytton county until a judge decides otherwise.
The "Gas Chromatograph." This machine measures the blood alcohol content of breath samples.	The "Gas Chromatograph." This machine measures the blood alcohol content of breath samples.
Sonny	Sonny
A counter and storage cabinets line one wall of the booking room.	A counter and storage cabinets line one wall of the booking room.
the room	the room
The booking room is clean and sparsely furnished.	The booking room is clean and sparsely furnished.
A pay phone provides a means for outside calls.	A pay phone provides a means for outside calls.
towel dispenser	towel dispenser
There's a towel dispenser for cleanups. It's not uncommon for prisoners to leave bodily fluids of one kind or another on the floor.	There's a towel dispenser for cleanups. It's not uncommon for prisoners to leave bodily fluids of one kind or another on the floor.
evidence officer	evidence officer
Officer Martha Gibbs has been the Evidence Officer for two years.	Officer Martha Gibbs has been the Evidence Officer for two years.
That stuff belongs to Officer Gibbs' and is of no concern to you.	That stuff belongs to Officer Gibbs' and is of no concern to you.
This is Evidence Lockup. Physical evidence is deposited here for analysis and safekeeping.	This is Evidence Lockup. Physical evidence is deposited here for analysis and safekeeping.
This slot is where you put items you wish to check into Evidence.	This slot is where you put items you wish to check into Evidence.
Storage Door	Storage Door
That's the door to the storage closet.	That's the door to the storage closet.
storage closet	storage closet
The closet is cluttered with boxes.	The closet is cluttered with boxes.
There's a box of road flares in the closet.	There's a box of road flares in the closet.
Batteries	Batteries
There's an open box of batteries in the closet.	There's an open box of batteries in the closet.
Mr. Stumps, the janitor, is good-natured and hard-working.	Mr. Stumps, the janitor, is good-natured and hard-working.
That's Mr. Stumps' janitorial cart.	That's Mr. Stumps' janitorial cart.
fire hydrant	fire hydrant
It's a fire extinguisher.	It's a fire extinguisher.
smoke detectors	smoke detectors
The smoke detectors help protect the building from fire.	The smoke detectors help protect the building from fire.
men's sign	men's sign
The sign reads 'Men'.	The sign reads 'Men'.
women's sign	women's sign
The sign reads 'Women'.	The sign reads 'Women'.
the entrance	the entrance
That's the entrance to the men's locker room.	That's the entrance to the men's locker room.
That's the entrance to the women's locker room.	That's the entrance to the women's locker room.
the window	the window
The window overlooks scenic downtown Lytton.	The window overlooks scenic downtown Lytton.
the carpet	the carpet
The floor's color is policeman blue.	The floor's color is policeman blue.
light switch	light switch
That's a light switch.	That's a light switch.
You're standing in the first floor hallway of the Lytton County Police Department.	You're standing in the first floor hallway of the Lytton County Police Department.
locker door	locker door
That's your locker.	That's your locker.
toilet paper.	toilet paper.
toilet.	toilet.
Just your regular ol' run-of-the-mill john.	Just your regular ol' run-of-the-mill john.
stall door	stall door
The toilet stalls lend a pleasant ambiance to the locker room.	The toilet stalls lend a pleasant ambiance to the locker room.
You store some of your equipment in this locker.	You store some of your equipment in this locker.
This is your PR\\24 (nightstick).	This is your PR\\24 (nightstick).
ticket book	ticket book
This is your notebook.	This is your notebook.
This is your flashlight.	This is your flashlight.
dial lock	dial lock
 Looks as if the janitor is having trouble with your handy work. That should keep him busy for quite a while.	 Looks as if the janitor is having trouble with your handy work. That should keep him busy for quite a while.
This is the men's locker room. Hence, the lockers.	This is the men's locker room. Hence, the lockers.
The benches provide a place to sit while you're getting dressed.	The benches provide a place to sit while you're getting dressed.
You're standing in the men's locker room.	You're standing in the men's locker room.
That's Pat Morales' locker.	That's Pat Morales' locker.
If you've seen one stall, you've seen them all.	If you've seen one stall, you've seen them all.
Unbelievable! It looks like Morales has been stealing packets of cocaine.	Unbelievable! It looks like Morales has been stealing packets of cocaine.
This is the women's locker room. Hence, the lockers.	This is the women's locker room. Hence, the lockers.
The benches provide a place to sit while getting dressed.	The benches provide a place to sit while getting dressed.
Sergeant's Door	Sergeant's Door
That's the door to the Homicide office.	That's the door to the Homicide office.
The station's public address system.	The station's public address system.
That's Homicide's hall window.	That's Homicide's hall window.
bulletin board	bulletin board
The bulletin board is where people post articles of interest, personal ads, and chinese restaurant business cards.	The bulletin board is where people post articles of interest, personal ads, and chinese restaurant business cards.
Hmm, 'policeman blue'.	Hmm, 'policeman blue'.
You're in the hallway of the second level of the Lytton Police Station. Several office doors line the hallway.	You're in the hallway of the second level of the Lytton Police Station. Several office doors line the hallway.
You are standing in the elevator.	You are standing in the elevator.
Briefing's Room Door	Briefing's Room Door
That's the door to the Briefing Room.	That's the door to the Briefing Room.
Psychologist's Door	Psychologist's Door
That's the door to the Criminal Psychologist's office.	That's the door to the Criminal Psychologist's office.
locked door	locked door
That's the door to Vice.	That's the door to Vice.
The window is in the Vice Office.	The window is in the Vice Office.
The window is in the Psychologist's Office. The blinds are shut.	The window is in the Psychologist's Office. The blinds are shut.
It's a smoke detector! A small label on the side reads: "For best results, hold directly over flame".	It's a smoke detector! A small label on the side reads: "For best results, hold directly over flame".
In/Out basket.	In/Out basket.
a Computer.	a Computer.
Your computer occupies the center of your desk. In this business, the computer is an indispensible tool.	Your computer occupies the center of your desk. In this business, the computer is an indispensible tool.
sergeant's room	sergeant's room
This is the Sergeant's office.	This is the Sergeant's office.
Your desk is neat and orderly - probably because you don't spend a lot of time here.	Your desk is neat and orderly - probably because you don't spend a lot of time here.
your phone	your phone
Your phone sits silently on your desk.	Your phone sits silently on your desk.
Lt's desk	Lt's desk
That desk belongs to the Lieutenant.	That desk belongs to the Lieutenant.
That's the Lieutenant's stuff.	That's the Lieutenant's stuff.
garbage can	garbage can
It's a garbage can.	It's a garbage can.
The bulletin board in here has information so old, there's a missing person bulletin about Jimmy Hoffa.	The bulletin board in here has information so old, there's a missing person bulletin about Jimmy Hoffa.
filing cabinets	filing cabinets
Those are file drawers.	Those are file drawers.
Ah, some of the fine art displayed here at the Lytton County Police Department!	Ah, some of the fine art displayed here at the Lytton County Police Department!
Pat Morales	Pat Morales
It's your good ole, well-worn chair.	It's your good ole, well-worn chair.
That chair's for your visitors.	That chair's for your visitors.
That chair belongs to the Lieutenant.	That chair belongs to the Lieutenant.
The bookcase contains law reference materials.	The bookcase contains law reference materials.
It's a computer.	It's a computer.
That's the power switch.	That's the power switch.
That's the computer monitor.	That's the computer monitor.
That's the computer access card slot.	That's the computer access card slot.
The door leads back into the hallway.	The door leads back into the hallway.
A phone.	A phone.
Your partner, Pat Morales, is an attractive, but tough-looking woman.	Your partner, Pat Morales, is an attractive, but tough-looking woman.
The captain's chair.	The captain's chair.
Captain Tate runs the Homicide division for L.P.D.	Captain Tate runs the Homicide division for L.P.D.
The homicide room.	The homicide room.
A guest chair.	A guest chair.
Captain Tate's desk is well organized - as usual.	Captain Tate's desk is well organized - as usual.
The window looks out into the hallway.	The window looks out into the hallway.
The graph on the wall charts homicides for the past three years. Like inflation, the crime-rate rises steadily.	The graph on the wall charts homicides for the past three years. Like inflation, the crime-rate rises steadily.
The bookcase has old paperbacks and phone books in it. Nothing interests you.	The bookcase has old paperbacks and phone books in it. Nothing interests you.
The file cabinet belongs to the captain. He always keeps it locked.	The file cabinet belongs to the captain. He always keeps it locked.
OIC Head	OIC Head
Kevin Miller	Kevin Miller
That's Officer Kevin Miller. He's one of the old-school cops.	That's Officer Kevin Miller. He's one of the old-school cops.
Carl Law	Carl Law
That's Officer Carl Law. Carl's a real cut-up.	That's Officer Carl Law. Carl's a real cut-up.
Joseph Banks	Joseph Banks
That's Officer Joseph Banks. Young, smart, and takes his job very seriously.	That's Officer Joseph Banks. Young, smart, and takes his job very seriously.
The clipboard contains the notes for today's briefing.	The clipboard contains the notes for today's briefing.
The female officer is Pat Morales. You hear she's a tough cookie.	The female officer is Pat Morales. You hear she's a tough cookie.
The chairs are for the officers attending the briefing.	The chairs are for the officers attending the briefing.
The door leads back to the hall.	The door leads back to the hall.
Soothing, isn't it?	Soothing, isn't it?
The chalkboard has nothing important on it at this time.	The chalkboard has nothing important on it at this time.
The podium is used for giving briefings.	The podium is used for giving briefings.
The message board is where the daily briefing notes are posted after the briefing.	The message board is where the daily briefing notes are posted after the briefing.
The tables are for the officers attending the briefing.	The tables are for the officers attending the briefing.
This is the briefing room. The junior officers meet here for news, reminders, and the occasional reprimands.	This is the briefing room. The junior officers meet here for news, reminders, and the occasional reprimands.
Dr. Aimes is one of those intellectual types. Not a bad guy, but a little patronizing.	Dr. Aimes is one of those intellectual types. Not a bad guy, but a little patronizing.
It's one of those mindless excutive toys.	It's one of those mindless excutive toys.
It's one of those mindless executive toys.	It's one of those mindless executive toys.
Dr. Aimes' chair is made of soft Corinthian leather.	Dr. Aimes' chair is made of soft Corinthian leather.
That's Doctor Aimes' desk. There's a file on the desk.	That's Doctor Aimes' desk. There's a file on the desk.
It is a personnel file.	It is a personnel file.
The proverbial 'confessing couch'.	The proverbial 'confessing couch'.
A window overlooks the parking lot. The blinds are drawn.	A window overlooks the parking lot. The blinds are drawn.
It's a theory receptacle.	It's a theory receptacle.
Dr. Aimes provides a chair for those who feel silly lying down.	Dr. Aimes provides a chair for those who feel silly lying down.
The filing cabinets have a lot of dirt on a lot of people.	The filing cabinets have a lot of dirt on a lot of people.
A bit of green is always nice. This guy probably talks to his plants.	A bit of green is always nice. This guy probably talks to his plants.
This is the office of the department's criminal psychologist, Dr. Sidney Aimes.	This is the office of the department's criminal psychologist, Dr. Sidney Aimes.
lab tech	lab tech
Mike Downs is the head technician. He runs the computer facilities.	Mike Downs is the head technician. He runs the computer facilities.
computer card	computer card
Your computer access card is on Mike's desk.	Your computer access card is on Mike's desk.
Behind their glass wall, dispatch is busy monitoring the police band.	Behind their glass wall, dispatch is busy monitoring the police band.
The dispatch center is equipped with the latest audio, visual equipment.	The dispatch center is equipped with the latest audio, visual equipment.
Law enforcement has certainly gone high tech hasn't it?	Law enforcement has certainly gone high tech hasn't it?
It is a drawer.	It is a drawer.
That's Mike's cabinet.	That's Mike's cabinet.
That's Mike's desk.	That's Mike's desk.
The size of the department's main computer banks always astounds you.	The size of the department's main computer banks always astounds you.
That's Mike's computer.	That's Mike's computer.
The table holds various computer magazines - none of which interest you.	The table holds various computer magazines - none of which interest you.
The glass wall divides dispatch from the computer facilities.	The glass wall divides dispatch from the computer facilities.
The elevated floor consists of individual movable tiles. All the computer cables run underneath the tiles.	The elevated floor consists of individual movable tiles. All the computer cables run underneath the tiles.
That is Mike's In\\Out basket.	That is Mike's In\\Out basket.
The third floor is home to the computer facilities and dispatch.	The third floor is home to the computer facilities and dispatch.
Inset	Inset
The woman seems close to hysteria over something.	The woman seems close to hysteria over something.
You look at your car fondly.	You look at your car fondly.
This guy is definitely unstable.	This guy is definitely unstable.
the picnickers	the picnickers
the river	the river
The river's considerable undertow churns the waters into a muddy green.	The river's considerable undertow churns the waters into a muddy green.
picnic tables	picnic tables
You've been picnicking at Aspen Falls many times before. One of those tables probably still has your initials on it.	You've been picnicking at Aspen Falls many times before. One of those tables probably still has your initials on it.
the tree	the tree
The graceful willow trees make Aspen Falls the prettiest park for miles around.	The graceful willow trees make Aspen Falls the prettiest park for miles around.
the sky	the sky
The azure summer sky is accented by wispy clouds.	The azure summer sky is accented by wispy clouds.
the grass	the grass
The grass stays lush and green on the banks of the river.	The grass stays lush and green on the banks of the river.
the dirt	the dirt
The bare area disrupts the grasses.	The bare area disrupts the grasses.
A pile of clothes, probably belonging to the half-naked perpetrator, is sitting by the rocks unattended.	A pile of clothes, probably belonging to the half-naked perpetrator, is sitting by the rocks unattended.
The man's clearly in a deranged state of mind - though whether because of drug use or some mental instability is unclear.	The man's clearly in a deranged state of mind - though whether because of drug use or some mental instability is unclear.
the trees	the trees
the rocks	the rocks
A few large rocks mark a favorite spot for wading.	A few large rocks mark a favorite spot for wading.
car door	car door
The passenger car door.	The passenger car door.
Your car is parked where you left it.	Your car is parked where you left it.
Highway 41 runs all the way through Lytton.	Highway 41 runs all the way through Lytton.
Guardrails protect out-of-control vehicles from plunging off the road.	Guardrails protect out-of-control vehicles from plunging off the road.
The shoulder of the road is for emergency stops only.	The shoulder of the road is for emergency stops only.
Uh-oh. It looks like one of those ambulance-chasing reporters.	Uh-oh. It looks like one of those ambulance-chasing reporters.
Reporter	Reporter
One of the uniformed officers is busy searching the scene of the crime.	One of the uniformed officers is busy searching the scene of the crime.
 It's a Lytton P.D. patrol car.	 It's a Lytton P.D. patrol car.
It's Zak the keymaker.	It's Zak the keymaker.
It's a public telephone.	It's a public telephone.
Marie's car was parked here during her attack.	Marie's car was parked here during her attack.
You spot an object laying on the ground.	You spot an object laying on the ground.
It's one of the paramedics.	It's one of the paramedics.
Marie has no color in her face and is breathing very shallow.	Marie has no color in her face and is breathing very shallow.
the flag	the flag
the car	the car
That's your vehicle.	That's your vehicle.
The doctor looks tired but sympathetic.	The doctor looks tired but sympathetic.
The nurse looks competent and sturdy.	The nurse looks competent and sturdy.
the chart	the chart
That's where the doctor hangs the patient's chart.	That's where the doctor hangs the patient's chart.
It's Marie's hospital chart.	It's Marie's hospital chart.
the stand	the stand
The window overlooks the hospital parking lot.	The window overlooks the hospital parking lot.
the bed	the bed
the monitor	the monitor
The rolling metal stand provides a moving table for the nurses or your wife - if she were conscious to use it.	The rolling metal stand provides a moving table for the nurses or your wife - if she were conscious to use it.
the cabinet	the cabinet
The cabinet contains general hospital issue plastics and a few personal items belonging to your wife.	The cabinet contains general hospital issue plastics and a few personal items belonging to your wife.
the chair	the chair
That chair is provided for the patient's visitors.	That chair is provided for the patient's visitors.
the curtains	the curtains
The curtains are there to provide privacy for Marie during examinations and medical procedures.	The curtains are there to provide privacy for Marie during examinations and medical procedures.
the wall	the wall
The walls in here are depressingly bare.	The walls in here are depressingly bare.
the floor	the floor
The linoleum is shiny and clean.	The linoleum is shiny and clean.
the woman	the woman
the IV	the IV
the light	the light
The light casts a clinical glare over Marie's face.	The light casts a clinical glare over Marie's face.
the button	the button
It's a call button.	It's a call button.
The rose is still fresh and beautiful.	The rose is still fresh and beautiful.
Marie's music box lies next to her on the bed.	Marie's music box lies next to her on the bed.
It's Marie's lovely locket.	It's Marie's lovely locket.
It's Officer Pat Morales, your partner.	It's Officer Pat Morales, your partner.
the florist	the florist
The florist is a chipper sort, eager to make a sale.	The florist is a chipper sort, eager to make a sale.
It's a rose.	It's a rose.
the receptionist	the receptionist
The receptionist looks friendly enough.	The receptionist looks friendly enough.
the elevator	the elevator
It looks like an elevator.	It looks like an elevator.
the front entrance	the front entrance
That's the door you came in from.	That's the door you came in from.
the flower shop	the flower shop
You notice a flower shop off the lobby.	You notice a flower shop off the lobby.
the front desk	the front desk
It's the front desk.	It's the front desk.
The hospital floor is kept spotless.	The hospital floor is kept spotless.
the aisle	the aisle
The hospital floor is waxed and gleaming.	The hospital floor is waxed and gleaming.
the hospital	the hospital
The hospital's architecture is stark and modern - a far cry from the dank corridors of the old hospital.	The hospital's architecture is stark and modern - a far cry from the dank corridors of the old hospital.
the dressed	the dressed
It's your bed. It looks empty without Marie.	It's your bed. It looks empty without Marie.
the phone	the phone
You glance at the phone and hope that nobody bothers you at home for once.	You glance at the phone and hope that nobody bothers you at home for once.
the night stand	the night stand
It's a night stand.	It's a night stand.
Outside the Lytton suburbs look peaceful.	Outside the Lytton suburbs look peaceful.
the furniture	the furniture
Marie used to curl up in that chair for hours. This was her favorite little reading area.	Marie used to curl up in that chair for hours. This was her favorite little reading area.
Marie was so excited about buying this house. She loved decorating this room and hand-picking each accessory.	Marie was so excited about buying this house. She loved decorating this room and hand-picking each accessory.
the music box	the music box
The music box plays Marie's favorite song. She liked to listen to it while you were on duty because it reminded her of you.	The music box plays Marie's favorite song. She liked to listen to it while you were on duty because it reminded her of you.
This is the loading docks of a warehouse.	This is the loading docks of a warehouse.
There's a company truck parked here.	There's a company truck parked here.
There's a large, sturdy water pipe here.	There's a large, sturdy water pipe here.
The loading docks is littered with trash.	The loading docks is littered with trash.
It's a large trash bin for the warehouse.	It's a large trash bin for the warehouse.
There's a lamp on the loading docks, probably to discourage break-ins.	There's a lamp on the loading docks, probably to discourage break-ins.
the building	the building
Lytton city courthouse... You hope Judge Simpson got up on the right side of the bed this morning	Lytton city courthouse... You hope Judge Simpson got up on the right side of the bed this morning
building entrance	building entrance
The front entrance to the courthouse.	The front entrance to the courthouse.
the plants	the plants
This site boasts typical Lytton city landscape.	This site boasts typical Lytton city landscape.
A nice, wide sidewalk runs in front of the courthouse.	A nice, wide sidewalk runs in front of the courthouse.
the asphalt	the asphalt
The asphalt looks hot and dry.	The asphalt looks hot and dry.
Ruiz refuses to meet your eyes.	Ruiz refuses to meet your eyes.
The judge looks serious and competent.	The judge looks serious and competent.
The defense attorney is an aggressive lawyer. He would clearly like to make you look bad.	The defense attorney is an aggressive lawyer. He would clearly like to make you look bad.
The Deputy District Attorney looks as though he's seen it all during his career. He doesn't miss a trick.	The Deputy District Attorney looks as though he's seen it all during his career. He doesn't miss a trick.
the court reporter	the court reporter
The court reporter makes a record of all court proceedings.	The court reporter makes a record of all court proceedings.
the door	the door
That door must lead to the judge's chambers.	That door must lead to the judge's chambers.
The judge's court calendar is on her desk.	The judge's court calendar is on her desk.
Don't even think of messing with the Judge's gavel.	Don't even think of messing with the Judge's gavel.
the witness box	the witness box
The witness box is located next to the judge's bench.	The witness box is located next to the judge's bench.
judicial order	judicial order
search warrant	search warrant
Judge Simpson looks like a woman who likes to get right down to business.	Judge Simpson looks like a woman who likes to get right down to business.
the bookcase	the bookcase
The bookcase is filled with legal tomes.	The bookcase is filled with legal tomes.
the desk	the desk
The judge's desk is neat and orderly.	The judge's desk is neat and orderly.
the table	the table
The small table holds a lamp and nothing else of interest.	The small table holds a lamp and nothing else of interest.
the lamp	the lamp
A lamp is of no interest.	A lamp is of no interest.
The window looks over the park next door.	The window looks over the park next door.
the paneling	the paneling
The judge's chambers has nice oak paneling.	The judge's chambers has nice oak paneling.
The judge's chambers has nice, thick, blue carpeting.	The judge's chambers has nice, thick, blue carpeting.
The rusty dumpster contains the corpse of a murdered man. You pray to God that when YOUR time comes you end up someplace more dignified than the trash.	The rusty dumpster contains the corpse of a murdered man. You pray to God that when YOUR time comes you end up someplace more dignified than the trash.
The windshield is marked with the Vehicle Identification Number. It's 127633	The windshield is marked with the Vehicle Identification Number. It's 127633
It's the abandoned white car. The dent contains gold paint.	It's the abandoned white car. The dent contains gold paint.
The alley is a dead end - appropriate in this case.	The alley is a dead end - appropriate in this case.
The back alley asphalt is cracked and filthy. Weeds have struggled through in several places.	The back alley asphalt is cracked and filthy. Weeds have struggled through in several places.
This part of town is full of typical American brick tenements.	This part of town is full of typical American brick tenements.
An alley is a lousy place to die.	An alley is a lousy place to die.
It's a street lamp.	It's a street lamp.
The garage door is closed and locked.	The garage door is closed and locked.
The yellow tape marks off the crime scene and prevents curiosity-seekers from getting too close.	The yellow tape marks off the crime scene and prevents curiosity-seekers from getting too close.
You examine the body. By its skin color and state of rigor mortis, you'd guess that the victim's been dead for at least a few hours.	You examine the body. By its skin color and state of rigor mortis, you'd guess that the victim's been dead for at least a few hours.
His face looks anything but peaceful.	His face looks anything but peaceful.
What an awful smelly place to die.	What an awful smelly place to die.
the sign	the sign
the neon sign.	the neon sign.
the insects	the insects
The light attracts the bugs.	The light attracts the bugs.
the bar door	the bar door
This place looks pretty rugged.  Better be on your toes.	This place looks pretty rugged.  Better be on your toes.
the tire marks	the tire marks
You can still smell the rubber left in those tire marks.	You can still smell the rubber left in those tire marks.
the garage door	the garage door
This part of town has numerous parking garages and small lots.	This part of town has numerous parking garages and small lots.
The windows are tinted.  You can't see inside from here.	The windows are tinted.  You can't see inside from here.
the alley	the alley
An alley runs alongside the Old Nugget.	An alley runs alongside the Old Nugget.
Billboards are not uncommon in this part of town.  They make streets even uglier than they already are.	Billboards are not uncommon in this part of town.  They make streets even uglier than they already are.
the Nugget	the Nugget
This is the infamous Old Nugget saloon.	This is the infamous Old Nugget saloon.
Based on Paul Bunyan's mug there, I'd say it's a safe bet that they serve beer here.	Based on Paul Bunyan's mug there, I'd say it's a safe bet that they serve beer here.
The sign says 'Old Nugget'. It's neon glow attracts insects (including those of the human variety).	The sign says 'Old Nugget'. It's neon glow attracts insects (including those of the human variety).
the man	the man
the bartender	the bartender
The bartender is a tough-looking woman. She's sporting a " Peterbilt" T-shirt and a "don't mess with me" grimace. She looks as though she's perfectly capable of keeping her customers in line.	The bartender is a tough-looking woman. She's sporting a " Peterbilt" T-shirt and a "don't mess with me" grimace. She looks as though she's perfectly capable of keeping her customers in line.
the pool player	the pool player
the cue ball	the cue ball
the man at the bar	the man at the bar
Just a skinny lil' guy minding his own business.	Just a skinny lil' guy minding his own business.
This guy looks like he sprouted out of that bar stool. Must be a regular here.	This guy looks like he sprouted out of that bar stool. Must be a regular here.
the suspect	the suspect
Hmm... sure matches the description.	Hmm... sure matches the description.
the T.V.	the T.V.
Hmm.. might be an interesting program if it would stop flipping like that.	Hmm.. might be an interesting program if it would stop flipping like that.
the pool balls	the pool balls
"Whoa! Nice set of balls!"	"Whoa! Nice set of balls!"
the pool cue	the pool cue
It is a pool cue.	It is a pool cue.
the pool table	the pool table
There's a pool table at one end of the bar room - a staple of American neighborhood juice joints.	There's a pool table at one end of the bar room - a staple of American neighborhood juice joints.
The lamp over the pool table gives off a sickly glare.	The lamp over the pool table gives off a sickly glare.
the liquor	the liquor
The bartender's arsenal of poisons is neatly arranged behind her.	The bartender's arsenal of poisons is neatly arranged behind her.
the bar	the bar
The bar's worn and waxed wooden surface has obviously seen a lot of action.	The bar's worn and waxed wooden surface has obviously seen a lot of action.
the tables	the tables
Empty tables and chairs sit silently about, waiting for a crowd to arrive.	Empty tables and chairs sit silently about, waiting for a crowd to arrive.
the score board	the score board
You see various scores of past games.	You see various scores of past games.
the pool cues	the pool cues
Those cues look pretty beat up, probably get a sliver from it.	Those cues look pretty beat up, probably get a sliver from it.
Looks like someone used the screen for a spitting contest target.	Looks like someone used the screen for a spitting contest target.
the barstools	the barstools
The barstool's leather tops have been worn smooth by countless rear ends.	The barstool's leather tops have been worn smooth by countless rear ends.
the candles	the candles
Seventies-style glass candle-holders attempt to soften the atmosphere.	Seventies-style glass candle-holders attempt to soften the atmosphere.
the ashtrays	the ashtrays
As in most bars, ashtrays are everywhere. You try to ignore their contents.	As in most bars, ashtrays are everywhere. You try to ignore their contents.
There's a fire hydrant on the sidewalk.	There's a fire hydrant on the sidewalk.
The tree looks lonely amid all that brick and concrete.	The tree looks lonely amid all that brick and concrete.
The sign reads "Coroner".	The sign reads "Coroner".
This building houses the County Coroner's office.	This building houses the County Coroner's office.
Like all county buildings,The sidewalks are kept clean and tidy.	Like all county buildings,The sidewalks are kept clean and tidy.
Drawer	Drawer
Deedee Suffermuch	Deedee Suffermuch
Jason Harper	Jason Harper
Steven Rocklin	Steven Rocklin
Diane Goadahevin	Diane Goadahevin
Philip Ness	Philip Ness
Ted N. Burried	Ted N. Burried
Patrick Palmer	Patrick Palmer
The tiled floor is freshly cleaned and waxed.	The tiled floor is freshly cleaned and waxed.
The office lamps give off bright, clinical-looking light.	The office lamps give off bright, clinical-looking light.
The air vent circulates the air in the office. Nevertheless, it always smells like formaldehyde in here.	The air vent circulates the air in the office. Nevertheless, it always smells like formaldehyde in here.
The fire engine's lights are on.	The fire engine's lights are on.
The hose is squirting water.	The hose is squirting water.
The lawn is green and closely clipped.	The lawn is green and closely clipped.
The sidewalk is wet with water from the firemen's hoses.	The sidewalk is wet with water from the firemen's hoses.
The windows have been blown to pieces by the heat of the fire.	The windows have been blown to pieces by the heat of the fire.
You see a fire hydrant.	You see a fire hydrant.
It's The trunk of your car.	It's The trunk of your car.
A sofa cushion is on the floor.	A sofa cushion is on the floor.
Just something else that was melted by the intense heat of the fire.	Just something else that was melted by the intense heat of the fire.
A hallway leads off from what's left of the living room.	A hallway leads off from what's left of the living room.
Blood	Blood
The room's wooden floor seems to have escaped the fire.	The room's wooden floor seems to have escaped the fire.
Large white candles mark the points of a large pentagram painted on the floor.	Large white candles mark the points of a large pentagram painted on the floor.
That's the exit.	That's the exit.
It's a computer printer.	It's a computer printer.
This looks like the kind of man you want to take seriously.	This looks like the kind of man you want to take seriously.
A passerby.	A passerby.
The desk has a military neatness.	The desk has a military neatness.
Just looking at all those posters makes you feel patriotic.	Just looking at all those posters makes you feel patriotic.
Those computers are everywhere, aren't they?	Those computers are everywhere, aren't they?
The filing cabinets probably hold countless forms in triplicate.	The filing cabinets probably hold countless forms in triplicate.
A trash can	A trash can
The counters are polished and bare.	The counters are polished and bare.
Your back-up's patrol car is parked next to yours in the yard.	Your back-up's patrol car is parked next to yours in the yard.
Your back-up officer is in position.	Your back-up officer is in position.
Officer Parks is with the K9 unit.	Officer Parks is with the K9 unit.
The ram is a fortified military vehicle that's been converted for police work and fitted with a steel hydraulic boom. It can get through just about anything.	The ram is a fortified military vehicle that's been converted for police work and fitted with a steel hydraulic boom. It can get through just about anything.
Looks like a happy little mutt.	Looks like a happy little mutt.
The windows have been partially boarded over. Underneath the boards you can see thick metal bars.	The windows have been partially boarded over. Underneath the boards you can see thick metal bars.
Your partner, Pat Morales.	Your partner, Pat Morales.
That's the passenger car door.	That's the passenger car door.
A rickety flight of stairs lead to the second floor.	A rickety flight of stairs lead to the second floor.
The front lawn is unkempt and neglected. Obviously, the people that live here aren't gardeners.	The front lawn is unkempt and neglected. Obviously, the people that live here aren't gardeners.
The house looks like a shack but, judging by the barred windows and heavy front door, it's well fortified.	The house looks like a shack but, judging by the barred windows and heavy front door, it's well fortified.
The old car reminds you of the car you had while you were in college - except this one is in better condition.	The old car reminds you of the car you had while you were in college - except this one is in better condition.
A rickety flight of stairs leads to the second floor.	A rickety flight of stairs leads to the second floor.
Discarded junk in the yard adds to the house's air of neglect.	Discarded junk in the yard adds to the house's air of neglect.
The porch looks like it's about ready to collapse.	The porch looks like it's about ready to collapse.
There's an electric meter on the side of the house.	There's an electric meter on the side of the house.
A large fireplace dominates the room.	A large fireplace dominates the room.
You don't have time for that now!	You don't have time for that now!
A second suspect is surrendering. It takes you a moment to realize it's... it's Michael Bains!	A second suspect is surrendering. It takes you a moment to realize it's... it's Michael Bains!
Spike looks agitated. He seems to have found something.	Spike looks agitated. He seems to have found something.
A scuffed up cushion sits on the couch.	A scuffed up cushion sits on the couch.
Part of the fireplace has moved away to reveal a hidden staircase.	Part of the fireplace has moved away to reveal a hidden staircase.
The ruined steel door lies useless on the floor.	The ruined steel door lies useless on the floor.
Newspapers are scattered around the floor.	Newspapers are scattered around the floor.
She's from December, if you remember correctly.	She's from December, if you remember correctly.
The walls are cracked and peeling.	The walls are cracked and peeling.
There are bars on the windows.	There are bars on the windows.
The old couch has a few cushions on it.	The old couch has a few cushions on it.
You're in the alleged crack house.	You're in the alleged crack house.
The stairs lead back up to the living room	The stairs lead back up to the living room
The shelves have various supplies.	The shelves have various supplies.
The table is covered with varies tools to make drugs.	The table is covered with varies tools to make drugs.
The barrels contain chemicals to make drugs.	The barrels contain chemicals to make drugs.
The basement is a seedy looking place, with all the aroma of a drug lab.	The basement is a seedy looking place, with all the aroma of a drug lab.
What day Bub?	What day Bub?
Three	Three
Ending	Ending
Skip it	Skip it
Watch it	Watch it
Restore a Game	Restore a Game
glove compartment	glove compartment
Wow!  A glove box.  How unusual.	Wow!  A glove box.  How unusual.
speedometer calibration chart	speedometer calibration chart
It's a speedometer calibration chart - a service record for this car's speedometer.  Departmental policy requires that all speedometers be calibrated every 90 days.	It's a speedometer calibration chart - a service record for this car's speedometer.  Departmental policy requires that all speedometers be calibrated every 90 days.
It's a traffic citation.	It's a traffic citation.
 It's a traffic citation.	 It's a traffic citation.
Your car	Your car
Tracking device	Tracking device
tracker screen activation button	tracker screen activation button
This button activates the tracker.	This button activates the tracker.
light bulb	light bulb
The small light indicates that the tracker is activated.	The small light indicates that the tracker is activated.
light/siren switch	light/siren switch
This button controls the emergency lights and siren.	This button controls the emergency lights and siren.
ignition key	ignition key
An ignition key	An ignition key
It's a computer.  Lytton sure is going high-tech.	It's a computer.  Lytton sure is going high-tech.
Pat's purse rests between the seats.	Pat's purse rests between the seats.
Pat's purse	Pat's purse
tracking screen	tracking screen
It's a tracking screen.  This device allows you to track a person, vehicle, or any other moving object that a tracking device has been attached to.	It's a tracking screen.  This device allows you to track a person, vehicle, or any other moving object that a tracking device has been attached to.
police radio	police radio
It's a police radio.	It's a police radio.
the bench	the bench
The judge's bench holds the place of honor in the courtroom.	The judge's bench holds the place of honor in the courtroom.
The U.S. flag serves to remind everyone that the courts are a branch of the local, state, and U.S. governments.	The U.S. flag serves to remind everyone that the courts are a branch of the local, state, and U.S. governments.
the spectator area	the spectator area
This is the spectator area. It's usually open for the public to observe the court's proceedings.	This is the spectator area. It's usually open for the public to observe the court's proceedings.
The three foot wall divides the council area from the spectator area of the courtroom.	The three foot wall divides the council area from the spectator area of the courtroom.
That table is for the prosecuting attorney and the complaintent or prosecution witness.	That table is for the prosecuting attorney and the complaintent or prosecution witness.
the chairs	the chairs
Theater chairs line the spectator area.	Theater chairs line the spectator area.
An aisle runs down the middle of the spectator area to the council area.	An aisle runs down the middle of the spectator area to the council area.
Tools	Tools
Personnel	Personnel
Quit	Quit
Walls  	Walls  
Aspen	Aspen
Peach	Peach
Lilly	Lilly
Poppy	Poppy
River	River
Dialog	Dialog
Controls	Controls
"LPD recently received this top-secret list of the names and occupations of the members of an alleged electronic terrorist group. The gang leader, one Jim "Pretty Boy" Walls, has been known to threaten to "shape Lytton's future like so much silly putty". It is not known at this time if the gang's intentions are for good or evil - or if they should even be taken seriously. Nevertheless, be on the lookout for the following gang members.\nThey're wanted for questioning."	"LPD recently received this top-secret list of the names and occupations of the members of an alleged electronic terrorist group. The gang leader, one Jim "Pretty Boy" Walls, has been known to threaten to "shape Lytton's future like so much silly putty". It is not known at this time if the gang's intentions are for good or evil - or if they should even be taken seriously. Nevertheless, be on the lookout for the following gang members.\nThey're wanted for questioning."
Jane Jensen	Jane Jensen
Dave Fleming	Dave Fleming
"A representative of the SPCA was present at all times during the coding of the animal sequences. No animals were in any actual danger."	"A representative of the SPCA was present at all times during the coding of the animal sequences. No animals were in any actual danger."
"Thank you for playing Police Quest III. We hope it's been as entertaining as you have."	"Thank you for playing Police Quest III. We hope it's been as entertaining as you have."
There's a good article in here about the newspaper helping another department find a witness to a shooting.	There's a good article in here about the newspaper helping another department find a witness to a shooting.
Officer Hanks is soft-featured but hardly soft-spoken.	Officer Hanks is soft-featured but hardly soft-spoken.
This chair is for the prosecution.	This chair is for the prosecution.
That chair for the prosecution.	That chair for the prosecution.
This is the spectator area. It is usually open for the public to observe the court's proceedings.	This is the spectator area. It is usually open for the public to observe the court's proceedings.
The three foot wall divides the council from the spectator area of the courtroom.	The three foot wall divides the council from the spectator area of the courtroom.
It's Carla Reed.	It's Carla Reed.
There's a brown bag sitting on the desk. It's probably someone's lunch.	There's a brown bag sitting on the desk. It's probably someone's lunch.
. The keys are still in the ignition.	. The keys are still in the ignition.
It's the punk who tried to blow you away at the Nugget. He fits the bag lady's description to a tee. You regret that you didn't get your hands on him before he died.	It's the punk who tried to blow you away at the Nugget. He fits the bag lady's description to a tee. You regret that you didn't get your hands on him before he died.
The car keys.	The car keys.
car trunk	car trunk
The car trunk.	The car trunk.
The cocaine is packaged in five heavy-duty plastic bags. Apparently, murder wasn't this guy's only pastime.	The cocaine is packaged in five heavy-duty plastic bags. Apparently, murder wasn't this guy's only pastime.
Your car.	Your car.
The ambulance will remove any injured accident victims.	The ambulance will remove any injured accident victims.
The ambulance attendant is used to this kind of scene.	The ambulance attendant is used to this kind of scene.
That's Leon, the county coroner. You see him all too frequently at accident scenes.	That's Leon, the county coroner. You see him all too frequently at accident scenes.
Coroner	Coroner
It's a patrolman.	It's a patrolman.
The traffic on this road has been rerouted until the accident can be cleaned up.	The traffic on this road has been rerouted until the accident can be cleaned up.
The guardrail was smashed when the vehicle collided with it.	The guardrail was smashed when the vehicle collided with it.
The car is overturned, smashed up, and generally mutilated. A body slumps from the driver's side. So much for questioning the suspect.	The car is overturned, smashed up, and generally mutilated. A body slumps from the driver's side. So much for questioning the suspect.
The briefcase contains tools and supplies for evidence collection.	The briefcase contains tools and supplies for evidence collection.
The toothpicks are useful for removing evidence from small places.	The toothpicks are useful for removing evidence from small places.
The envelopes are used for protecting and storing collected evidence.	The envelopes are used for protecting and storing collected evidence.
The camera is used to visually record a crime scene or a piece of evidence.	The camera is used to visually record a crime scene or a piece of evidence.
The scraping tool is used to scrape dried evidence such as blood or paint off of other surfaces.	The scraping tool is used to scrape dried evidence such as blood or paint off of other surfaces.
There's a metal briefcase in the trunk.	There's a metal briefcase in the trunk.
The suspect's car.	The suspect's car.
Agent	Agent
The plate reads - 01923	The plate reads - 01923
He looks to be having a little trouble walking.	He looks to be having a little trouble walking.
Yuck!	Yuck!
A mean looking dude ain't he.	A mean looking dude ain't he.
It's a lowered 58 Ford Fairlane. Nice flame job!	It's a lowered 58 Ford Fairlane. Nice flame job!
The plate reads - 22776	The plate reads - 22776
The convertible has only one occupant. There's nothing unusual looking about him.	The convertible has only one occupant. There's nothing unusual looking about him.
The plate reads - 34567.	The plate reads - 34567.
The Officer Morales' black eyes challenge you. She impresses you as being both arrogant and stubborn.	The Officer Morales' black eyes challenge you. She impresses you as being both arrogant and stubborn.
That must be Officer Morales' patrol car.	That must be Officer Morales' patrol car.
The woman looks furious and on the verge of tears. She's VERY pregnant.	The woman looks furious and on the verge of tears. She's VERY pregnant.
There's one woman in the car. She looks upset but not dangerous.	There's one woman in the car. She looks upset but not dangerous.
The plate reads - 83756	The plate reads - 83756
Elevator Button	Elevator Button
That's the elevator button.	That's the elevator button.
Elevator Door	Elevator Door
The elevator provides access to the other floors of the police station.	The elevator provides access to the other floors of the police station.
That's the elevator door.	That's the elevator door.
First Floor	First Floor
Second Floor	Second Floor
Third Floor	Third Floor
Ground Floor	Ground Floor
Floor Indication	Floor Indication
Variable No.	Variable No.
Value	Value
Teleport to:	Teleport to:
..none..	..none..
vanishingX:	vanishingX:
vanishingY:	vanishingY:
Enter Flag Number:	Enter Flag Number:
Outta here!	Outta here!
Talker	Talker
zg@g 4	zg@g 4
Slider	Slider
Polygon	Polygon
Feature	Feature
Enter drive letter, path and your name\n(no extension, max 40 characters)	Enter drive letter, path and your name\n(no extension, max 40 characters)
resource.cfg	resource.cfg
Enter your initials (up to 3 characters):	Enter your initials (up to 3 characters):
Enter configuration file name (or hit return to skip):	Enter configuration file name (or hit return to skip):
append to it	append to it
overwrite it	overwrite it
Chase	Chase
Grooper	Grooper
Grycler	Grycler
Window	Window
Sound	Sound
  Save  	  Save  
Replace	Replace
Select the game that you would like to restore.	Select the game that you would like to restore.
Type the description of this saved game.	Type the description of this saved game.
This directory/disk can hold no more saved games. You must replace one of your saved games or use Change Directory to save on a different directory/disk.	This directory/disk can hold no more saved games. You must replace one of your saved games or use Change Directory to save on a different directory/disk.
Save a Game	Save a Game
Save	Save
Cancel	Cancel
 Cancel 	 Cancel 
 Delete 	 Delete 
with:	with:
Cycle	Cycle
Motion	Motion
controls	controls
Locale	Locale
Change Directory	Change Directory
Roger is carrying:	Roger is carrying:
nothing!	nothing!
Score: %d out of %d	Score: %d out of %d
Enter input	Enter input
Actor	Actor
Collect	Collect
Script	Script
Event	Event
Would you like to skip\nthe introduction or\nwatch the whole thing?	Would you like to skip\nthe introduction or\nwatch the whole thing?
You may skip this sequence\nif you have already seen it.\n	You may skip this sequence\nif you have already seen it.\n
Are you sure you want to\r\ndelete this saved game?	Are you sure you want to\r\ndelete this saved game?
Change\r\nDirectory	Change\r\nDirectory
SAVE GAME	SAVE GAME
*The trunk contains items you may need in the field.	*The trunk contains items you may need in the field.
The trunk contains items you may need in the field.	The trunk contains items you may need in the field.
the Coroner's office is conveniently located just down the street from the courthouse.	the Coroner's office is conveniently located just down the street from the courthouse.
rthe Coroner's office is conveniently located just down the street from the courthouse.	rthe Coroner's office is conveniently located just down the street from the courthouse.
This place always gives you the creeps. Just the thought of all those dead bodies. Leon keeps it so damn cold in here.	This place always gives you the creeps. Just the thought of all those dead bodies. Leon keeps it so damn cold in here.
PHEEW! It's still a little on the toasty side in here. The stench of burnt carpet and upholstry coils the hairs in your nose.	PHEEW! It's still a little on the toasty side in here. The stench of burnt carpet and upholstry coils the hairs in your nose.
This back room looks to have been used as a gathering place for some kind of ritual. The large red pentagram looks all to familiar.	This back room looks to have been used as a gathering place for some kind of ritual. The large red pentagram looks all to familiar.
PROGRAMMERS:\n\n	PROGRAMMERS:\n\n
ARTISTS:\n\n	ARTISTS:\n\n
SOUND EFFECTS & COMPOSERS:\n\n	SOUND EFFECTS & COMPOSERS:\n\n
WRITER:\n\n	WRITER:\n\n
SYSTEM DEVELOPMENT:\n	SYSTEM DEVELOPMENT:\n
QUALITY ASSURANCE:\n\n	QUALITY ASSURANCE:\n\n
Ms. Gibbs, Evidence Officer\nMr. Smith, Booking Officer\nMr. Stumps, Janitor\nSidney Aimes, Psychologist\nMr. Hanley, Speeder\nPregnant Lady \nArmy Recruiter \nDrunk \nFlorist \nDoctor Wagner \nChief Fireman	Ms. Gibbs, Evidence Officer\nMr. Smith, Booking Officer\nMr. Stumps, Janitor\nSidney Aimes, Psychologist\nMr. Hanley, Speeder\nPregnant Lady \nArmy Recruiter \nDrunk \nFlorist \nDoctor Wagner \nChief Fireman
Newspaper Reporter\nNut at Aspen Falls \nCourt Recorder \nCarla Reed, Bag lady \nMildred Simpson, Judge\nMr. Meyer, Defense Attorney\nMr. Cannon, D.A.	Newspaper Reporter\nNut at Aspen Falls \nCourt Recorder \nCarla Reed, Bag lady \nMildred Simpson, Judge\nMr. Meyer, Defense Attorney\nMr. Cannon, D.A.
Spike, the K-9 unit\nTrainer\nAssistant Trainer\nSpike's Hairdresser\nSpike's Stunt Double\nSpike's Costume	Spike, the K-9 unit\nTrainer\nAssistant Trainer\nSpike's Hairdresser\nSpike's Stunt Double\nSpike's Costume
