Restore	載入
Restart	重新開始
    Quit    	    離開    
Score: %d out of %d	分數：%d／%d
This icon displays your current score.	這個圖示顯示你目前的分數。
Select this Icon to close this window.	選這個圖示關掉視窗。
wSelect this Icon to close this window.	選這個圖示關掉視窗。
Select this Icon then select an inventory item you'd like a description of.	先選這個圖示，再選你想看說明的道具。
Allows you to select an item.	讓你挑選道具。
This icon shows the currently selected inventory item.	這個圖示顯示你目前選取的道具。
This icon displays the inventory window.	這個圖示打開道具欄。
This icon is for walking.	這個圖示是走路用的。
Allows you to restore a previously saved game.	讓你載入之前存的進度。
Allows you to restart the game.	讓你重新開始這場遊戲。
You can't pull your gun here, Bonds.	Bonds，這裡不能拔槍。
Going off duty?	要下班了嗎？
You want to start over?	要重來一次嗎？
You can't save right now.	現在不能存檔。
You can't restore right now.	現在不能載入。
That game was saved under a different interpreter. It cannot be restored.	這個存檔是別的版本存的，讀不出來。
You have %s	你身上有 %s
You put the batteries in the flashlight.	你把電池裝進手電筒。
Your gun is in that locker.	你的槍在那個置物櫃裡。
You take your gun.	你拿起自己的槍。
You put your gun in the locker, lock the door, and take the key.	你把槍放進置物櫃，鎖上門，拔走鑰匙。
You take your handcuffs.	你拿起手銬。
You are not close enough to handcuff him.	你離他太遠，銬不上。
You only need handcuffs to restrain a suspect, not a witness.	手銬是用來制伏嫌犯的，證人不用銬。
You remove your flashlight.	你取出手電筒。
You turn your flashlight off.	你關掉手電筒。
You turn your flashlight on and begin a search of the scene.	你打開手電筒，開始搜查現場。
Your Baretta nine millimeter handgun.	你的 Baretta 九釐米手槍。
Your handcuffs are made of stainless steel.	你的手銬是不鏽鋼做的。
Your regulation flashlight.	你的配發手電筒。
A Computer ID request form.	一張電腦查詢申請單。
Search warrant.	搜索票。
judicial order.	法院命令。
Calibration chart.	校正表。
A manila envelope.	一個牛皮紙信封。
Music box.	音樂盒。
Camera.	相機。
the score board	計分板
You see various scores of past games.	你看到歷來幾場遊戲的分數。
Yes, Sergeant? Can I do something for you?	警佐，有事嗎？要我幫什麼忙？
I KNOW who you are, Sergeant Bonds. Quit being a wiseass.	我知道你是誰，Bonds 警佐。少在那邊耍嘴皮子。
You on duty, Bonds? I got plenty of free cells to be filled up.	Bonds，你當班喔？我這邊空牢房多得是，隨時等你送人來。
The car radio interrupts the silence:	車上的無線電打破了沉默：
A radio call interrupts your thoughts of being home with Marie tonight:	一通無線電打斷了你「今晚要回家陪 Marie」的念頭：
As for Sonny, he was promoted to Detective Sergeant with the Lytton Police Department.	至於 Sonny，他升上了 Lytton 警局的警探警佐。
As the story opens, Sonny's just finished his Sergeant's training and is back on duty.	故事開始時，Sonny 剛結束警佐訓練，重新回到崗位上。
You shudder again as you\nlook at the photograph\nof Jessie and Michael Bains.	你又打了個寒顫，\n盯著 Jessie 和 Michael Bains\n的那張照片。
Inside the the envelope you find:\n  A cult ring.\n  A cult book.\n  Marie's locket.\nYou remove these and discard the envelope.	信封裡你找到：\n  一枚邪教戒指。\n  一本邪教書籍。\n  Marie 的鎖盒。\n你取出這些東西並丟棄信封。
You have $2.50	你有 $2.50
You have $5.00	你有 $5.00
You have $7.50	你有 $7.50
You have $10.00	你有 $10.00
You're flat broke!	你身無分文！
This is Juan Ruiz's license - #434301.	這是 Juan Ruiz 的駕照 - #434301。
This is Orpheus' license - #522341.	這是 Orpheus 的駕照 - #522341。
This is the drunk' ID card.	這是那個醉漢的身分證。
This is Brian Forbes's license - #789612.	這是 Brian Forbes 的駕照 - #789612。
This is Andrew Dent's license - 980453.	這是 Andrew Dent 的駕照 - 980453。
You log Andrew Dent's license information in your notebook.	你在筆記本裡記錄了 Andrew Dent 的駕照資訊。
You already have the information in your notebook.	你已經在筆記本裡有這些資訊了。
%d of %d	%d / %d
Hello. I'm Jim Walls, retired California Highway Patrol Officer and designer of the Police Quest series.	你好。我是 Jim Walls，已退休的加州公路巡邏隊警官，也是警察故事系列的設計者。
With Police Quest, you're not just watching some movie star portraying the glamourous part of police work. As Detective Sonny Bonds, YOU'RE the man behind the badge.	在警察故事中，你不只是看著某個明星演員表演警察工作光鮮亮麗的一面。作為警探 Sonny Bonds，你才是那個頂著警徽的人。
It's up to you to learn and follow correct police procedure - to make the right decisions in life and death situations.	你得學會並遵循正確的警務程序——在生死抉擇中做出正確的決定。
In REAL police work, you have to know when to be a hero and when to rely on caution and use the other team players on the force.	在真實的警務工作中，你必須知道何時要充當英雄，何時該依靠謹慎並利用隊友的力量。
Some of the incidents in Police Quest 3 are based on actual events that occurred during the course of my career. I managed to survive them. Let's see if YOU can do as well under pressure.	警察故事3 中的一些案件是根據我職業生涯中發生的真實事件改編的。我設法活了下來。讓我們看看在壓力下你能否做得一樣好。
Here's the scene you're about to be walking into...	這是你即將走進的場景……
Lytton, once a quiet and peaceful little town, has been growing like a weed. There's new industry, good jobs, and a decent standard of living.	Lytton 曾經是個安靜祥和的小城鎮，現在發展得飛快。有新的產業、好工作和體面的生活水準。
Unfortunately, progress is not without its side effects. Poverty and crime are going up about as fast as the new cultural center.	不幸的是，進步並非沒有代價。貧困和犯罪率的增長跟新文化中心的發展一樣快。
Homicide Detective Sonny Bonds and his wife Marie are still on a 'honeymoon high' from their wedding a few years back.	重案警探 Sonny Bonds 和妻子 Marie 還沉浸在幾年前婚禮帶來的「蜜月興奮」中。
Marie's got a good job at Oak Tree Mall and the two have a beautiful new home.	Marie 在 Oak Tree Mall 有份不錯的工作，兩人擁有一幢美麗的新家。
Overburdened as the department is, he's been assigned to Traffic Division for a bit. Seems Traffic's always understaffed.	儘管警局人手不足，他暫時被分配到交通組。看來交通組總是人手短缺。
Well, that's Sonny's life - and it's a good one, worth protecting. And now it's time for you to assume the role of Detective Sonny Bonds. I happen to know you're in for a heck of a day.	這就是 Sonny 的生活——是值得保護的美好生活。現在該由你扮演警探 Sonny Bonds 的角色了。我碰巧知道你將面臨不平凡的一天。
Come on. This way.	來吧。這邊。
Wait for me, Sonny.	等等我，Sonny。
I'll catch up with you. Got to run to my car.	我會追上你。得先跑回我的車。
This is not the appropiate place to search a suspect.	這不是搜查嫌犯的合適地點。
These doors are sensor activated.	這些門由感應器控制。
The door is locked. I guess the Evidence Officer must be out to lunch.	門被鎖上了。我猜證物管理員可能出去吃午飯了。
You really should do something with the prisoner first.	你應該先處理那個囚犯。
You need to put the field equipment back into the trunk first.	你必須先把現場勘查設備放回後備箱。
A locker door.	一扇置物櫃門。
It is locked.	它被鎖上了。
You open the locker.	你打開了置物櫃。
You close the locker.	你關上了置物櫃。
You unlock the locker.	你打開了置物櫃的鎖。
Why don't open it first?	你為什麼不先打開它？
It's too long to fit in the gun locker.	它太長了，放不進槍櫃。
There's no regulation against carrying that into the jail.	沒有規定禁止把那個帶進監獄。
That locker is already taken.	那個置物櫃已經被佔用了。
Your key doesn't open that locker.	你的鑰匙打不開那個置物櫃。
Why don't you open it first?	你為什麼不先打開它？
You need to put your equipment back in the trunk.	你需要把你的裝備放回後備箱。
Now where do you think you are going???	你現在想去哪裡？？？
You're trying to be inconspicuous. Leave the marked car for uniformed officers.	你想保持低調。留下警車給制服警員。
Don't you think you should checkin at Homicide first?	你不認為應該先到重案組報到嗎？
The unmarked car is reserved for officers in plain clothes.	便衣車是給便衣警員用的。
You need one of those funny-looking keys.	你需要那種奇怪的鑰匙之一。
Sooo... what are we booking this fine upstanding citizen on anyway?	那麼……我們到底要以什麼罪名起訴這位高尚的公民呢？
Quit clowning around Bonds. Give me a real code.	別鬧了，Bonds。給我一個真正的代碼。
You sure about that Bonds? Better dust off that Officer's Manual and bone up on your codes.	你確定嗎，Bonds？最好翻出警員手冊補習一下你的代碼。
You got any ID on this guy Sonny?	Sonny，這傢伙有身分證嗎？
Yea, here you go.	是的，給你。
Any personal effects?	有什麼個人物品嗎？
One knife, concealed weapon.	一把刀，暗藏武器。
I'm returning your cuffs here through the drop box. Don't forget 'em!	我透過投遞箱把你的手銬還給你。別忘了！
Say, Bonds. Officer Morales is requesting a supervisor for a refusal to sign.	聽著，Bonds。Officer Morales 正要求上級來處理一個拒絕簽名的案件。
She's waiting out on the freeway near the 7th Avenue on ramp.	她在高速公路7號出口附近等著。
You find a knife concealed in the man's briefs. Good work!	你在那男子的內褲裡發現一把刀。做得好！
You remove your cuffs from the drunk.	你從醉漢身上摘下手銬。
You'd better have him dump out his pockets first.	你最好先叫他把口袋倒空。
Sir, please step over here and empty your pockets into this drawer.	先生，請走這邊來，把口袋裡的東西倒進這個抽屜。
Thanks, Sonny. Hope the rest of your patrol is less exciting.	謝謝，Sonny。希望你剩下的巡邏勤務沒那麼驚險。
Step over here, Sir. Now!	先生，這邊走。立刻！
I want you to blow as hard as you can into this tube.	我要你盡力對著這個管子吹。
According to this, your blood alcohol level is .15. That is well over the legal limit. I'll have to book you.	根據這個，你的血中酒精濃度是 .15。這已經大大超過法定上限。我得登錄你。
Hellooo!... Earth to Sonny! You gonna give me this guy's belongings or what?	喂！...Sonny，醒一醒！你到底要不要把這傢伙的東西交給我？
Well?..	怎樣？..
Bonds! You know better than to bring a prisoner in here without checking your gun first. That'll cost you a $2.50 fine.	Bonds！你應該知道帶犯人進來前要先交槍。這要罰你2.50元。
Put it here in the drop and you can get it back after you finished with the prisoner.	放在這個投置口裡，你處理完犯人後就可以拿回來。
You walk over, deposit your gun and grudgingly pay the $2.50 fine.	你走過去，放下槍，勉強付了2.50元的罰款。
You mean to tell me you fished that outta this guy's shorts? You've got some guts, Bonds.	你是說你從這傢伙的短褲裡掏出那東西？你膽子真大，Bonds。
Hey Sonny, you want to book this guy?	嘿，Sonny，你要登錄這傢伙嗎？
Let's get this prisoner booked, Bonds.	我們把這個犯人登錄了吧，Bonds。
Finish up and hand him over, Bonds.	處理完了就把他交過來，Bonds。
I'm about ready for a break, Bonds. Let's hurry up and get this guy behind bars so I can eat my sandwich.	Bonds，我快要休息了。我們快點把這傢伙關起來，這樣我好吃我的三明治。
I said I just got a message that you're to assist an officer on the freeway, Bonds. ASAP.	我說我剛收到一條訊息，要你立刻去高速公路協助一名警員，Bonds。
You gonna go get me some bodies to lock up, or what?	你是去替我抓幾個人關起來，還是怎樣？
Go catch some criminals, Bonds. I'm getting lonely in here.	去抓些犯人吧，Bonds。我在這裡都快寂寞了。
The booking officer can't help you unless you give him something to work with.	登錄官沒有東西就幫不了你。
Officer Bonds! It's extremely tacky to point your gun at a fellow officer, even in jest!	Bonds 警員！就算是開玩笑，用槍指著同事也很不得體！
He already knows who you are! Geez!	他已經知道你是誰了！天哪！
Ah, tell it to your mother.	哈，去跟你媽說吧。
I bet you like the strip search best of all.	我打賭你最喜歡的是全身搜身。
I hear a night stick is a cop's best friend.	我聽說警棍是警察最好的朋友。
Just get on with it unless you want a puddle.	要不你會尿出一灘來，所以快去做吧。
You're so close to handing him over to the jailer.   Surely you can hold your temper for another few minutes.	你距離把他交給獄卒只差一點了。你肯定可以再忍幾分鐘。
You've already searched him - and you didn't enjoy it much the first time.	你已經搜過他了，而且第一次搜的時候你也沒那麼喜歡。
How dry I am. How wet I'll be. If I don't find a place to p.....	我現在多乾。我待會有多濕。如果我找不到地方去 p.....
You're so close to handing him over to the jailer. Surely you can hold your temper for another few minutes.	你距離把他交給獄卒只差一點了。你肯定可以再忍幾分鐘。
You've already removed his cuffs.	你已經解下他的手銬了。
You take your gun, embarrassed that you didn't check it outside.	你拿起槍，為自己沒有在外面就檢查而感到尷尬。
What do you wish to put in the drop?	你要在投置口裡放什麼？
You'll have to take the cuffs off first.	你得先解下手銬。
You don't have anything to put in the drop.	你沒有東西可以放在投置口裡。
You put the suspect's knife into the drawer.	你把嫌犯的刀放進抽屜。
You put the suspect's license into the drawer.	你把嫌犯的證件放進抽屜。
Only prisoners are allowed through that door.	只有犯人可以通過那扇門。
One test is enough.	一次檢測就夠了。
You need to remove his cuffs first.	你得先解下他的手銬。
There's no reason to test this guy. His problems run deeper than alcohol!	沒必要測這傢伙。他的問題不只是酒精！
There's no one to test.	沒有人可以測。
You need to turn the machine on first.	你得先開機。
You turn on the Gas Chromatograph.	你打開了氣相色譜儀。
There's nothing except cleaning supplies and paper in the cabinets, none of which you need.	櫃子裡只有清潔用品和紙，你都不需要。
You don't need to use the pay phone.	你不需要用投幣電話。
You don't need any paper towels at the moment.	你現在不需要紙巾。
What case number, Sonny?	案號是什麼，Sonny？
Name?	名字？
Unknown source.	來源不詳。
Samuel Britt.	Samuel Britt。
Clifford Jones.	Clifford Jones。
Marie Bonds.	Marie Bonds。
Andrew Dent.	Andrew Dent。
John Doe.	John Doe。
Description of evidence?	證物的敘述？
Broken neck chain.	斷裂的項鍊。
Bronze Star.	銅星獎章。
Gold paint transfer.	金色烤漆轉移痕跡。
Skin and hair samples.	皮膚與毛髮採樣。
Personal photo.	個人照片。
Blood and hair samples.	血液與毛髮採樣。
Insignia Ring.	徽章戒指。
Cult book.	邪教書籍。
White paint sample.	白色烤漆樣本。
Location found?	發現地點？
Clutched in victim's right hand.	緊握在被害人右手中。
Scene of attack - mall parking lot.	攻擊現場——購物中心停車場。
Left rear quarter panel of abandoned 1973 Ford Pinto.	一輛遭棄置的1973年 Ford Pinto 左後葉子板。
Under victim's fingernails.	被害人指甲縫中。
Burned-out house, 500 block west Peach.	燒毀的房屋，西 Peach 街500號街區。
Left hand, murder suspect Steve Rocklin.	命案嫌犯 Steve Rocklin 的左手。
On body of murder suspect Steve Rocklin.	在命案嫌犯 Steve Rocklin 身上。
Left rear quarter panel of 1976 GTO.	1976年 GTO 左後葉子板。
And disposition?	處置方式呢？
Analyze for possible match to with paint transfer in case #199145.	分析是否與案號199145的烤漆轉移痕跡相符。
Analyze for possible vehicle type.	分析可能的車輛型號。
Analyze for DNA profile.	分析DNA圖譜。
Secure as evidence.	列為證物保管。
This is a new case Gibbs. I need a new number.	這是一件新案子，Gibbs。我需要一個新案號。
Ok Sonny, the next number is 199145.	好的 Sonny，下一個案號是199145。
You got something to drop off or are you just here for the show?	你是有東西要送交，還是純粹來看熱鬧的？
If you haven't got something for me, Bonds, do you mind clearing the path for officers that do?	如果你沒有東西要交給我，Bonds，可以請你讓路給有東西要交的員警嗎？
Are you here to book some evidence or are you just lost?	你是來登錄證物的，還是迷路了？
If you don't want to make a 'deposit', Bonds, why the hell are you here?	如果你不是來「投遞」的，Bonds，你到底來這裡幹嘛？
You could try it, but it would only get you suspended REAL fast.	你可以試試看，不過那只會讓你很快就被停職。
If you want to give Officer Gibbs something, use the evidence deposit slot.	如果你要交東西給 Gibbs 警員，請用證物投遞口。
Just put something in it.	放點東西進去就對了。
Evidence doesn't want that.	證物室不收這個。
Where the heck you goin', Sarge? This here's the ladies room! Men's is right next door.	你到底要去哪啊，警佐？這裡是女廁！男廁就在隔壁。
Whew, that lady ought to be in professional boxing!   Guess you went in at the wrong time.	哇，那位小姐去打職業拳擊都行！看來你走錯時間了。
"You men are all alike!  Only one thing on your filthy minds!  Freakin' pervert!"	「你們這些男人都一個樣！腦子裡就只有那件骯髒事！死變態！」
Hey, Sarge! Nice day, ain't it? Sure as heck would like ta be fishin'!	嘿，警佐！今天天氣不錯吧？真希望現在能去釣魚啊！
Ya know, there's a great little lake just outsida town that's chock fulla bass.	你知道嗎，鎮外有個小湖魚況超好，鱸魚多到爆。
Maybe y'all'd like ta go fishin' with me sometime.	改天說不定你也想跟我一起去釣魚。
Well, gotta get back ta work. Take care now, y'hear?	好啦，我得回去工作了。保重啊，聽到沒？
Mr. Stump, the toilet in the men's locker room is overflowing.	Stump 先生，男更衣室的馬桶滿出來了。
Think maybe you can take care of that for me? It's a real mess.	可以麻煩你處理一下嗎？真的是一團亂。
Well, I sure can! Heck, I'll get right on it, Sarge.	沒問題！我這就馬上去處理，警佐。
The door's already open.	門已經開了。
There's nothing you need in that box.	那個箱子裡沒有你需要的東西。
You take some flares.	你拿了一些照明彈。
You already have plenty of flares.	你的照明彈已經夠多了。
You take some batteries from the box.	你從箱子裡拿了一些電池。
You already have plenty of batteries.	你的電池已經夠多了。
Mr. Stumps is friendly, but he's not THAT friendly.	Stumps 先生人是很親切，但沒有親切到那種程度。
The janitor looks friendly enough, so you strike up a conversation.	這位工友看起來挺和善的，於是你上前攀談。
Looking for a new career?	在找新工作嗎？
But... there's no fire.	可是……根本沒有火災。
Just walk in.	直接走進去就行了。
You don't need to open the window.	你不需要打開窗戶。
The lights are left on during the day.	燈白天就這樣一直開著。
Looks like the janitor fixed the toilet.	看來工友已經把馬桶修好了。
You unroll all of the two ply toilet paper creating a big wad.	你把整捲雙層衛生紙都抽了出來，揉成一大團。
You toss the wad of paper into the toilet and flush it.	你把那團紙丟進馬桶裡沖掉。
The toilet complains loudly and starts to overflow.	馬桶發出很大的怪聲，開始滿出來。
Now, what was my combination? Oh yeah, I wrote it down on the inside cover of my Police Manual.	我的密碼是多少來著？對了，我寫在警員手冊的封面內側了。
The janitor looks a little busy at the moment. Better leave him alone and get on with your sleuthing?	工友現在看起來有點忙，還是別打擾他，繼續辦你的案子吧？
I wouldn't go in there with that toilet running.	那馬桶還在運轉，我勸你別進去。
Geez! Someone had some serious paper work to do in here. They musta' used an entire roll.	天啊！有人在這裡搞出好大的「紙上作業」，一定是把整捲都用光了。
Bet it was that Officer Walls again.	我敢說一定又是 Walls 警員幹的。
Flush. Flush. The spiraling water IS spellbinding, isn't it?	沖水、沖水。打旋的水流還真是迷人，對吧？
This is the men's locker room - not target practice.	這裡是男更衣室，不是打靶場。
Try your combination.	試試你的密碼。
Oops. The t.p. dispenser is empty. Good thing you noticed it while you're still standing.	糟了，衛生紙盒是空的。還好你現在還站著就發現了。
Someone's used up all the toilet paper. You'll have to wait for the janitor to fill the dispenser.	有人把衛生紙全用光了，你得等工友來補貨。
The dispenser is empty.	衛生紙盒是空的。
The janitor hasn't filled the dispenser with paper yet.	工友還沒把衛生紙補進盒子裡。
The "Roll King"dispenser is filled with a fresh new roll of standard issue, two-ply "Timbersoft" toilet paper.	「衛生紙王」紙盒裡裝著一捲全新的公發雙層「Timbersoft」衛生紙。
The roll is empty. You emptied it, remember?	這捲是空的，記得嗎，是你自己用光的。
It seems the last person used all the toilet paper.	看來前一個人把衛生紙全用光了。
Oops. The t.p. dispenser is empty. Good thing you notice it while you're still standing.	糟了，衛生紙盒是空的。還好你現在還站著就發現了。
The toilet paper is all gone. You begin to wonder if the janitor is doing his job.	衛生紙全沒了，你開始懷疑工友是不是有在做事。
They can put men on the moon... but they can't make a dispenser that won't run out of paper!	人類都能送人上月球了……卻做不出一個不會沒紙的衛生紙盒！
Damn! No paper!	可惡！沒紙了！
No time to sit now. Besides, the toilet paper is all gone. You leave the janitor a note to fill the toilet paper dispenser.	現在沒空坐下來，而且衛生紙也用光了。你留了張紙條給工友，請他補衛生紙。
No paper! You wish the chief would stop using this stall.	沒紙了！真希望局長不要再用這間廁所了。
I would have thought you would know the use for toilet paper.	我還以為你會知道衛生紙是做什麼用的。
You can't do that from there...	你在那裡沒辦法那樣做……
They have a name for people who are obsessed with toilets, you know.	你知道嗎，對馬桶著迷的人是有專有名詞的。
You remove your nightstick.	你取下警棍。
You remove your notebook.	你拿出筆記本。
That locker belongs to somebody else, Bonds!	Bonds，那個置物櫃是別人的！
You don't have time to sit down.	你沒有時間坐下來。
Breaking and entering doesn't look good on a policeman's record, Sonny!	Sonny，非法侵入寫進警察的紀錄裡可不好看！
That would only attract attention, don't you think.	那樣只會引人注意，你不覺得嗎。
That won't help you open the locker.	那樣沒辦法幫你打開置物櫃。
You take notes on what you've found in Morales' locker.	你把在 Morales 置物櫃裡發現的東西記下來。
You'd better leave the cocaine here. If it were missing, Morales would get suspicious.	你最好把古柯鹼留在這裡，要是不見了，Morales 會起疑心。
You take notes on what you have found.	你把發現的東西記下來。
You need to get out of here quickly. You don't have time to lounge!	你得趕快離開這裡，沒時間閒晃！
It's bad enough that you're even in here!	你會在這裡就已經夠糟了！
That's not Morales' locker!	那不是 Morales 的置物櫃！
That's the door to the Sergeant's office. Hey, that's you.	那是警佐辦公室的門。嘿，那不就是你嗎。
That's the door to the Sergeant's office.	那是警佐辦公室的門。
That's unnecessary. Just open the door.	沒必要這樣，直接開門就好。
That won't get you anywhere.	那樣不會有什麼幫助。
Thanks to the gang of Doug Oldfield, Chris Hoyt, Kim Bowdish and Mike Larson. The programmers who really deserve the main credit for this game.	感謝 Doug Oldfield、Chris Hoyt、Kim Bowdish 與 Mike Larson 這群夥伴，他們才是真正該為本作居功的程式設計師。
You look over the bulletin board, but see nothing of interest.	你看了一遍佈告欄，但沒看到什麼值得注意的東西。
That's unnecessary.  Just walk through the door.	沒必要這樣，直接走過去就好。
The Vice door is locked.	風化組的門鎖著。
You have a serious talk with Morales...	你和 Morales 進行了一次嚴肅的談話……
I have a complaint here alleging that you were verbally abusive to one of the violators you stopped.	我這裡有一份投訴，指控你對你攔查的一名違規者出言辱罵。
The complaint states that you yelled, screamed and used profanity.	投訴內容指出，你當時大吼大叫還講髒話。
So whaddya want from me? The guy was a jerk!	那你要我怎樣？那傢伙本來就是個混蛋！
He'd of liked to do more than file a complaint - if ya know what I mean.	他原本想做的可不只是投訴而已——你懂我的意思吧。
Continuing the interview you ask...	你繼續問話……
Alright. Why don't YOU tell ME what happened?	好吧。不如你來告訴我到底發生了什麼事？
I pull the guy over, right? He's goin' 75, maybe 80 in a 50 mile zone.	我把那傢伙攔下來，對吧？他在限速50英里的路段開到75，甚至80。
I walk up to the car and BOOM, right away he starts eyein' me and lippin' off.	我走近車子，結果一下子他就開始瞪我、對我頂嘴。
I'm to put up with that crap?	難道我還得忍受那種鳥事？
You ask Officer Morales directly...	你直接問 Morales 警員……
Did you raise your voice and use profanity with the man or not?	你到底有沒有對那個人提高音量、講髒話？
Look - you try bein' a woman cop for just one day. Then tell me how to do my job!	聽好——你自己去當一天女警試試，再來告訴我該怎麼做我的工作！
Truthfully? I don't remember what the hell I said, but whatever it was I had damn good reason!	說實話？我不記得自己到底說了什麼，但不管說了什麼，我都有充分的理由！
Okay, Morales, that's it for now.  Get back on duty and see if you can keep the 'civil' in civil servant.	好了，Morales，先這樣。回去繼續執勤，看你能不能把「公僕」的「公」字做好一點。
Sure, Sarge. Whatever you say.	沒問題，警佐。你說了算。
You think about what you've learned regarding the civilian complaint.	你想起了你對民眾投訴的了解。
UNFOUNDED-\n   You find the complaint unfounded.\nEXONERATED-\n   Not believing the complainant, you exonerate the officer.\nSUSTAINED-\n   Based on the interview, you conclude that disciplinary action is necessary. You sustain the complaint against her.\nUNDETERMINED-\n   Feeling undecided based on the interview, you label the complaint undetermined.	不成立—\n   你認定該投訴不成立。\n無責—\n   你對申訴人的說法不信服，判決該警員無責。\n成立—\n   根據面談內容，你認為必須予以紀律處分。你判定對她的投訴成立。\n待定—\n   對面談結果感到猶豫不決，你將該投訴標示為待定。
You leave the complaint on the Lieutenant's desk.	你把投訴書留在中尉的桌上。
You can take the cop off the street, but you can't take the street out of the cop, eh Sonny?	你可以把警察拉下街道，但拉不掉警察心裡的街道，對吧 Sonny？
Oh well, it's getting stuffy in here anyway. Time to roll.	算了，這裡悶得要命。該出門巡邏了。
You remove a requisition form for a "computer access card." from the basket.	你從籃子裡拿出一份「電腦進出卡」的申請表。
You remove a form from the basket.	你從籃子裡拿出一份表格。
It's a departmental "Disciplinary Action Form" with a note attached.	這是一份部門的「紀律處分表」，附帶一張便條。
The note from the Lieutenant reads...	中尉的便條寫著…
"Bonds, please interview Officer Pat Morales regarding a complaint. The complainant alleges that the officer used profanity and verbally abused him during the issuing of a citation. Determine disciplinary action, if any, based on your interview. Leave this form on my desk when you're done."	「Bonds，請訪談 Pat Morales 警員關於一項投訴。申訴人宣稱該警員在開罰單時用了粗言穢語並言語辱罵他。根據你的訪談決定是否需要紀律處分。完成後把這份表格留在我的桌上。」
Nothing's in there to take.	裡面沒什麼好拿的。
The In/Out basket appears to have something in it.	進出籃看起來裡面有東西。
The In/Out basket is empty.	進出籃是空的。
This is for memos, requests and files.	這是放備忘錄、申請單和檔案的。
You are in homicide division now. Use the your computer there.	你現在在重案組。使用那裡的電腦。
Your computer is already turned on.	你的電腦已經開著。
You are in homicide division now. Use your desk there.	你現在在重案組。使用那裡的辦公桌。
You are in homicide division now. Use the phone there.	你現在在重案組。使用那裡的電話。
Use your own desk.	使用你自己的辦公桌。
Don't mess with the Lieutenant's stuff.	別碰中尉的東西。
Now why would you want to take a garbage can?	你為什麼要拿垃圾桶？
There's nothing even remotely interesting on that bulletin board.	布告欄上沒有什麼有意思的東西。
There's nothing you need in the file drawers.	檔案抽屜裡沒有你需要的東西。
You are in homicide division now. Your new desk and chair are there.	你現在在重案組。你的新辦公桌和椅子在那裡。
Why would you want to sit on that hard visitor's chair when you can sit on your own comfy one?	你為什麼要坐那張硬的訪客椅？你有自己舒服的椅子。
You have your own chair. Leave the Lieutenant's alone.	你有自己的椅子。別動中尉的。
You prefer to catch the criminals - let the lawyers read all that crap.	你還是喜歡抓罪犯—那些法律文件就讓律師去讀吧。
You need a computer access card first.	你得先有一張電腦進出卡。
You insert your computer access card.	你插入你的電腦進出卡。
I'll catch up with you later, Sonny.	我等一下再跟你聯絡，Sonny。
You pick up and read the message...	你拿起並讀著訊息…
Bonds, a Carla Reed called for you. Said she saw the newspaper article about Marie.	Bonds，一個叫 Carla Reed 的人來找你。她說她看到了關於 Marie 的報紙報導。
Better get on over there. I think she may have something for you.	最好趕快過去。我想她也許有什麼要告訴你。
Strange address though. 325 South Second St. That's the old industrial park.	不過地址滿奇怪的。South Second 街 325 號。那是舊工業區。
Sonny, Dr. Wagner called and would like you to stop by the hospital.	Sonny，Wagner 醫生來過電話，希望你去醫院一趟。
You pick up a message from the Captain.	你拿起警監的訊息。
Sonny, drive out to the 300 block of W. Rose. There's a murder victim that you better have a look at.	Sonny，開車去 W. Rose 300 街區。有具命案現場，你最好去看一下。
You remove the subpoena.	你取下傳票。
"You are commanded to appear in the Lytton Municipal Court as a witness in the case of People VS. Juan Ruiz."	「你奉令在 Lytton 市法院出庭，作為人民訴 Juan Ruiz 一案的證人。」
You remember that you cited Mr. Ruiz for impeding traffic.	你想起你曾因妨礙交通的罪名開罰單給 Ruiz 先生。
The note reads:"Sonny, Dr. Wagner called again to remind you that it is important for you to see Marie every day."	便條上寫著：「Sonny，Wagner 醫生再次來電提醒你，重要的是你每天都要去看 Marie。」
Afternoon, Bonds!	午安，Bonds！
Hey, Sonny. I'm goin' to the locker room. If ya get lonely, just holler, eh? Oh, and don't let anybody mess with my stuff.	嘿，Sonny。我要去置物櫃室。如果你覺得無聊，就喊我啦，好嗎？對了，別讓人亂動我的東西。
I was just on my way to the locker room. I'll be back in a minute, if you need me.	我正要去置物櫃室。如果你需要我，我馬上就回來。
We got a call for a homicide at the 300 block of west Rose. I'll meet you in the garage.	我們收到西 Rose 300 街區有命案的通報。我在停車庫跟你會合。
Gotta take care of some woman stuff Bonds. Be right back.	得去處理點女人的事情，Bonds。馬上回來。
Yo Bonds! Be back in a sec.	呦，Bonds！一下子就回來。
Sergeant, don't you think you'd better get back out on the streets where you belong?	警佐，你不覺得應該回到街上去嗎？
Sergeant Bonds. Good to see you. Sorry I can't talk. Got an Internal Affairs meeting, and I have to finish writing this report.	警佐 Bonds。很高興見到你。抱歉我不能談。我有內部事務部門的會議，還得完成這份報告。
Welcome back, Bonds.	歡迎回來，Bonds。
I'm sorry to hear about your wife, Marie.	很遺憾聽說你的妻子 Marie 出事了。
I'm assigning you to her case, since I know you won't be able to concentrate on anything else.	我指派你負責她的案子，因為我知道你無法專注在其他事情上。
Marie's case number is 199144.	Marie 的案號是 199144。
You might want to review another stabbing case to see if there are any similarities.	你可能想檢查另一起刺殺案件，看看有沒有類似的地方。
That case number is 199137.	那個案號是 199137。
By the way, I want to introduce you to your new partner.	對了，我想介紹你給你的新搭檔認識。
Officer Bonds, meet Officer Pat Morales, your new partner.	警員 Bonds，認識一下警員 Pat Morales，你的新搭檔。
Oh no, not you!?	噢不，不會是你吧！？
Hey, Bonds. Looks like we're stuck together, eh?	嘿，Bonds。看來我們要湊在一起了，是吧？
Sorry if I've been a little rough around the edges lately. I'm not so bad once you get to know me.	如果我最近有點粗魯的話抱歉。一旦你認識我，就知道我不是那麼壞。
Listen, Sonny. I...I can't begin to imagine what you must be going through. But I want you to know that the entire department is pulling for you to catch the thug who did this.	聽著，Sonny。我...我無法想像你現在經歷的是什麼。但我要讓你知道，整個警局都支持你抓住那個幹這事的王八蛋。
I admire your ability to maintain a professional attitude through this hardship. You are to be commended. I just wanted to remind you to examine the scene of the crime thoroughly.	我很欣賞你在這種困頓中仍能保持專業態度。這值得表揚。我只想提醒你要徹底檢查犯罪現場。
Have you been back to the mall to look for any physical evidence in Marie's stabbing yet?	你有回過購物中心找 Marie 遭刺案的物證嗎？
Bonds, don't let your emotional state over Marie's injuries distract you from making a comprehensive sweep of the crime site.	Bonds，別讓你對 Marie 傷勢的情緒分散你的注意力，你要全面搜索犯罪現場。
Bonds, I understand you're getting sloppy on this case. Get your butt back to the mall and search that crime area again, damnit!	Bonds，我聽說你在這案子上工作有點馬虎。滾回購物中心去，再搜一遍犯罪現場，該死！
Don't worry, your lady will pull through.	別擔心，你的妻子會挺過來的。
I hope Marie's doin' better.	我希望 Marie 好些了。
Marie's gotta be one tough cookie to have put up with you this long, Sonny. She'll be alright.	Marie 一定是個硬骨頭，居然能忍受你這麼久，Sonny。她會沒事的。
Major drag about Marie, Sonny. Hope she pulls through.	關於 Marie 的事真是太糟了，Sonny。希望她能挺過來。
 Well Bonds! Get out there and catch some bad guys!.	 好吧，Bonds！出去抓壞傢伙吧！
You advise the captain of the pentagram pattern based on the murder locations, times, and dates.	你根據兇殺案的地點、時間和日期向警監報告五角星圖案。
You also tell him the possible location of the next hit.	你也告訴他下一次襲擊可能發生的地點。
Well that doesn't leave much you time, Bonds!	那樣的話你沒有太多時間了，Bonds！
 Did you check your computer Bonds? Better take a look!	 你有檢查你的電腦嗎，Bonds？最好看一下！
You seen the messages on your computer, Bonds? Better take a look!	你有看過你電腦上的訊息嗎，Bonds？最好看一下！
 Have you called dispatch with that description yet?	 你有把那個描述報給勤務中心嗎？
You may want to get that description on the air.	你最好把那個描述傳出去。
Well that doesn't leave much time Bonds!	這樣的話你沒有太多時間了，Bonds！
You seen the messages on your computer Bonds? Better take a look!	你有看過你電腦上的訊息嗎，Bonds？最好看一下！
Bonds! I want you to get over to the 200 block of River Road, now!	Bonds！我要你馬上去 River Road 200 號街區！
You feel a warm flushed feeling comes over you as Morales walks in and catches you in her drawer.	當 Morales 走進來抓住你翻她的抽屜時，你感到一股溫暖的臉紅感。
HEY! You mind telling me what the hell you're doing in my desk? That's breaking and entering. Your going to hang for this, Bonds!	嘿！你來告訴我你在我的桌子裡幹什麼呢？這是撬鎖入室。你會為此付出代價的，Bonds！
Hey Bonds, you better quit leaving department equipment lying around. That baglady had a fit not being able to move her shopping cart.	嘿，Bonds，你最好別在那裡亂丟警局設備。那個拾荒婦女因為搬不了她的購物車而發火。
You turn bright red as the captain hands back your cuffs you forgot at the warehouse.	當警監把你在倉庫遺忘的手銬還給你時，你的臉變得通紅。
Bonds, the coroner called and said he has something important for you. 	Bonds，法醫打來說他有重要的事要給你。 
Something he found on the fatal crash victim last night. Better get over to see him,.. pronto!	他在昨晚那個致命車禍死者身上發現的東西。最好趕快去見他！
Your partner should be back from her physical testing any second.	你的搭檔應該馬上就會從體能測試回來。
Captain, I have reason to believe that my partner, Morales, has stolen some of the evidence from the Rocklin case.   There were five bags of cocaine removed from accident scene, but only four were checked in as evidence.	警監，我有理由相信我的搭檔 Morales 從 Rocklin 案中盜竊了一些證物。   事故現場移出了五袋可卡因，但只有四袋被登錄為證物。
I'm also beginning to suspect that she may be in league with this cult.	我還開始懷疑她可能與這個教派有勾結。
Alright Bonds, I'll have the Internal Affairs boys check it out and keep an eye on her. Play it straight but be careful.	好的，Bonds，我會讓內務組去查這件事並監視她。照規矩辦但要小心。
You're not in the homicide division.	你不在重案組。
You have messages on your computer.	你電腦上有訊息。
This is your computer.	這是你的電腦。
The chairs are for officers assigned to Homicide.	這些椅子是給重案組的警員用的。
Your chair isn't exactly a lazy boy, but you like it.	你的椅子不是豪華躺椅，但你喜歡它。
You are already sitting down.	你已經坐下了。
That's where Pat sits.	那是 Pat 坐的地方。
Sit in your own chair, Sonny.	坐在你自己的椅子上，Sonny。
It's Pat's desk drawer.	那是 Pat 的桌子抽屜。
The desks are for officers assigned to Homicide.	這些桌子是給重案組的警員用的。
It's locked.	它被鎖上了。
You don't have the key.	你沒有鑰匙。
Better not while people are in the room.	最好別在有人在房間裡的時候做。
You find a piece of paper with a series of numbers on it..."386."	你發現一張紙上有一列數字…「386」。
Carefully you close and relock the drawer.	你小心地關上並重新鎖上抽屜。
You jot the numbers down in your notebook.	你把那些數字記在筆記本上。
Pat is busy at her desk right now.	Pat 現在正在她的桌前忙著。
She doesn't want to shake hands, Bonds.	她不想和你握手，Bonds。
You've already informed the captain of Morales' activities.	你已經把 Morales 的活動告訴了警監。
The captain doesn't have time for idle chit chat.	警監沒有閒工夫閒聊。
You have a phone message from the captain in your basket.	你的籃子裡有來自警監的電話訊息。
There is a note in your basket.	你的籃子裡有張便條。
There's a subpoena in your basket.	你的籃子裡有份傳票。
You need your Computer Access card.	你需要你的電腦存取卡。
That's where Earl sits.	那是 Earl 坐的地方。
Messing with Captain Tate could get you fired, Bonds.	招惹 Captain Tate 可能會讓你被開除，Bonds。
That desk belongs to Pat Morales - your partner.	那張桌子是 Pat Morales 的──你的搭檔。
You are not assigned to Homicide right now.	你現在沒被分配到重案組。
There's nothing of interest on Pat's desk.	Pat 的桌子上沒有什麼有趣的東西。
Earl Hank's desk is cluttered and covered with scuff marks from his shoes.	Earl Hank 的桌子很亂，到處是他鞋子留下的刮痕。
Leave Earl's stuff alone.	別動 Earl 的東西。
Your desk is near the filing cabinet.	你的辦公桌在檔案櫃旁邊。
The window doesn't open and the blinds are fine.	窗戶打不開，百葉窗也好好的。
You can't stop crime by ripping up the graph.	把圖表撕了也阻止不了犯罪。
None of the books interest you.	這些書你一本都不感興趣。
The messages are public - leave them up.	這些公告是給大家看的，別拿下來。
The memo advises of a mandatory attendance of all female officers for physical performance testing at the beginning of shift tomorrow.	備忘錄通知：全體女警明天上班一開始要強制參加體能測驗。
Herein lies the names of the programmers who without undo fanfare brought you this game. Doug Oldfield, Chris Hoyt, Kim Bowdish and Mike Larsen.	這裡列著默默無聞、為你帶來這款遊戲的程式設計師名單：Doug Oldfield、Chris Hoyt、Kim Bowdish 與 Mike Larsen。
Rarely do you find anything of interest on the bulletin board.	佈告欄上很少有什麼值得看的東西。
Your fellow officers have been a little on edge since the corner donut shop closed. You take their ribbing in stride knowing that it comes with the territory when your the new Sarge on the block.	自從街角的甜甜圈店關門後，同事們的脾氣都有點浮躁。你不當一回事，畢竟剛當上新警佐，被虧幾句是免不了的。
Come on Sarge! Get with the briefing.	拜託，警佐！快點開始交班簡報吧。
The Lytton public needs us, Sergeant! Give us the crap of the day so we can get out of here.	Lytton 的市民需要我們，警佐！趕快把今天的鳥事講一講，讓我們出去辦事。
You'd think a new Sergeant would know what to do.	你以為新警佐會知道該怎麼做。
Obviously the Sergeant needs someone to take him by the hand!	看來這位警佐需要有人牽著他的手才行！
Since you're obviously not up to it, the "Officer in Charge" conducts the briefing.	既然你顯然應付不來，就由「代理主管警員」來主持簡報。
Good afternoon, Officers!	各位警員，午安！
 Ahem! Since Sergeant Bonds here has obviously forgotten about filling in for Officer Jaco while he's on vacation,... I will go ahead with the briefing.	咳！既然 Bonds 警佐顯然忘了自己要代理休假中的 Jaco 警員……那就由我來主持這場簡報。
Anyway, you all have today's duty sheets...	總之，各位都拿到今天的勤務表了……
Officer Miller goes over the duty sheets. Then he says...	Miller 警員把勤務表講過一遍，接著說……
That's it. Have a safe shift and think about making right hand approaches on your car stops.	就這樣。祝大家勤務平安，攔車臨檢時記得從右側接近。
You begin the briefing...	你開始主持簡報……
Good afternoon, people!	各位，午安！
I will be filling in for Sergeant Jaco while he's on vacation.	Jaco 警佐休假期間，由我代理。
You advise the afternoon shift of the procedural information and announcements listed on the clipboard and close by saying...	你把寫字板上的程序事項與公告一一交代給下午班，最後說……
Have a safe shift and think about making right hand approaches on your car stops.	祝大家勤務平安，攔車臨檢時記得從右側接近。
OK!  OK!  Your office after the briefing.  I heard ya!  Sheesh!	好啦！好啦！簡報完再去你辦公室，我聽到了啦！唉唷！
Morales, I need to have a word with you in my office after this afternoon's briefing.	Morales，下午簡報結束後，到我辦公室來，我有話跟你說。
She REALLY doesn't want to talk to you.	她真的一點都不想跟你講話。
Afternoon, Morales.	午安，Morales。
Ok,..so what did I do this time?  Wait!... don't tell me... another complaint from some moron who thinks he was the victim of police brutality.	好啊……這次我又做了什麼？等等……別告訴我……又是哪個白痴自以為被警察施暴，跑來投訴。
Sure, Sarge. I'd love to come hear some idiot's complaint. It'd make my day.	好啊，警佐。我超想去聽哪個白痴投訴，聽了保證心情大好。
What is this, a talk show? Just give the damn briefing.	這是在幹嘛，開脫口秀嗎？簡報講一講就好。
You stutter for a moment then mutter something about just being friendly.	你結巴了一下，含糊地說自己只是想表示友善。
Officer Joe Banks responds after being interrupted from his report writing...	Joe Banks 警員寫報告被打斷，回話說……
Gee Sarge, I'd really like to finish this report.	唉，警佐，我很想把這份報告寫完。
Not looking up, Officer Banks says...	Banks 警員頭也不抬地說……
Please don't break my concentration!	拜託別打斷我的專注！
Officer Banks ignores you and continues writing.	Banks 警員沒理你，繼續寫他的。
Referring to the academy, Carl says...	Carl 提到警校時說……
Drawing attention to you, Officer Law says...	Law 警員把大家的目光引到你身上，說……
Welcome back from the Palace of Pain!	歡迎從「痛苦殿堂」回來！
No doubt the Academy hasn't changed any since the crap keeps rolling down hill!	難怪警校都沒變，鳥事還是一路往下滾！
Looky here guys and gals, another star is born! We have a new Sergeant.	各位兄弟姐妹，看看這裡，又一顆新星誕生了！我們多了一位新警佐。
I bet the metamorphosis from good guy to Sergeant was a real experience.  Ha! Ha!	我打賭從好人變成警佐這段蛻變，肯定很有意思。哈！哈！
Can we get on with the briefing Sarge? I've got a date with a coffee shop!	警佐，簡報可以繼續了嗎？我跟咖啡店有約呢！
Hey Sarge! The glare coming off your new chevrons is blinding us. The department's gonna hafta' issue us sun glasses. HA!	嘿，警佐！你那新警階章亮得快把我們閃瞎了，局裡大概得發太陽眼鏡給我們了。哈！
I got a card from Sergeant Jaco. He says he's having a great time in the Bahamas - the scum.	我收到 Jaco 警佐寄來的明信片，他說他在巴哈馬玩得可樂了——這個混蛋。
"Hands off, Bonds!"	「手拿開，Bonds！」
Sonny Bonds wouldn't do that in a million years.	Sonny Bonds 打死也不會做這種事。
They KNOW who you are, Bonds.	他們可清楚你是誰，Bonds。
This afternoon's briefing is already concluded.	今天下午的簡報已經結束了。
Not a chance.	想都別想。
Surely you can think of better ways to handle a woman - even an arrogant one!	你應該想得出更好的方法對付女人吧——就算她再囂張也一樣！
You don't need to sit down.	你不需要坐下。
Just walk out.	直接走出去就好。
Sorry, no chalk.	抱歉，沒有粉筆。
You can't give the briefing that way.	你不能用這種方式做簡報。
Those postings need to stay up for public consumption.	這些公告要留著讓大家看。
Just as you reach for the file...	就在你伸手去拿檔案的時候……
Hey! That's highly confidential material, Sergeant!	嘿！那是高度機密的資料，警佐！
While you turn bright red, Dr. Aimes asks...	你臉紅到不行的時候，Aimes 醫生問……
What is it that you WANT, Bonds? I'm a very busy man.	你到底要什麼，Bonds？我可是很忙的。
You hand the military record to the doctor.	你把軍中紀錄交給醫生。
Lovely. I get to peer into the mind of yet another scumbag.	太好了，我又能窺探另一個人渣的內心了。
The doctor reads Bains' military record.	醫生翻閱 Bains 的軍中紀錄。
Then goes into his 'analysis' pose.	接著擺出他的「分析」架勢。
Rather interesting, actually.	其實還滿有意思的。
He briefs you on the character of Michael Bains.	他向你說明 Michael Bains 的性格分析。
This guy's not your average scumbag. He's closer to the slit-his-own-mother's-throat variety.	這傢伙不是普通的人渣，他比較接近會割自己親媽喉嚨那種。
I'd know more if I'd examined him, but based on this, I'd say he's a schizophrenic psychopath.	要是我親自診察過他會知道更多，但就這份資料來看，我認為他是個思覺失調的精神病態者。
This guy's criminally insane, Bonds. I'd be careful how I approached him.	這傢伙有刑事精神異常，Bonds。我要是你，接近他時會非常小心。
I told you, I can't diagnose thin air.	我說過了，我沒辦法對著空氣做診斷。
Excuse me, Dr. Aimes, I'm tracking a suspected serial killer.	不好意思，Aimes 醫生，我正在追查一名連續殺人案的嫌犯。
Think you can help me out by putting together a psychological profile on him?	你能不能幫我做一份他的心理側寫？
Where's your documentation? I can't diagnose thin air.	你的資料在哪裡？我沒辦法對著空氣做診斷。
You try striking up a conversation with Doctor Sidney Aimes.	你試著跟 Sidney Aimes 醫生攀談。
If you haven't got anything useful to show me, Bonds, please leave. I've no time for chit chat.	如果你沒有拿得出手的資料給我看，Bonds，請你離開，我沒時間閒聊。
I said, keep your hands off, Sergeant! Are you deaf?	我說了，手拿開，警佐！你是聾了嗎？
Would you mind not playing with my balls, please?	可以請你別碰我的球嗎？
Well, Bonds?  You've got your information, now go and catch him.	怎樣，Bonds？你已經拿到資料了，還不快去抓他。
Now that IS Freudian.	這下真的是佛洛伊德式的了。
He's already seen the military record.	他已經看過軍中紀錄了。
But... you're not a mindless executive.	但是……你又不是個沒頭腦的主管。
If you want to play psychologist, you bought the wrong game.	如果你想扮心理醫生，那你買錯遊戲了。
Doctor Aimes prefers to keep his personal property personal.	Aimes 醫生的私人物品，他希望保持私人。
No one seems to be around so you pick up the file. You notice that it's a personnel file of Pat Morales.	附近似乎沒人，你便拿起檔案。你發現這是 Pat Morales 的人事檔案。
Afraid of being caught snooping, you read only the doctor's summary.	你怕被抓到偷看，只讀了醫生的摘要部分。
1. Displays chronic insubordination.	一、長期表現出違抗上級的傾向。
2. Irrational hatred of authority figures.	二、對權威人物懷有不理性的敵意。
3. Low self esteem.	三、自尊心低落。
4. Borderline sociopath.	四、邊緣型反社會人格。
SUMMARY.	摘要。
Evaluation was suggested by Internal Affairs.	此項評估由內部事務處建議進行。
Officer Morales was involved in the destruction of evidence on three different occasions.	Morales 警員曾三次涉入銷毀證物事件。
Internal Affairs concluded the incidents were "coincidental" based on insufficient evidence for disciplinary action.	內部事務處以證據不足、無法採取懲處為由，將這些事件認定為「巧合」。
You return the file to the desk.	你把檔案放回桌上。
You prefer a cold beer to Freudian analysis!	比起佛洛伊德式的分析，你更想來瓶冰啤酒！
The parking lot isn't all that exciting a sight.	停車場的景色沒什麼好看的。
Nah. You have enough trash at home.	算了，你家裡的垃圾已經夠多了。
You don't feel like sitting down.	你不想坐下。
You can't get in there.	你進不去那裡。
Just looking at the titles of Dr. Aimes' books puts you to sleep.	光看 Aimes 醫生那些書的書名，就讓你想睡了。
Don't you have something better to do?	你沒有更好的事情做嗎？
You get enough vitamin 'B'.	你已經攝取夠多維他命 B 了。
You hand the requisition form to Mike, the head technician.	你把申請表交給技術主任 Mike。
"Hey, no problem. You've got the new Mark V model don't you? What a beaut!"	「嘿，沒問題。你拿到新的 Mark V 型號了吧？真是漂亮！」
It goes from zero to 30 Megahertz in 3.5 seconds.	它能在 3.5 秒內從零加速到 30 百萬赫。
And! It has a 4 Megabyte memory capacity, XGA graphics, and a 5 millisecond network access time.	而且！它有 4 百萬位元組的記憶體容量、XGA 繪圖，還有 5 毫秒的網路存取時間。
You wait for Mike to shut-up. But like a streak of bad luck, he keeps going.	你等著 Mike 閉嘴，但衰運當頭，他還在講個不停。
Just don't spill coffee on it, man!	千萬別把咖啡灑在上面啊，老兄！
You shoulda seen what I had to go through when the Chief dripped ice cream all over his. Yuck!	你真該看看局長把冰淇淋滴得滿機器都是時，我得收拾成什麼樣子。噁！
Mike logs your new card and places it on his desk.	Mike 登記了你的新卡片，把它放在桌上。
Okay Bonds, here's your card. It goes in face up, arrow first.	好了，Bonds，這是你的卡片。插的時候正面朝上，箭頭先進去。
I know that's a little hard for you cop types to handle, but you'll figure it out.	我知道這對你們警察來說有點難理解，但你會搞懂的。
It's real simple man. Just boot up your machine and stick in your card.	其實很簡單，老兄。開機之後把卡片插進去就行了。
You pick up the computer access card.	你拿起電腦存取卡。
Mike mumbles to himself...	Mike 自言自語地嘟囔……
I'm getting sick and tired of cops who don't return things.	我真是受夠了那些不物歸原主的警察。
You hear Mike tell the dispatcher.	你聽到 Mike 跟勤務中心人員說。
Get on the radio and tell that dimwit Banks to get that tracking device back to me.	用無線電通知那個笨蛋 Banks，把追蹤器還給我。
Dispatch responds...	勤務中心回應了…
Officer Banks says that he needs the tracker for three more days.	警員 Banks 說追蹤器還要再借三天。
Mike hangs up in disgust.	Mike 厭煩地掛上電話。
Don't you have anything to do, Sergeant?	你沒有正事做嗎，警佐？
Has your brain slipped into neutral, Sarge?	警佐，你的腦子是不是打到空檔了？
Someone, somewhere must need you, Sergeant.	總有人在什麼地方需要你吧，警佐。
Sergeant! Can you stand around and pick your nose somewhere else? I really don't have time for you.	警佐！你要摳鼻子閒晃可以換個地方嗎？我真的沒空理你。
If you don't mind, I need to get back to installing a hard disk.	如果你不介意，我要繼續裝硬碟了。
You look in the cabinet to see what loaner equipment is in stock.	你查看櫃子，看看還有哪些外借裝備。
You see a tracking device in the drawer.	你在抽屜裡看到一台追蹤器。
The drawer is empty.	抽屜是空的。
The head technician, Mike Downs, stops his work and says...	技術主管 Mike Downs 停下手邊的工作說…
Listen, Sarge, I'm a very busy person!	聽好了，警佐，我可是大忙人！
Unless you're here on official business, I don't have time for you!	除非你是為公事而來，不然我沒空理你！
If you don't have your access card, you're out of synch man!	你沒帶通行卡的話，就是狀況外，老兄！
I can't let you access my data without the right authorization sequence.	沒有正確的授權程序，我不能讓你存取我的資料。
These disks don't spin without the right paperwork. Come back when you got the Requisition form.	沒有正確的文件，這些磁碟就不會轉。等你拿到申請單再回來吧。
Hey Mike, what does dispatch want?	喂，Mike，勤務中心找你幹嘛？
Who? Oh. Sure, I'll tell him.	誰？喔，好，我會轉告他。
Hey Bonds! They need you to drive out to Aspen Falls to respond to a call. All other units are occupied.	喂，Bonds！他們要你開車去 Aspen Falls 出勤，其他小隊都在忙。
Listen Sarge, I'm a very busy person! Not your messenger boy.	聽好，警佐，我是大忙人！我又不是你的跑腿小弟。
You remove the tracking device from Mike's desk drawer.	你從 Mike 的桌子抽屜裡拿出追蹤器。
Now, don't you forget to return the tracker either!	還有，別忘了把追蹤器還回來！
Yeah, he's a nerd, but he knows his stuff.	對啊，他是個書呆子，不過真的很懂行。
The lab tech doesn't have time to look at your stuff, Bonds.	Bonds，技術員沒空看你的東西。
Trying to project your voice through glass proves to be futile.	想要隔著玻璃喊話根本沒用。
Yep! There's been times when you've wanted to get your hands around the neck of a dispatcher.	沒錯！有那麼幾次，你真想掐住勤務中心人員的脖子。
Don't look through Mike's cabinet.	別亂翻 Mike 的櫃子。
You're not qualified to screw around with the mainframe.	你沒有資格亂動主機。
There's nothing for you on the desk right now.	桌上現在沒有你要找的東西。
Mike's very protective of his computers.	Mike 對他的電腦保護得很緊。
The computer magazines are of little interest.	這些電腦雜誌沒什麼好看的。
Don't rap on the window and disturb dispatch!	別敲窗戶打擾勤務中心的人！
You have an evil mind.	你的想法很邪惡。
You don't need to get at the computer cables and Mike wouldn't let you anyway.	你用不著去動電腦線路，反正 Mike 也不會讓你動。
It is empty.	裡面是空的。
There's no reason to get out here.	沒有理由在這裡下車。
You didn't respond to the crash in a reasonable amount of time.	你沒有在合理時間內趕到車禍現場。
You're supposed to be setting an example with your driving, Bonds.  There's no excuse for running stop signs.	Bonds，你開車應該以身作則。闖停車標誌沒有藉口可說。
In fact, your flagrant disregard for traffic laws has cost you %d points so far.	事實上，你公然無視交通規則，已經讓你扣了 %d 分。
Jumping from a moving car is only done in the movies, Bonds.	Bonds，從行進中的車輛跳車只有電影裡才會這樣做。
You can't leave you car in the middle of an intersection.	你不能把車停在十字路口中間。
You decide to wait until after your shift to check in on Marie.	你決定等下班後再去看 Marie 的狀況。
Oh, Officer, thank God! You've got to stop that man! He's a raving lunatic!	喔，警員，謝天謝地！你一定要阻止那個人！他滿口胡話，瘋瘋癲癲的！
Just what seems to be the problem, ma'am?	女士，請問發生什麼事？
There's a madman over there! Why...why he's almost butt naked! Ranting and raving about aliens from outer space. He's going to hurt someone!	那邊有個瘋子！他…他幾乎全裸！嘴裡念念有詞說什麼外太空來的外星人。他會傷到人的！
Calm down, Ma'am. I'll take care of it.	冷靜點，女士。我會處理的。
You have no time to go swimming.	你沒空去游泳。
After daydreaming, you realize that you have to get him to the station.	你回過神來，想起得把他帶回警局。
You make sure the deranged man is secured and belted into the front of your patrol car.	你確認這名精神失常的男子已經固定好，繫上安全帶坐在巡邏車前座。
Searching a wet and nearly naked man like this is particularly unpleasant.	要搜一個渾身濕透、幾乎全裸的男子，實在讓人很不舒服。
Nevertheless, you're glad you did when you discover a knife concealed in his briefs.	不過當你在他的內褲裡搜出一把藏著的刀，你還是慶幸自己搜了身。
DO something, Officer!	警員，你倒是做點什麼啊！
WE'RE okay. Go get the fruitcake.	我們沒事，去抓那個瘋子。
Whaddya want with us? The nutcase is over there by the river!	你找我們幹嘛？瘋子在那邊河邊啦！
Lock that mad man up before he hurts someone, Officer!	警員，趁他傷到人之前把那瘋子關起來！
OOPS talkb4CuffingNut doens't work.	糟了，talkb4CuffingNut 故障了。
Imagine that kind of behavior going on in our public parks!	真沒想到我們的公園裡會發生這種事！
What is this world coming to!?	這個世界到底是怎麼了！？
Good job, Officer.  We can always count on our Men In Blue.	幹得好，警員。我們的警察弟兄果然靠得住。
Watch out, dude!  He looks pretty squirrely.   Be careful with him!	小心點，老兄！他看起來神經兮兮的，小心應付他！
OOPS talkAfterCuffingNut doens't work.	糟了，talkAfterCuffingNut 故障了。
Smacking her in the face won't help. She's not that hysterical.	甩她一巴掌沒有用，她沒有歇斯底里到那種程度。
The woman is hysterical and won't calm down until you take care of the alleged crazy man.	這名婦人情緒歇斯底里，除非你把那個所謂的瘋子處理好，否則她不會冷靜下來。
We can SEE that you're a police officer. Now why don't you DO something?	我們看得出來你是警察，那你倒是做點什麼啊？
She obviously ISN'T the perpetrator you were called here to subdue!	她顯然不是你被叫來這裡制伏的那個犯人！
So what are you going to do with him?	那你打算拿他怎麼辦？
It is easier to drive from the other side.	從另一邊開過去比較容易。
This guy's not saying anything that makes sense.	這傢伙講的話完全不知所云。
He has already been frisked.	他已經被搜過身了。
You can't frisk him from out there.	你沒辦法從那裡搜他的身。
These folks look relieved now that you have this nut under control.	現在你已經控制住這個瘋子，這些人看起來鬆了一口氣。
Something has disturbed the picnickers.	有什麼東西打擾了野餐的人。
The picnickers haven't done anything wrong.	野餐的人沒有做錯什麼事。
You don't have your suit. Besides, you're on duty.	你沒帶泳衣，而且你還在值勤。
You don't have time for a picnic.	你沒空野餐。
You don't have time to climb trees.	你沒空爬樹。
Maybe The Bathonians beamed the guy up.	說不定是 Bathonians 把他用光束傳走了。
You! Don't try to stop me! You'll be vaporized if you interfere!.	你！別想阻止我！你要是敢干涉，就會被蒸發掉！
Hey! What are you doing? That's my badge!	喂！你在幹嘛？那是我的警徽！
The Bathonians scoff at your badge, lawman! The mothership will squash you like a pimple! This is your last warning!	Bathonians 才不甩你的警徽，條子！母船會把你像青春痘一樣壓扁！這是最後警告！
You can't believe this guy! Deranged men can be real slippery.	你真不敢相信這傢伙！瘋子有時候真的滑不溜丟，很難抓。
I'm warning you! If you don't leave, I'm gonna have to hurt you! This area must be evacuated!	我警告你！你要是不離開，我就得傷害你！這個區域必須疏散！
Fortunately you're carrying a spare shield. You put it on.	幸好你隨身帶著備用警徽，你把它戴上。
You search the deranged man's clothes, hoping for something which will lure him out of the water.	你搜查這名精神失常男子的衣物，希望能找到什麼東西把他引出水面。
You find nothing of interest in the clothes.	你在衣服裡沒找到什麼有用的東西。
You find a set of keys and a driver's license.	你找到一串鑰匙和一張駕照。
Hey, fella! I think I've got something of yours.	嘿，老兄！我這裡好像有你的東西。
Leave those keys alone, foolish mortal!	別碰那些鑰匙，愚蠢的凡人！
There! Now your keys and my badge are neighbors!	看吧！現在你的鑰匙跟我的警徽變鄰居了！
I'll kill you for that - you flat-headed, flat-footed, ignoramous!	我要為這件事殺了你——你這個扁頭扁腳的蠢貨！
Managing to subdue the deranged man with the nightstick, you check for injuries and see that he's more shaken-up than hurt.	你用警棍成功制伏這名精神失常的男子，檢查後發現他只是受到驚嚇，沒有受傷。
Suddenly...the perpetrator regains consciousness.	突然……犯人恢復了意識。
This is no time to go swimming.	現在不是游泳的時候。
You cuff the perpetrator while he's down, insuring that he won't have another chance to attack.	你趁犯人倒地時銬上他，確保他沒有機會再次攻擊。
Come out of there! Right now!	馬上從那裡出來！
The Bathonians need our water! They will suck this planet dry!	Bathonians 需要我們的水！他們會把這顆星球吸乾！
If you're here when they come, you'll be crushed like a pimple under the weight of the glorious mothership.	要是他們來的時候你還在這裡，你會被光榮的母船像青春痘一樣壓扁。
I'm warning you, mortal! You must leave now or DIE.	我警告你，凡人！你現在就得離開，不然就死路一條。
You MUST leave now! If you're here when they come, you'll be toast!	你現在就得離開！要是他們來的時候你還在這裡，你就完蛋了！
You there! Leave this place! I've got to secure it before the Bathonians come!	你，那邊那個！離開這裡！我得在 Bathonians 來之前把這裡封鎖好！
Clear out! Get away! The mothership approaches!	快走開！快離開！母船要來了！
Release those keys, mortal. I am the chosen one, not You!.	放開那些鑰匙，凡人。被選中的是我，不是你！
There's nothing else of interest in the clothes.	衣服裡沒有其他有用的東西了。
So,... Your a tailor now!?	這麼說……你現在是裁縫師啦！？
The man isn't listening to you.	這男的根本沒在聽你說話。
You can't subdue him from here.	你沒辦法從這裡制伏他。
What are you going to do, kiss him?	你是打算怎樣，親他嗎？
He's already down. Police brutality wasn't part of your training.	他已經倒地了，警察暴力可不是你受訓的內容。
You aren't going to shoot an unconscious man in the back are you?	你該不會想朝一個昏迷的人背後開槍吧？
You need to subdue him first.	你得先把他制伏。
Too late now...	現在太遲了……
Using a nightstick on someone who hasn't threatened you is against the law.	對一個沒有威脅到你的人動用警棍是違法的。
That guy wouldn't know or care if you were President of the United States.	就算你是美國總統，那傢伙也不會知道或在乎。
The lunatic is not impressed.	這個瘋子根本不為所動。
The water babbles back.	水聲潺潺，沒有回應。
Calling on your old softball arm, you haul back and throw the keys as far as you can into the river.	你使出當年打壘球練出的臂力，用力把鑰匙盡量遠遠地丟進河裡。
You need to restrain him first.	你得先把他制伏住。
This is not the time to turn your back.	現在不是背對他的時候。
Better stay clear of this area, Sonny, we're sweeping for evidence.	Sonny，你最好離這一區遠一點，我們正在採證。
The first thing that strikes you is that the car belongs to Marie. Then you see the paramedics working over a body. Panic begins to overwhelm you as you race to the ambulance.	你第一眼注意到的是，那輛車是 Marie 的。接著你看見救護人員正在搶救一具身體。你在奔向救護車的同時，恐慌開始淹沒了你。
You jump in the ambulance and respond code three to the hospital.	你跳上救護車，鳴笛全速趕往醫院。
Marie is rushed to Lytton General Emergency where doctors begin the race to save her life.	Marie 被緊急送往 Lytton 綜合醫院急診室，醫生們立刻展開搶救。
They work through the night, fighting to stabilize Marie's condition. Sonny spends hours of agony in the waiting room. Although they manage to save her life, Marie remains in a coma.	他們徹夜搶救，設法穩住 Marie 的狀況。Sonny 在候診室裡煎熬了好幾個鐘頭。雖然保住了她的性命，Marie 卻陷入昏迷。
When he's finally allowed to see her, Sonny holds her hand until the pre-dawn hours, hoping and searching for some sign that she'll come back to him.	終於獲准進去探視後，Sonny 一直握著她的手直到破曉前，盼望能看見她甦醒的徵兆。
Physically and emotionally exhausted, you decide to go home and get some rest.	身心俱疲的你，決定回家休息一下。
Looks like another one bit the dust, eh?	看來又掛了一個，是吧？
I understand you were here before they removed the victim. Did you catch any dying words? Notice any signs of sexual assault? Anything at all?	我聽說被害人被抬走之前你就在場。她有沒有留下遺言？有沒有性侵的跡象？隨便什麼線索都好？
Responding to your silence, the reporter says...	面對你的沉默，這名記者接著說……
Well, if YOU don't want to talk to me, I'll just get the information elsewhere!	好啊，你不肯跟我說，那我自己去別的地方打聽！
Listen, you little blood sucking piece of FILTH! The victim was my wife! You guys are all the same. Now get outta here before I forget that I'm wearing this badge!	聽好了，你這個吸血的人渣！被害人是我老婆！你們這種人都一個樣。趁我還記得自己戴著這面警徽，滾出去！
I'll give your paper some details alright!... All about how I rearranged your face!	我這就給你的報社一些細節……講講我是怎麼把你的臉重新排列的！
Oh, Geez! Look Officer I- I'm terribly sorry!	天啊！聽著，警官，我……我真的很抱歉！
I'm just trying to get the facts. I thought you cops liked that kind of loose talk - helps keep things from getting too serious, know what I mean?	我只是想弄清楚事實。我還以為你們警察喜歡那種嘴上開開玩笑，讓場面不要太沉重，你懂我的意思吧？
Here's my card. If there is anything I can ever help you with, Officer, give me a ring, huh? Again, sorry about your wife.	這是我的名片。以後有什麼需要幫忙的，警官，打給我，好嗎？還有，你太太的事，我很遺憾。
You feel a moment of remorse for your outburst, and almost say 'thanks', but fortunately the moment passes.	你為自己剛才的失控感到一絲愧疚，差點就脫口說出「謝謝」，幸好那股衝動很快就過去了。
The officer is intent on his search and ignores you.	那名警員專注在搜查上，沒理會你。
Your batteries appear to be dead.	你的電池似乎沒電了。
You catch the glint of an object lying just beneath Marie's car.	你瞥見 Marie 的車底下有個東西閃著光。
You pick up what appears to be a medallion. Upon closer inspection you recognize it to be a "Bronze Star" war medal.	你撿起一個看似勳章的東西。仔細一看，你認出那是一枚「銅星勳章」。
It's a very LARGE streetlamp.	這是一盞非常大的路燈。
You try to search the area, but it's just too dark to see anything. Perhaps you should come back when it's light.	你試著搜查這一帶，但天色太暗什麼也看不清。或許等天亮再回來比較好。
The parking lot blacktop.	停車場的柏油地面。
Some of the mall's stores are undergoing renovation.	這座購物中心有幾家店正在整修。
That store is closed.	那家店已經打烊了。
Sidewalks connect the store fronts.	人行道連接著各家店面。
The flashlight is already on.	手電筒已經是開著的。
That's the Army Recruiter's office.	那是陸軍徵兵處。
The Army Recruiter's office is closed for the night.	陸軍徵兵處今晚已經打烊了。
That's the shop of "Zak" the keymaker.	那是鎖匠「Zak」的店。
Zak's key shop is closed for the night.	Zak 的鑰匙店今晚已經打烊了。
Marie's Trans Am still sits in the poorly lit parking lot of the mall. You scan the car for clues... but find nothing.	Marie 的 Trans Am 仍停在購物中心那燈光昏暗的停車場裡。你仔細檢查車子想找線索……但一無所獲。
What can I do for you?	有什麼我能幫你的？
Need a key made?	要配鑰匙嗎？
I make keys for big locks, small locks, clocks, cars, tanks and banks. What do you need fella?	大鎖小鎖、時鐘、汽車、坦克、銀行的鑰匙我都配。老兄，你要什麼？
What, you want another one? You got a family of ten moving in or what?	怎麼，你還要一把？你家是搬來十口人喔？
Ah yes! No problem with this little jewel. I'll have a copy in a second.	啊，好！這個小寶貝沒問題。馬上就給你配好。
Sorry, but this key says "Do Not Duplicate."	抱歉，這把鑰匙上寫著「禁止複製」。
Here you are fella, that'll be two fifty.	拿去吧老兄，兩塊五。
You give Zak his two dollars and fifty cents.	你付給 Zak 兩塊五毛錢。
Thanks buddy... Another day another two dollars and fifty cents.	謝啦老兄……又是平凡的一天，又賺了兩塊五。
You what? No money? Do I look like an idiot to you? Get outta my shop!	你說什麼？沒錢？你當我是白痴嗎？滾出我的店！
Sorry, this key says 'Do Not Duplicate' on it.	抱歉，這把鑰匙上寫著「禁止複製」。
What do you want me to do with that?  I'm a KEY maker, for crying out loud.	你要我拿這個怎麼辦？我是配鑰匙的，老天爺啊。
Just giving away money, Sonny?	錢多到花不完喔，Sonny？
You don't have the correct change.	你身上沒有剛好的零錢。
Morales is making a phone call.	Morales 正在講電話。
That's Officer Pat Morales, your partner.	那是 Pat Morales 警員，你的搭檔。
You retrieve the bronze star.	你取回了那枚銅星勳章。
"OH NO!" you think... "This just can't be!!  Not Marie!"	「不！」你心想……「這不可能！不會是 Marie！」
What's wrong with her!	她怎麼了！
Multiple stab wounds.  Damage unclear.	多處刺傷，傷勢尚不明。
It doesn't look good.  We have to get her to the hospital STAT.	情況不樂觀，我們得立刻送她去醫院！
We're ready.  If you're goin', you'd better climb in, Officer.	我們準備好了。你要一起去的話，最好趕快上車，警官。
You see something clutched in Marie's hand.	你看見 Marie 手裡緊握著什麼東西。
It's empty.	裡面是空的。
You remove what appears to be a chain from Marie's hand.	你從 Marie 手中取出一條鍊子。
Looking at the broken chain you think... "Marie must have pulled this from the attacker's neck!"	看著這條斷掉的鍊子，你心想……「Marie 一定是從攻擊者脖子上扯下這個的！」
And you ponder the thought... "I just wonder if something else was on this chain."	你不禁思忖……「不知道這條鍊子上原本是不是還掛著別的東西。」
Her hand feels cold.	她的手感覺冰冷。
You try waking her, but she doesn't respond.	你試著叫醒她，但她毫無反應。
You drop your partner off at the station then drive yourself home for some needed rest. 	你把搭檔送回警局後，自己開車回家好好休息。
Feeling physically and emotionally drained, you drive home.	感到身心俱疲的你，開車回家。
Officer Bonds, I'm Dr. Wagner, the resident neurosurgeon.	Bonds 警官，我是 Wagner 醫師，這裡的住院神經外科醫師。
I'm sorry to say that your wife's condition is still quite serious.  She's suffering from internal injuries sustained from the multiple stab wounds.	很遺憾，你太太的狀況仍然相當嚴重。她因為多處刺傷而有內臟損傷。
How long she will remain in a coma is anyone's guess.	她會昏迷多久，誰也說不準。
In my experience, the presence of a loved one urging the patient back from that void is an incalculable asset.	依我的經驗，親人在旁呼喚，勸病人從那片虛無中回來，是一種難以估量的幫助。
We're doing all we can for her physically, but you might be the only one who can reach her now.	我們在醫療上已經盡了全力，但現在或許只有你才能喚得回她。
The nurse found this chain clutched in your wife's hand.	護理師在你太太手中發現了這條鍊子。
Sergeant Bonds, you look beat.  You really should go home and try to get some rest.  There's nothing to be done for your wife right now.	Bonds 警佐，你看起來累壞了。你真的該回家休息一下。現在你太太這邊也沒什麼你能做的了。
We can all feel good about the fact that Marie is alive.	Marie 還活著，這一點就值得我們慶幸了。
Marie!  Please come back, Baby.  I can't go on without you.	Marie！求求妳醒過來，寶貝。沒有妳我活不下去。
You fight to pull yourself together.	你強忍情緒，努力讓自己振作起來。
I...I've gotta go now, Babe.  You need your rest.  It's been a rough night.	我……我得先走了，寶貝。妳需要休息。今晚真的很難熬。
I'll get the bastard who did this, Babe.  I SWEAR IT!	我會抓到做這件事的混蛋，寶貝。我發誓！
As a fellow officer drives you back to your car at the mall, you fight to focus your rage, grief, and sense of violation into something you can live with.	一名同僚開車送你回購物中心取車，你努力把滿腔的憤怒、悲傷與屈辱感，收攏成自己能承受的樣子。
What you end up with is a burning desire to find and crucify the slime that hurt your wife.	最後剩下的，是一股想找出並嚴懲那個傷害你太太的人渣的熊熊怒火。
Somebody out there picked the wrong man to mess with.	外頭有個傢伙，這次是惹錯人了。
The chart shows that Marie's IV dosage is supposed to be set at 0.005	病歷表上顯示，Marie 的點滴劑量應該設定在 0.005。
You gently kiss Marie's lips.	你輕輕吻了 Marie 的嘴唇。
Sweet dreams!	祝妳好夢！
You softly kiss your wife.  Her eyelids flicker in response.	你輕柔地吻了太太一下。她的眼皮微微顫動，像是有了回應。
Doctor Wagner's face is grave as he says...	Wagner 醫師神情凝重地說……
I'm afraid I don't have any good news, Sonny.   Marie's condition is unchanged.	恐怕我沒有什麼好消息，Sonny。Marie 的狀況沒有改變。
There's nothing more we can do but wait... and hope.	我們現在能做的，只剩下等待……和盼望。
Again, I'm sorry, Officer.  Now if you'll excuse me, I have other patients to attend to.	再說一次，我很遺憾，警官。容我先失陪了，還有其他病人等著我。
She seems to be resting quietly now.	她現在似乎正安靜地休息著。
Hello, Sergeant Bonds.  I'm afraid there's no change.	你好，Bonds 警佐。恐怕還是沒有變化。
Nothing new to report, I'm afraid.	恐怕沒有新的消息可以回報。
We haven't noticed any changes, but I think she appreciates you being here, just the same.	我們沒有注意到什麼變化，不過我想她還是很感謝你在這裡陪著她。
In an anxious voice, you tell the nurse you're concerned about the IV dosage.	你語帶焦急地向護理師表示，你對點滴的劑量感到擔心。
I'll get the doctor to check on that right away, Officer.	我馬上請醫師來檢查一下，警官。
Torn between feeling foolish and genuinely alarmed, you explain to the doctor that there seems to be a discrepancy between the IV dosage on the chart and that on the IV meter.	你一邊覺得自己是不是太多心，一邊又真的感到不安，向醫師解釋病歷表上的點滴劑量和點滴計上顯示的似乎對不上。
The doctor looks doubtful as he checks the chart...	醫師一臉狐疑地翻看病歷表……
...Then the IV.	……接著又看了看點滴。
With a red face, the doctor says...	醫師漲紅了臉說……
Why...You're correct, Sergeant Bonds.   This dosage is obviously incorrect.	這……你說得沒錯，Bonds 警佐。這個劑量顯然不對。
I don't understand this at all.  I can't believe our staff could make such a serious error!   I have readjusted the IV.  Perhaps Marie will feel better now.	我實在不明白怎麼會這樣。真不敢相信我們的人員會犯下這麼嚴重的錯誤！我已經重新調整了點滴，Marie 現在或許會好一些。
Marie's eyelids flutter, almost as though she could hear her music box.	Marie 的眼皮微微顫動，彷彿聽見了音樂盒的聲音。
You could swear that you just saw Marie's finger move!	你敢發誓，你剛才看到 Marie 的手指動了一下！
Marie's mouth moves slightly.	Marie 的嘴唇微微動了一下。
Marie's eyes finally open. The warmth of her smile gives you hope for the first time since her attack.   You're a lucky man, Sonny Bonds.  Marie is alive and whole.	Marie 終於睜開了眼睛。她溫暖的笑容，是她遇襲以來你第一次感受到希望。你是個幸運的男人，Sonny Bonds。Marie 活著，而且完好無缺。
Do you need something, Sergeant Bonds?	你有什麼需要嗎，Bonds 警佐？
If there is nothing else, I have to get back to work.	如果沒別的事，我得回去工作了。
I never lost hope!  I just knew that somehow, someway, you would come back to me.	我從沒放棄希望！我就是知道，不管用什麼方法，妳一定會回到我身邊。
It was your strength and your will to live that brought you back.	是妳的堅強和求生意志，把妳帶回來的。
You're going to be fine now sweetness. You'll be up and around in no time.	妳現在會沒事的，甜心。妳很快就能下床走動了。
There's no doubt in my mind, somebody up there is looking out for you.	我很確定，上天在保佑著妳。
We're real close to nailing the animals that caused this.	我們已經快抓到做這件事的畜生了。
The digital readout indicates Marie's IV dosage.	數位顯示幕上顯示著 Marie 的點滴劑量。
One moment, Sir.	請稍等，長官。
That won't help Marie come back.  They're doing all they can.	那樣做對 Marie 醒來沒有幫助。他們已經盡力了。
You've already introduced yourself to the hospital staff.	你已經向醫院的工作人員自我介紹過了。
Marie is resting gently.  You don't want to disturb her.	Marie 正安穩地休息著，你不想打擾她。
You gently place a fresh rose in Marie's hand.   However, there is no response.  Nice try Sonny.	你輕輕把一朵新鮮玫瑰放進 Marie 手中，然而她毫無反應。這次沒成功，Sonny。
Marie's condition might yet be reversible.  Don't give up without a fight.	Marie 的狀況或許還有機會扭轉，別輕易放棄。
You can't change the medication by yourself.	你不能自己更改藥物用量。
The room temperature is monitored carefully by the staff.   You don't need to open the window.	病房的溫度有工作人員仔細控管，你不需要開窗。
Marie lies awake in the bed.	Marie 醒著躺在床上。
Marie lies motionless on the hospital bed.	Marie 一動也不動地躺在病床上。
The hospital bed does not need adjustment.	醫院病床不需要調整。
Words cannot discribe the joy you feel seeing Marie awake from her coma.	你看到 Marie 從昏迷中甦醒，心中的喜悅難以言喻。
The EKG monitor registers your wife's vital signs.   Its steady beep in response to her pulse gives you some small comfort.	心電圖監視器記錄著你妻子的生命徵象。隨著她脈搏起伏的規律嗶聲，讓你稍感安心。
The Monitor's beep reminds you that although Marie is awake, she is not out of the woods yet.	監視器的嗶聲提醒你，雖然 Marie 已經醒了，但還沒脫離險境。
Leave the monitor alone.  It will alert the staff if Marie goes into distress.	別動這台監視器。萬一 Marie 有異狀，它會通知醫護人員。
You do not need the metal stand.	你不需要這個金屬架。
There's nothing in the cabinets that would be of use to you.	櫃子裡沒有你用得到的東西。
You're too upset by the sight of Marie to even think about sitting down.	看到 Marie 這個樣子，你心煩意亂，根本沒心思坐下。
You don't feel like sitting right now.	你現在沒有心情坐下。
There's no reason to draw the curtains right now.	現在沒有理由拉上窗簾。
Marie is resting gently.  You do not to disturb her.	Marie 正安靜地休息，你不想打擾她。
You talk gently to your wife, hoping that some part of her hears you.	你輕聲對妻子說話，希望她多少能聽見你的聲音。
You are overjoyed to see your wife recovered.	看到妻子康復，你欣喜若狂。
Your beloved wife lies motionless in a coma.  You wish there was some way to know what she's thinking... if she's thinking.	你摯愛的妻子昏迷不醒、一動也不動。你多希望有辦法知道她在想什麼……如果她還在想事情的話。
You gently place a fresh rose in Marie's hand.   However, there is no response.	你輕輕把一朵新鮮的玫瑰放進 Marie 手中，但她毫無反應。
Marie's proud of your career as a police officer, but she's not interested in your badge right now.	Marie 一直以你的警察生涯為榮，但她現在對你的警徽沒興趣。
Marie's condition might yet be reversable.  Don't give up without a fight.	Marie 的狀況或許還有轉圜餘地，別輕言放棄。
You shouldn't mess with things you know nothing about.	你不該亂碰自己不懂的東西。
There's no reason to turn off the light.	沒有理由關燈。
You don't need the nurse now.	你現在不需要護士。
You press the call button and hope that the nurse is on the way.	你按下呼叫鈴，希望護士已經在路上了。
Let Marie keep her rose.	讓 Marie 留著她的玫瑰吧。
Let Marie keep her music box.	讓 Marie 留著她的音樂盒吧。
Let Marie keep her locket.	讓 Marie 留著她的項鍊墜子吧。
Wait up Boss...	等一下，老大……
Yo, Sonny, I think I'll make a phone call while you're upstairs.	嘿，Sonny，你上樓的時候，我先去打個電話。
While contemplating the elevator buttons, you realize that you have no idea what room they moved Marie to.	你盯著電梯按鈕看了半天，才發現自己根本不知道 Marie 被轉去哪個病房。
May I help you, Sir?	先生，需要我幫忙嗎？
I'm looking for my wife, Marie Bonds. Could you tell me what room she's in, please?	我在找我太太，Marie Bonds。可以告訴我她住哪個房間嗎？
 Oh, yes.  Your wife has been moved to room 307.  	喔，對了，你太太已經轉到307號房了。
The receptionist looks at you blankly.	接待員一臉茫然地看著你。
Is there something else that you need.	你還需要什麼嗎？
Can I get you something, Sir?	先生，需要幫您準備什麼嗎？
 I'm visiting my wife. 	我是來探望我太太的。
Ah! I'm sorry she's ill. Perhaps a nice fresh flower would cheer her up?	啊！很遺憾她生病了。或許一束新鮮的花能讓她開心一點？
We have lovely roses today. Ladies do like roses.	我們今天有很漂亮的玫瑰，女士們都喜歡玫瑰。
I think I'd like a rose, please.	我想要一朵玫瑰，麻煩你了。
Good choice. Our roses are particularly fresh and beautiful today.	好眼光。我們今天的玫瑰特別新鮮漂亮。
Here you are, Sir. That'll be $2.50.	先生，這是您的花，一共 $2.50。
You pay the florist and take the rose.	你付錢給花商，拿走了玫瑰。
You realize that you have no money. Red faced, you leave the flower shop without the rose.	你發現自己身上沒錢，尷尬地離開了花店，什麼也沒買成。
You buy ANOTHER rose. You note that you're getting very low on cash.	你又買了一朵玫瑰，並注意到自己的現金越來越少了。
Geez, you've spent all your money. You hope there's nothing that you need money for later on today.	天啊，你把錢花光了。希望今天稍後不會有什麼地方需要用到錢。
Too bad it's not Easter. Lilies are wonderful at Easter.	可惜現在不是復活節，復活節的百合花才漂亮呢。
Of course, buttercups are nice. I'm a sucker for wildflowers.	當然，毛茛花也不錯，我就是喜歡野花。
Daisies aren't in season right now, or I would have suggested daisies.	雛菊現在不是產季，不然我會推薦雛菊。
You know, your eyes are the nicest cornflower blue.	你知道嗎，你的眼睛是最漂亮的矢車菊藍。
Not now Bonds, I need to make a phone call.	現在不行，Bonds，我得打個電話。
Blow it out your ear, Bonds.	少來這套，Bonds。
You hang on to that stuff. I'm not interested in it!	那東西你自己留著吧，我沒興趣！
If you want something from the florist, you must pay for it.	想跟花商買東西，就得付錢。
You already have a rose.	你已經有一朵玫瑰了。
Selling flowers isn't a criminal offense!	賣花又不犯法！
The florist already has PLENTY of roses.	花商的玫瑰已經多得是了。
Hi, Sargeant Bonds.  Your wife's in room 307.	嗨，Bonds 警佐。你太太在307號房。
If you want something from the receptionist, just ask her.	想跟接待員要什麼，直接問她就好。
The receptionist stonily ignores you. You gather that she's used to ignoring people.	接待員冷冷地無視你。你猜她已經習慣不理人了。
That's right! Torture Marie's room number out of her!	沒錯！用刑逼她說出 Marie 的房號！
The receptionist isn't interested in that.	接待員對這個沒興趣。
Just press the button.  Trying to pry those doors open with your hands will only give you a hernia.	按鈕就好，想用手硬把電梯門扳開，只會讓你得疝氣。
Just walk there.	用走的過去就好。
If you want something why don't you ask the receptionist?	想要什麼，何不問問接待員？
Day 2	第2天
Day 3	第3天
Day 4	第4天
Day 5	第5天
Day 6	第6天
There are only 6 days in the game.	這個遊戲總共只有6天。
Even half-asleep, you recognize Captain Tate's stern voice...	即使還沒睡醒，你也認得出 Tate 警監那嚴厲的聲音……
"BONDS!... Rise and shine, pal! I need you back in Homicide today.  We've got work to do. Report in plain clothes."	「BONDS！……起床了，老兄！我今天需要你回重案組報到，有事要辦。穿便服來報到。」
Sleepily, you reply...	你睡眼惺忪地回答……
I'll be there before 1400 hours, Captain.	我1400時前會到，警監。
You hate waking up without Marie next to you.	你討厭醒來時身邊沒有 Marie。
You go through the motions of getting ready for work.	你機械式地準備出門上班。
A slightly irratated Captain Tate says... \n"Come on, Bonds. Time to roll out! Gotta go catch the badguys, remember? Get it in gear!"	有點不耐煩的 Tate 警監說……\n「快點，Bonds。該出發了！記得吧，我們還要去抓壞人？動作快！」
I...uh...I'm leaving now.	我……呃……我現在就出發。
Looking at the clock, you realize that you're late for work. You must have been day dreaming about Marie.	你看了看時鐘，發現自己上班要遲到了。你一定是在想 Marie 的事想到出神了。
Marie's hospital gown is all she needs right now.	Marie 現在只需要她的病人服。
The closet contains Marie's clothes and other personal items.	衣櫃裡放著 Marie 的衣物和其他私人物品。
On the shelf there's several of her favorite momentos including a music box.	架子上擺著她幾樣心愛的紀念品，其中包括一個音樂盒。
Anything you could 'do' with the bed wouldn't be any fun without Marie.	沒有 Marie 在，就算你對這張床能『做』什麼，也不會有趣。
There's no one you need to call.	沒有你需要打電話聯絡的人。
The night stand doesn't interest you.	床頭櫃引不起你的興趣。
The temperature in the room is fine. You decide not to open the window.	房間裡的溫度剛好，你決定不開窗。
You don't have time to sit down and read. You're late for work.	你沒時間坐下來看書了，上班要遲到了。
You're determined not to leave with out this witness.  She may be your only real lead to who attacked Marie.	你下定決心不能放過這個證人，她可能是你查出誰攻擊 Marie 的唯一真正線索。
You decide to soothe the old gal by securing her cart with your handcuffs.	你決定用手銬把她的推車固定好，好安撫這位老太太。
That's the ticket, Sonny Boy!  Let's go!	這才對嘛，Sonny 小子！走吧！
What?  Who... Who's that?  Whadya want?	什麼？誰……那是誰？你想幹嘛？
You try to convince the bag lady to go with you, but she's adamant.	你試著說服這位流浪老婦跟你走，但她態度堅決不肯。
The last time I left my cart alone for two seconds, I had a year's worth of Cosmo stolen!	上次我的推車才離開視線兩秒鐘，一整年份的《柯夢波丹》就被偷走了！
I ain't goin' nowhere without my cart, now.  Do you know how tough it is to find one with wheels that don't wobble?	我哪裡都不會去，除非帶著我的推車。你知道要找一台輪子不會晃的推車有多難嗎？
You can ask me all you want, Mr. Police Man.  Unless ya wanna drag me kickin' an screamin', you ain't gettin' me ta leave my cart unguarded!	你儘管問，警察先生。除非你要把我又踢又叫地拖走，不然別想叫我丟下推車不管！
The pile of newspapers rustles alarmingly.	那堆報紙發出一陣令人不安的沙沙聲。
Who the hell are you?  I don't talk to no strangers.	你到底是誰？我才不跟陌生人講話。
Ma'am, I'm Detective Sonny Bonds of the Lytton Police Department.	女士，我是 Lytton 警局的警探 Sonny Bonds。
Yea, so what cha want from me? I ain't done nothin' to nobody!	是喔，那你想從我這裡得到什麼？我又沒對誰做過什麼壞事！
You called and said you saw something at the Oak Tree Mall last night.  I'd like you to come downtown with me and help us out, maybe give us a description.	你打電話說昨晚在 Oak Tree Mall 看到了什麼。我想請你跟我到警局走一趟，幫我們個忙，或許描述一下當時的狀況。
Ooh! I'd love ta go ridin' in one of them real life squad cars. Okay!  Just help me put my stuff in the car.	噢！我最愛坐真正的警車兜風了。好啊！那就幫我把東西搬上車吧。
Ma'am, I'm sorry but there's not enough room in the trunk for your cart. You'll have to leave it here.	女士，很抱歉，後車廂放不下你的推車，你得把它留在這裡。
What?! Leave my STUFF? Ooh, nooo! I can't very well just up and leave my STUFF.	什麼？！丟下我的東西？喔，不行！我怎麼能就這樣丟下我的東西不管。
Well, bless your heart.  My cart is still safe.	哎呀，你人真好，我的推車還是安全的。
Thanks for the sandwich.	謝謝你的三明治。
You retrieve your cuffs.	你收回了手銬。
You move to place a hand on the bag lady's arm and she draws away in horror.  She obviously hates being touched.	你伸手想搭在這位老婦的手臂上，她卻驚恐地縮開身子，顯然很討厭被人碰觸。
Manhandling the bag lady is not going to solve anything.  She's not likely to help you if she's angry.	對這位老婦動粗解決不了任何問題，她一旦生氣就更不可能幫你了。
The shape of that pile of newspapers looks vaguely familiar.	那堆報紙的形狀看起來似曾相識。
As you look closely at the bag lady, you realize that she's not nearly as old as you first thought.  The streets have a way of making all of the homeless look old and used up.	你仔細一看，才發現這位老婦其實沒有你一開始想的那麼老。街頭生活總有辦法讓遊民看起來又老又憔悴。
She's asleep. Why don't you try it when she's awake?	她睡著了，等她醒著的時候再試試看吧。
Showing your badge to a bundle of newspapers is pretty useless.	對著一堆報紙亮警徽，一點用也沒有。
 She's still waking up, she doesn't see your ID.	她還沒完全清醒，沒看到你的證件。
Showing her your badge again doesn't make her any more impressed.	再亮一次警徽也不會讓她更佩服你。
The pile of grungy newspapers is empty now.	那堆髒兮兮的報紙現在已經空了。
You ought not to disturb the old woman's... uh... bed.	你不該打擾這位老婦的……呃……床鋪。
The rusty shopping cart is loaded down with junk.	這台生鏽的購物車裝滿了雜物。
Carla's shopping cart is loaded down with her treasures and memories.	Carla 的購物車裝滿了她的寶貝與回憶。
The rusty shopping cart is loaded down with the old woman's treasures and memories.	這台生鏽的購物車裝滿了這位老婦的寶貝與回憶。
It wouldn't fit in your car.	這放不進你的車子裡。
Carla needs her cart more than you do.	Carla 比你更需要她的購物車。
The cart probably belongs to a homeless person.   They need that stuff more than you do.	這台推車大概是某個遊民的。他們比你更需要那些東西。
I think the bag lady would be irritated if you took off with her cart.	我想那個拾荒婦人，要是你把她的推車推走，一定會不高興。
You have no reason to do that right now.	你現在沒有理由這麼做。
You look fondly at your car.	你深情地看著自己的車。
Use your car if you want to leave.	想離開就開你的車。
What do you want to do with the pipe?	你想拿這根管子做什麼？
Nice thought, but you don't have time to clean up the place.	想法不錯，但你沒時間整理這裡。
There's nothing you need in the trash bin. Leave that stuff for the garbage collector.	垃圾桶裡沒有你需要的東西，那些留給清潔隊員吧。
You request to see Judge Simpson in her chambers.	你請求在辦公室會見 Simpson 法官。
There's nothing for you to do at the courthouse right now.	你現在在法院沒有事可做。
I'll be waitin' for ya in the car, Boss.	我在車上等你，老大。
Just use the front door.	從前門走就好。
You consider using the bushes, but decide that you can wait until you get to a restroom.	你考慮過要不要去灌木叢解決，但決定還是忍到有廁所的地方再說。
Hey!  Try to keep your mind on your work, Ok, bonds?	喂！做事專心一點，好嗎，Bonds？
Hey!  Try to keep your mind on your work Ok bonds?	喂！做事給我專心一點，Bonds？
Just tell the judge what happened when you get on the stand.	你上證人席之後，把事情經過照實告訴法官就好。
Don't worry about it. Just tell the truth.	別擔心，照實說就好。
We shouldn't have a problem with this one if you've followed procedure.	只要你照程序辦事，這件案子應該不會有問題。
You take the witness chair next to the Deputy District Attorney.	你在副地方檢察官旁邊的證人席坐下。
The bailiff says in a loud voice. All rise for the honorable Judge Mildred Simpson.	法警高聲喊道：全體起立，尊敬的 Mildred Simpson 法官到庭。
The bailiff says in a loud voice. Court is now in session.  Please be seated.	法警高聲宣布：現在開庭，請坐下。
Directing her attention to the prosecutor, Judge Simpson says...	Simpson 法官將視線轉向檢察官，說道……
Officer, please raise your right hand.	警員，請舉起你的右手。
Do you swear to tell the truth, the whole truth, and nothing but the truth?	你是否宣誓，所言句句屬實，絕無隱瞞？
Please state your name and occupation for the court.	請向法庭陳述你的姓名與職業。
You point out Mr. Ruiz and say...	你指向 Ruiz 先生，說道……
Speaking to the court reporter...	你對書記官說……
Let the record reflect that Officer Bonds has identified the defendant, Mr. Juan Ruiz.	請記錄：Bonds 警員已指認被告 Juan Ruiz 先生。
Officer Bonds, would you please describe the events which led up to your issuing a citation to Mr. Ruiz?	Bonds 警員，請你描述一下，你開罰單給 Ruiz 先生之前發生的經過。
Certainly. I had routine traffic duty that day.	當然。那天我執行例行交通勤務。
I had been on duty for about six hours and was patrolling the highway when I drove up on a line of slow-moving cars in the fast lane.	我當時已經值勤大約六個小時，正在公路上巡邏，這時我開到快車道上一長串龜速行駛的車陣後面。
I pulled around them in the slow lane and when I reached the head of the line I saw Mr. Ruiz in a 1958 Ford Fairlane.	我從慢車道超過他們，開到車陣前頭時，看到 Ruiz 先生開著一輛 1958 年的 Ford Fairlane。
I could see immediately that he was going way under the speed limit, so I clocked him. My speedometer registered 35 mph.	我馬上看出他的車速遠低於速限，於是用測速器量他的車速，我的時速表顯示 35 英里。
Irritated, Judge Simpson raps her gavel...	Simpson 法官不耐煩地敲了敲法槌……
You'll hear plenty of the attorney's voice soon enough.	你等一下就會聽膩律師的聲音了。
The judge addresses the defense attorney...	法官對辯護律師說道……
The defense attorney cross-examines you.	辯護律師對你進行交叉詰問。
not Guilty condition we shouldn't have gotten here!!	「無罪」條件——我們不應該執行到這裡！！
Mr. Ruiz, please raise your right hand.	Ruiz 先生，請舉起你的右手。
Please state your name for the court.	請向法庭陳述你的姓名。
I was just driving, your Honor! Not doing nothing! I'm a very careful driver!	我只是在開車而已，庭上！什麼壞事都沒幹！我開車可小心了！
I don't do no showing off or nothing in my ride. I wasn't speeding, I wasn't going slow, I wasn't doing nothing!	我開車從來不炫耀什麼的。我沒超速，也沒開太慢，我什麼都沒做！
These cops just don't like Chicanos, man, and that's the truth. He'd of busted me if I was goin' 54!	這些條子就是看墨西哥裔不順眼，老兄，我說的是實話。我要是開到 54，他早就把我攔下來開罰單了！
You mumble...	你喃喃自語……
You hand the calibration chart to the Deputy District Attorney.	你把校正表交給副地方檢察官。
The District Attorney isn't interested in excuses. He just wants the calibration chart.	地方檢察官對藉口沒興趣，他只要校正表。
Ruiz isn't any more interested in talking to you than you are in talking to him.	Ruiz 跟你一樣，完全不想跟對方講話。
What? In a court of law?	什麼？在法庭上？
This is a court proceeding, not a swap meet!	這是法庭審理，不是跳蚤市場！
Please answer the question, sir.	先生，請回答問題。
When the judge wants your opinion, she'll ask for it.	法官需要你的意見時，自然會問你。
The bailiff doesn't look like the sort to tolerate any nonsense in his courtroom.	這位法警看起來不是會在自己法庭裡容忍胡鬧的人。
The bailiff doesn't want to talk to you.	法警不想跟你說話。
Just hand him the calibration chart.	把校正表交給他就好。
The D.A. has already seen that.	檢察官已經看過那個了。
When the D.A. wants the calibration chart, he'll ask for it.	檢察官需要校正表時，自然會跟你要。
The court reporter is too busy to talk to you now.	書記官現在太忙，沒空跟你說話。
The court reporter is busy.	書記官正在忙。
You're happy with the seat you're in.	你對現在坐的位子很滿意。
You'll need to sit up front at the prosecutor's table.	你得坐到前排檢察官那一桌。
You can't go in there while court is in session.	開庭期間你不能進去那裡。
You don't need the calendar.	你不需要這份日曆。
If you want a nice gavel like that, you'll just have to go to law school.	如果你想要一支像那樣的法槌，你就得去讀法學院。
You're already in the witness box.	你已經在證人席上了。
The court will call you when your testimony is needed.	法庭需要你作證時會傳喚你。
Officer Bonds! Have you forgotten something?	Bonds 警員！你是不是忘了什麼東西？
Sheepishly you go back and pick up the %s.	你有點不好意思地走回去撿起 %s。
Well, Officer! What's on your mind.	好啊，警員！你在想什麼？
Judge Simpson looks up as you come into her chambers.	你走進辦公室時，Simpson 法官抬起頭來。
I see you're back. Did you have a problem with the warrant?	我看你回來了，搜索票是不是出了什麼問題？
No, not the warrant - just gaining entry. The place is fortified. There's only one way to get into that house. I'm requesting a special order to use the department's ram unit.	不，不是搜索票的問題——是進不去。那個地方戒備森嚴，只有一個辦法能進到那棟房子裡。我要申請特別命令，動用局裡的破門裝置。
The judge studies you closely, then says...	法官仔細打量你，接著說道……
I see. Alright, Officer. I trust your judgement.	我明白了。好吧，警員，我相信你的判斷。
Just make sure you have plenty of back up.	記得多帶點支援人手。
You explain to the judge about recovering Marie's locket. You tell her you believe the cult is responsible for Marie's attempted murder.	你向法官說明你尋回 Marie 項鍊墜子的經過，並告訴她你認為那個邪教組織涉嫌謀害 Marie 未遂。
OOPS THINGS GIVEN DOESN'T WORK	糟糕，給予物品的功能沒有作用
You tell the judge how the photograph of Michael and Jessie Bains helped you locate the suspected crack house.	你告訴法官，Michael 和 Jessie Bains 的合照是如何幫助你找到疑似的快克毒窟。
You hand the news clipping to the judge.	你把剪報交給法官。
You try to convince the judge, but she insists on more evidence.	你試著說服法官，但她堅持要更多證據。
I can see you've done some good detective work, Officer Bonds, but I need more evidence to justify a search warrant.	我看得出你做了不少扎實的偵查工作，Bonds 警員，但我需要更多證據才能核發搜索票。
Your Honor, I'm convinced that some sort of cult operating a crack house at this location.	庭上，我確信有某個邪教組織在這個地點經營快克毒窟。
I wish I were as convinced, Officer Bonds. Is there anything else?	我倒希望自己也能這麼確信，Bonds 警員。還有其他證據嗎？
Well! This looks like a very nasty business indeed! You've sold me. I'll sign the warrant.	哦！這件事看來確實相當骯髒！你說服我了，我會簽發搜索票。
Judge Simpson lays the warrant on the desk and says...	Simpson 法官把搜索票放在桌上，說道……
Good luck, Officer. Contact me if you need any further assistance.	祝你好運，警員。需要進一步協助的話再跟我聯絡。
Sounds like you have a good case Bonds. But I need a location and at least an attempt to gain normal entry.	聽起來你這個案子辦得不錯，Bonds。但我需要確切地點，而且你至少得先嘗試過正常的方式進入。
I wish I could help, but you must go to the location and see if anyone is home first.	我也想幫忙，但你得先去那個地點，看看有沒有人在家。
Your Honor,... I need to obtain a search warrant.	庭上……我需要申請一張搜索票。
***I have this fix-it ticket that I was hoping you could clear for me.	***我這裡有一張改正罰單，希望你能幫我銷掉。
Well Then... how bout I just write one up for you...	那好吧……不如我幫你重新開一張……
Come on Officer! You know the rules. I need some evidence before I can issue you a warrant.	拜託，警員！你知道規矩的，我得先有證據才能核發搜索票給你。
You know the procedures.  Sorry, I can't help you right now.	你知道規定的，抱歉，我現在幫不了你。
The judge is not the kind of person you want to mess with.	這位法官可不是你想惹的人。
You've already shown Marie's locket to Judge Simpson.	你已經把 Marie 的項鍊墜子給 Simpson 法官看過了。
You've already shown the photograph to Judge Simpson.	你已經把那張照片給 Simpson 法官看過了。
You've already shown the news clipping to Judge Simpson.	你已經把那份剪報給 Simpson 法官看過了。
She'd rip you apart, Bonds.	她會把你罵得體無完膚，Bonds。
I remember you perfectly well, Officer Bonds!	我對你印象可深了，Bonds 警員！
The judge isn't interested in that.	法官對那個沒興趣。
The judicial order lies on the desk.	法院命令放在桌上。
The search warrant lies on the desk.	搜索票放在桌上。
You pick up the judicial order.	你拿起法院命令。
The judge would not appreciate you handling her things.	法官不會希望你亂動她的東西。
If the judge wants her windows open, she'll open them herself.	如果法官想開窗，她會自己動手。
The victim's over there in the dumpster.	被害人在那邊的大型垃圾箱裡。
I called the coroner.  He's on his way.	我已經通知法醫了，他正在路上。
I'll be posted at the entrance of the alley waiting for the meat wagon if ya need me.	如果你需要我，我會守在巷口等運屍車。
I'll do the camera bit, Bonds.	拍照的部分交給我來，Bonds。
Ay, Chihuahua!	Ay, Chihuahua!
Ok Sonny, I got them.	好，Sonny，我拿到了。
Hey Bonds.  Nice day, eh?  How's the stiff?	嘿，Bonds，今天天氣不錯吧？屍體那邊怎麼樣了？
He's hangin' in there, Leon.	撐著呢，Leon。
I'll take care of him now, Bonds.  You can go catch some bad guys.	現在交給我處理就好，Bonds，你去抓壞人吧。
Hey, looks like he has something in his pocket!	嘿，他口袋裡好像有東西！
The coroner hands you the license to record in your notebook.	法醫把駕照交給你，讓你抄進筆記本。
You hand the victim's I.D. to the coroner.	你把被害人的身分證交給法醫。
You log the victim's information in your notebook before handing the I.D. to the coroner.	你先把被害人的資料記進筆記本，再把身分證交給法醫。
Ah, not a pretty picture eh?  Let me guess - his name isn't 'Lucky'.	啊，這畫面不太好看吧？我猜猜——他的名字大概不叫「Lucky」。
You notice a fresh dent marked with gold paint on this side of the car.	你注意到車身這一側有個新的凹痕，上面沾著金色烤漆。
Did you hear the one about the Orthodox Jewish Coroner and the hotdog salesman?	你聽過那個正統猶太法醫和熱狗小販的笑話嗎？
So I says to her, Aunt Sophie, could we just this once NOT turn this into a funeral already?	所以我就跟她說，Sophie 阿姨，我們這一次可不可以別又搞得像辦喪事一樣？
So yesterday, I'm eatin' one of my wife's bagels (no lox, 'cause she forgot ta go to the deli), and I'm usin' this napkin.  I THINK it's clean, right?...	昨天啦，我在吃我老婆做的貝果（沒帶鮭魚卵，因為她忘記去熟食店拿），我用這個餐巾紙。我覺得沒髒啦？...
Your bettin' on WHO in the super bowl?   Are you CRAZY?  Are you INSANE?  Ya wanna kill yourself, let me do it.  It'll be quicker.	你在賭誰贏超級盃？你瘋了嗎？你精神有問題嗎？想死的話讓我來。我手比較快。
That's Leon.  He's a great Coroner, but the guy has a sick sense of humor.	那是 Leon。他是個好法醫，不過這傢伙幽默感很扭曲。
One murder's enough for this dark alley, don't you think?	一宗命案對這條黑巷子夠了吧，你不覺得？
You really like to flash those credentials, don't you?	你很喜歡亮警徽嘛？
Don't you want to log the information about Andrew Dent in your notebook first?	你不想先把 Andrew Dent 的資料記進筆記本？
That's nice, Bonds, but I only care for that stuff when it's still on the body.  Save it for L.P.D evidence.	不錯，Bonds，但我只在東西還在屍體上時才在乎。留著當 Lytton 警局的證物吧。
Ah!  Would that the dead COULD speak!	啊！要是死人能說話就好了！
You think about shooting the murder victim, but he's ALREADY DEAD!	你想朝命案被害人開槍，但他已經死了！
You identify yourself to the stiff, then contemplate a long vacation.	你向屍體報上身分，然後幻想著度假。
The car's been abandoned for some time.  There's nothing of interest in there.	那部車被棄置有一陣子了。裡面沒什麼有價值的。
You don't need another sample.	你不需要再拿樣本了。
You carefully scrape some of the gold paint transfer from the side of the white car along with a little white paint into the paper envelope.	你小心地把白車側面的金色油漆轉移跡象和少量白漆刮進紙信封。
You need to use the proper field equipment to take a clean paint sample.	你得用適當的現場勘查工具才能拿到乾淨的油漆樣本。
You don't have the field equipment necessary to take a clean paint sample.	你沒有拿乾淨油漆樣本所需的現場勘查工具。
You don't need to worry about the garage.	你不必擔心修車廠。
The uniformed officer will remove the tape when the body has been removed and the crime lab is finished with the area.	等屍體移走、鑑識組也勘查完現場，那位警員就會把膠帶撕掉。
You need to give the license to the coroner first.	你得先把駕照給法醫。
Using the toothpick, you scrape under the victim's fingernails.  You then place the collected skin and hair into a sample envelope.	你用牙籤在被害人指甲下方刮擦。然後把蒐集到的皮膚和毛髮放進樣本信封。
You look carefully at the knife wounds in the upper chest.  Not a pretty sight.  But it's the pentagram carved into the flesh that really hits you between the eyes.	你仔細看著上胸部的刀傷。不是什麼美麗的景象。但是刻在肉裡的五芒星才真的讓你眼前一亮。
"Not another one!"... you mutter.	「又來一個！」...你低聲抱怨。
"That's all Lytton needs - some freaked-out serial killer that thinks he's got a hot-line to Satan!"	「Lytton 還需要什麼——一個精神錯亂的連續殺人犯以為自己能直通撒旦！」
A bloody shirt covers the upper torso.	一件沾滿血跡的襯衫蓋住上身。
You already have the hair and skin sample.	你已經有毛髮和皮膚樣本了。
That is a good idea, but you'll need the proper equipment.	主意不錯，但你需要適當的工具。
That's a good idea, but you'll need to use the proper field equipment.	主意不錯，但你得用適當的現場勘查工具。
Looking closely at the victim's hands, you notice what appears to be hair and skin imbedded under the fingernails.	看著被害人的手，你注意到指甲下方像是嵌著毛髮和皮膚。
Looks like somebody attacked this guy with toothpicks.	看起來有人用牙籤攻擊這傢伙。
You carefully write down the information in your notebook.	你小心地把資訊寫進筆記本。
You carefully search the body and remove the victim's identification.	你仔細搜查屍體並取走被害人的身分證件。
There's nothing more in the victim's pockets.	被害人口袋裡沒有其他東西了。
You examine the knife wounds in the upper chest.   Leon will be able to tell you more about the wounds in the Coroner's report.	你檢查上胸部的刀傷。Leon 會在法醫報告裡告訴你更多關於傷口的事。
That's a nasty habit!	那可真是個壞習慣！
I don't think he'd care to have his teeth picked right now.	我不覺得他現在會樂意被人挑牙齒。
You have plenty of trash at home.	你家裡有一堆垃圾。
The back entrance to the bar seems to be locked.	酒吧的後面入口好像被鎖住了。
Morales ignores your attempt at conversation.	Morales 忽視你試圖交談的嘗試。
This car looks like the suspect vehicle we've been looking for.	這部車看起來像我們在找的嫌疑車輛。
Hmmmm... no tags, though.	嗯...不過沒有牌照。
You wander around for a moment and realize that there's nothing else of interest in this part of town.	你逛了一會兒，發現這一帶沒有其他有趣的東西。
You curse as you watch the suspect getting away.	你眼看著嫌犯逃脫，忍不住罵了起來。
What... What's going on?	怎...怎麼回事？
Just get in the car!	快上車！
You can't take a paint sample without the proper field equipment.	你沒有適當的現場勘查工具，不能拿油漆樣本。
You can't search the inside of the car without a warrant.	沒有搜索票，你不能搜查車子內部。
You look at the parked car and notice that the license plates are missing.  The car matches the description of the suspect vehicle.	你看著停著的車，注意到牌照不見了。這部車符合嫌疑車輛的描述。
Giving the car a closer look, you see what appears to be a fresh white paint transfer.	仔細看那部車，你看到了好像是新鮮的白色油漆轉移跡象。
"Bingo", you mutter, "I got you now, you S.O.B..."	「答對了」，你低聲說，「我抓到你了，你混蛋...」
You inspect the suspect car once more, and find no evidence other than the paint transfer.	你再檢查一次嫌疑車，除了油漆轉移跡象外沒有其他證物。
You plant the tracking device on the suspect vehicle.	你在嫌疑車上安裝追蹤裝置。
You carefully scrape some of the white paint transfer off and put it in an envelope.	你小心地把一些白色油漆轉移跡象刮下來放進信封。
You don't need any more paint.	你不需要更多油漆了。
The car won't fit in the envelope.	車子塞不進信封。
You need to get the paint sample before you can store it in an envelope.	你得先拿到油漆樣本才能放進信封。
Rubber's just rubber.  If you want some there's easier ways to get it than scraping it off the street.	橡膠就是橡膠。你要的話有比從街道上刮下來更簡單的辦法。
There is no apparent need for anything in the trunk right now.	現在沒有明顯的理由需要整理行李廂的東西。
Convinced that the serial killer will strike here next, you decide to stick around.	確信連續殺人犯下一個會在這裡作案，你決定留下來。
If you want a drink, you'd have better luck inside.	你要喝東西的話在裡面運氣比較好。
Better keep it holstered until you REALLY need it.	最好把它插在槍套裡，直到你真的需要。
"Hmmm... nothing of interest back here."	「嗯...這後面沒什麼有意思的。」
I'm gonna check out the back for the suspect, Sonny.	我要去後面找嫌犯，Sonny。
Hey that guy kinda looks familiar.	嘿，那傢伙看起來有點眼熟。
The punk's hateful glare burns right through you.	那小子充滿仇恨的眼光刺穿你。
You look carefully at the man. He closely matches the bag lady's physical description of the suspect in Marie's stabbing.	你仔細看著那個人。他的身體特徵跟流浪漢描述的 Marie 刺傷事件嫌犯非常相符。
As you turn to ask the pool player about the vehicle...	當你轉身想問撞球玩家關於那部車...
If you want something from the man why don't you just ask.	你想從那傢伙那裡得到什麼的話直接問啊。
Approaching a potentially armed suspect, unprepared is not advisable.	未加準備地接近可能武裝的嫌犯是不明智的。
Maybe I'd have better luck getting her attention when she isn't quite so busy.	也許我在她沒那麼忙的時候比較容易引起她的注意。
You know anything about that car parked out front?	你知不知道外面停著的那部車？
My customer's cars are their own business.	我客人的車那是他們自己的事。
Okay, thanks.	好的，謝謝。
What can I do for ya tonight?	今晚有什麼我可以幫你的嗎？
Nothing. Thanks.	沒有。謝謝。
Hey pal! If yer not buyin' booze, yer just takin' up real estate!	嘿，老兄！你不買酒的話就是白佔地皮！
If you wanna order a drink then order it.	你要點飲料的話就點吧。
I ain't got time for idle chit chat right now!	我現在沒時間閒聊！
The man playing pool hasn't done anything wrong, except be rude.	那個打撞球的傢伙除了粗魯以外沒有做錯什麼。
He's waiting for his pool partner to finish his turn.	他在等他的撞球夥伴輪到他玩。
The man playing pool looks like a rough customer. You wonder where his pool partner is.	那個打撞球的傢伙看起來是個粗人。你不知道他的撞球夥伴在哪裡。
Maybe you should wait until he makes his shot first.	也許你應該等他先打一桿。
The man ignores you. He seems to be waiting on someone to come finish the game.	那個人忽視你。他好像在等有人來完成這場遊戲。
You think about busting the guy's head, but you restrain yourself.	你想著砸這傢伙的頭，但你忍住了。
Is that your car out front?	外面的車是你的嗎？
*Sniff* Anybody else in here smell bacon?	*嗅* 還有人聞到警察了嗎？
Why on earth would you want to do that?!	你究竟為什麼要那樣做？！
He seems harmless enough. You decide to leave him alone.	他看起來夠無害的。你決定不理他。
The guy hasn't done anything wrong.	那傢伙沒有做錯什麼。
Excuse me, Sir. is that your car parked right out front?	不好意思，先生。外面停著的車是你的嗎？
Naw! My car's been in the shop all week. Why?	不是！我的車整週都在修車廠。幹嘛？
Nothing. thanks.	沒事。謝謝。
The guy's busy drowning his sorrows and doesn't pay any attention to you.	那傢伙正忙著借酒澆愁，沒在理你。
He hasn't done anything wrong. Leave him alone.	他沒有做錯什麼。別理他。
Excuse me sir, is that your car parked right out front?	不好意思，先生，外面停著的車是你的嗎？
Not me. I drive a Harley man!	不是我。我騎哈雷機車！
Sorry to bother you.	抱歉打擾了。
Touching the pool table while someone is playing isn't a good idea.	有人在玩撞球時碰撞球台不是個好主意。
If you want a drink just order one.	你要喝東西就點一杯吧。
Ahh... if you only had time!	啊...要是你有時間就好！
You don't have time to watch television.	你沒有時間看電視。
You wouldn't take one of those tacky candles if somebody paid you.	就算有人付錢你也不會拿那些俗氣的蠟燭。
No thanks, you don't smoke.	不用了，你不抽菸。
The door is locked.	門被鎖了。
You decide to drive to the hospital to check up on marie.	你決定開車去醫院看 Marie。
This is the front entrance to the coroner's office.	這是法醫辦公室的前面入口。
Your car sits out in front of the coroner's office.	你的車停在法醫辦公室的外面。
You haven't even been inside yet!	你還沒進去過！
The trunk of your car is closed.	你的車行李廂是關著的。
Since you're not a dog, I'll ignore that request.	既然你不是狗，我就忽視那個要求。
Not having a green thumb, you leave the tree alone.	沒有園藝天賦，你就別管那棵樹了。
There's nothing you can do with the sign.	你沒辦法對那個標誌做什麼。
There's nothing you can do with the sidewalk.	你沒辦法對人行道做什麼。
Ok Bonds,... Lets try and keep our mind on our work!	好的，Bonds...我們專心工作吧！
You decide to stick around until the coroner shows up.	你決定留下來等法醫出現。
"Oh yeah, I almost forgot Rocklin's personal effects."	「哦是啦，我差點忘了 Rocklin 的私人物品。」
Well, if it isn't Sergeant 'B'.  I hadda hunch you might show up.	哦，如果不是警佐 B。我就猜你可能會出現。
You might find this amusing.  I found it on your dead suspect.  Looks like you have a fan.	你可能會覺得有趣。我在你那具死屍上找到它。看起來你有個粉絲。
With a sinking feeling, you recognize the old news article covering your promotion.	心下一沉，你認出了那篇報導你升職的舊新聞。
A red marking pen pentagram mars your photograph.	紅色簽字筆的五芒星毀掉了你的照片。
I wouldn't worry about it,\nBonds.  You look GOOD in red.	我不會擔心，\nBonds。你穿紅色看起來很棒。
Not to worry.  I've got a positive I.D. on your stiff.  Name's Steven Rocklin.  Last known address is 500 West Peach.	別擔心。我有你那具屍體的確切身分。叫 Steven Rocklin。最後已知地址是 West Peach 500 號。
I've got all of Rocklin's belongings in an envelope over on the counter for you.	我把 Rocklin 的所有物品放在櫃檯上的信封裡，等著你來拿。
I see you found that manilla envelope I put out for you.  The stuff in there was Rocklin's.	我看你找到了我給你留的那個牛皮信封。裡面的東西都是 Rocklin 的。
I found this under the fingernails of your murder victim, Andrew Dent.  A little skin, a little hair...   Think of it as my gift to you.	我在你那位謀殺案被害人 Andrew Dent 的指甲下面找到了這個。一點皮膚，一些頭髮……當成是我送你的禮物吧。
Hey, drop by for lunch some time!  I'll slice us up some fresh pastrami!	嘿，改天中午來吃個飯啊！我給你切點新鮮的培根肉！
Hey, Bonds... you ok?  You look a little green around the gills!	嘿，Bonds……你沒事吧？你臉色有點難看啊！
Nope.  Nobody you know.  There's a toe tag, though.	沒有。不是你認識的人。不過有驗屍編號標籤。
You notice a toe tag.	你注意到了驗屍編號標籤。
This corpse's feet look particularly unattractive.  You notice a toe tag.	這具屍體的腳看起來特別讓人不舒服。你注意到了驗屍編號標籤。
The drawers store bodies.  You wonder if there's anyone you know in there.	這些抽屜裡存放的是屍體。你心想不知道裡面有沒有認識的人。
"I'm starting to worry about you Bonds."	「我開始擔心你了，Bonds。」
Leon Mandel is the County Coroner.  It's rare to see him without something or other in his mouth.  He's a little strange, but you've come to appreciate his sense of humor.	Leon Mandel 是郡驗屍官。要看到他嘴裡沒有東西的時候很罕見。他有點奇怪，但你已經學會欣賞他的幽默感了。
Leon's not about to share his sandwich.	Leon 不太可能分享他的三明治。
Nah.  He might enjoy it.	不會。他說不定還挺享受的。
Hey, you want a picture?  I'll send you an autographed one.  Me in my polka dot swim trunks.  No problem.	嘿，你想要張照片嗎？我可以寄給你一張簽了名的。我穿著圓點泳褲的照片。沒問題。
Whaddaya want from me, a medal?  Your evidence boys down at the station have the time and equipment for all that lab analysis stuff.  Me, I'm busy enough with just the stiffs.	你想從我這裡要什麼，一枚勳章？你們局裡的鑑識組有時間和設備做那些實驗室分析工作。我呢，光是忙著應付這些死人就夠累的了。
 Better hang on to it!	 最好好好保管它！
There's a large manilla envelope on the counter.	櫃檯上有一個大牛皮信封。
Knowing what a strange individual Leon is, you decide to stay out of his cabinets.	考慮到 Leon 有多古怪，你決定別去翻他的櫃子。
Leon certainly has a lot of storage space in here.	Leon 這裡確實有很多儲存空間。
Even if Leon GAVE you that chart, you wouldn't take it.	即使 Leon 把那張圖表送給你，你也不會要。
You'd rather not look at that chart on the wall.  You see enough of that stuff at accident scenes.	你寧願不看牆上那張圖表。你在車禍現場看過夠多那類東西了。
You don't have much call for embalming fluid, Sergeant.	防腐液對你這位警佐用處不大。
The bottles contain embalming fluid.	這些瓶子裡裝的是防腐液。
There'll be time enough for you to be on the table when you're dead.	等你死了以後，會有充足的時間讓你上解剖台。
The sight of the cold, stainless steel autopsy table sends a chill through the spine as you recall the many times you've come close to ending up on one.	看到冷冰冰的不鏽鋼解剖台，你脊背發涼，回想起自己曾經好幾次險些躺上去。
This isn't "Life & Death".  There's a REASON you didn't go into forensics.  Just looking at those instruments makes you queasy.	這不是「生死時刻」。你沒有從事法醫工作是有原因的。光是看著那些工具就讓你感到噁心。
A number of cruel-looking stainless steel instruments lie on a towel on the counter.	一些看起來很殘酷的不鏽鋼儀器放在櫃檯上的毛巾上。
You'd better leave "Demi" alone.  You know how Leon is about his bones.	你最好別碰「Demi」。你知道 Leon 對他的骨頭有多執著。
That's Leon's 'girlfriend', Demi Bones.	那是 Leon 的「女友」，Demi Bones。
The toe tag reads "%s".	驗屍編號標籤上寫著「%s」。
Good old Leon.  He has so much fun naming the John Does.	老天啊 Leon。他給無名屍取名的時候可開心了。
The toe tag reads "%s" - the poor stiff you found in the alley.	驗屍編號標籤上寫著「%s」——你在巷子裡找到的那具可憐的屍體。
Underneath the name is a note:  "Bonds - Caught you peeking!  Stepped out for a bite.  Be back soon - Leon."	名字下面有一張紙條：「Bonds——抓到你在偷看！出去吃口東西去了。待會兒回來——Leon。」
This place does have a way of making you want to wash your hands, doesn't it?	這個地方確實有種讓人想洗手的感覺，是吧？
The Coroner's office is equipped with a sink.  You hate to think about what washes down those drains!	驗屍官辦公室裡有一個水槽。你不想去想那些排水管裡沖下去的是什麼東西！
I don't think Leon would appreciate your playing with his toys.	我不認為 Leon 會歡迎你去玩他的玩意兒。
The embalming machine is a kind of mechanical vampire.  Out with the old, in with the new...	防腐機就像某種機械吸血鬼。把舊的吸出去，把新的灌進來……
You ignore the firemen and walk right into the burning house. Falling debris hits you on the head, and you succumb to the flames.	你無視消防隊員走直進燃燒的房子裡。掉落的殘骸砸中了你的頭，你被火焰吞沒了。
I'll deal with the gawkers across the street.	我會去應付街對面那些看熱鬧的人。
Just try to conduct yourself like a professional.  OK, Morales?	試試看能不能表現得像個專業人士。好嗎，Morales？
No prob' Boss man!	沒問題，老闆！
Ok folks! Who brought the marshmallows, huh?	好吧各位！誰帶棉花糖來了，嗯？
I'll go take care of the gawkers across the street, Sonny.	我去應付街對面那些看熱鬧的人，Sonny。
What appears to have started the fire?	火看起來是怎麼起的？
Looks like arson to me. She went up awful fast.	在我看來像是縱火。火勢上來得很快。
Do you have any idea who might have started it?	你有沒有想過誰可能幹的？
It's under investigation. You can go in if you like.	正在調查中。如果你願意可以進去。
You thank the fire chief and let him get back to work.	你向消防隊長道謝，讓他回到工作崗位。
Hey you!  Get back away from the fire line!	嘿你！退到火災警戒線以外去！
Officer, I found something you might want to look at.	警官，我找到了東西，你可能想看看。
It looks like a photograph.	看起來像是一張照片。
It takes you a moment to realize what you're seeing.  You feel goosebumps crawl up your back.	你花了一陣子才意識到自己看到了什麼。你感到雞皮疙瘩爬上後背。
The man on the left is none other than your one-time arch nemesis, Jessie Bains.  The man on the right bears a striking resemblance to him.	左邊的人不是別人，正是你曾經的死對頭 Jessie Bains。右邊的人長得和他有驚人的相似。
You don't believe this!  The Bains brothers, Michael and Jessie.	你無法相信！Bains 兄弟，Michael 和 Jessie。
The firemen are struggling to put out the fire.	消防隊員正在努力撲滅大火。
The firemen are anxious to get this wrapped up.	消防隊員急著要把這場火撲滅。
"The fire's under control. Not to worry."	「火勢已經控制住了。不用擔心。」
"Hey, we're off call as soon as we're done here. Who wants to grab a beer down at Johnny's?	「嘿，我們一完成就下班。誰想去 Johnny's 喝杯啤酒？
"We've almost got it out now."	「我們差不多要把它撲滅了。」
"Man, I gotta call my wife. Anybody seen a phone?"	「天啊，我得給我老婆打個電話。有人看到電話嗎？」
"This fire's nothing compared to the office building that went up yesterday."	「這場火比昨天那棟辦公樓的火小多了。」
"This one didn't take long at all. At least we caught it before it spread up the street."	「這場火沒花多長時間。至少我們在它蔓延到街上之前控制住了。」
It looks like the man with the bull horn is in charge. He must be the fire chief.	看起來那個拿著擴音器的人是負責人。他應該是消防隊長。
The fire chief is focused on his men. He doesn't notice you.	消防隊長專注於他的手下。他沒有注意到你。
You see the fire gutted shell of a house still ablaze. It looks like the fire fighters have it under control.	你看到了被火燒成空殼的房子還在燃燒。看起來消防隊員已經控制住了火勢。
You see the fire gutted shell of a house.	你看到了被火燒成空殼的房子。
It's a Lytton Fire Department pumper.	這是 Lytton 消防局的消防車。
The firemen have the fire well in hand and don't need your assistance.	消防隊員完全控制住了火勢，不需要你的協助。
It's the trunk of your car.	這是你車的後備廂。
It looks like a photograph.  You pick it up.	看起來像是一張照片。你撿了起來。
You notice something shiny sticking out from under a mound of burnt refuse.	你注意到在一堆燒焦的垃圾底下有什麼閃閃發亮的東西露出來。
The walls are marred by fire.	牆被火燒得滿目瘡痍。
You don't want to touch that.  Some of this stuff is still hot.	你不想碰那個。有些東西還是熱的。
The ugly old couch is soaked and smoldering.  The smell\nof burnt upholstery stings your nose.	那張醜陋的舊沙發又濕又冒著煙。燒焦家具的味道\n刺激著你的鼻子。
The smoking couch does not interest you.	冒著煙的沙發引不起你的興趣。
The carpet has melted in places into a molten polyester mess.	地毯有些地方融化成了熔化的聚酯塑膠。
You search this area but find nothing.	你搜索了這個區域但什麼都沒找到。
The cushion doesn't interest you.	這個靠墊引不起你的興趣。
The melted glob doesn't interest you.	這灘融化的東西引不起你的興趣。
This appears to some sort of altar room. You get the feeling you're not dealing with kids and ouija boards here.	這看起來像是某種祭壇房間。你有一種感覺，這不是什麼小孩子和通靈板的把戲。
You carefully scrape off some of the dried blood and hair and put them in an envelope.	你小心地刮下一些乾掉的血液和頭髮，放進一個信封裡。
You need something with which to collect a clean sample.	你需要某種東西來採集乾淨的樣本。
Even the idea of touching this sicko stuff disgusts you.	連想到要碰這些變態東西都讓你感到厭惡。
A pentagram has been carefully painted on the wooden floor with red paint.	一個五角星被細心地用紅漆畫在木地板上。
As you study the floor within the altar you notice a dried puddle of blood and hair. It appears to be the remains of some sick sacrificial ritual. Your stomach turns. 	當你研究祭壇內的地板時，你注意到一灘乾掉的血液和頭髮。看起來是某種病態祭祀儀式的遺跡。你感到反胃。
You don't want to touch that. Some of this stuff is still hot.	你不想碰那個。有些東西還是熱的。
The last embers of the fire cast an eerie red glow throughout the smokey house.	火最後的餘燼在煙霧瀰漫的房子裡投射出詭異的紅色光芒。
The pipe doesn't interest you.	這根管子引不起你的興趣。
Exposed water pipes and charred studs are all that remain of some of the interior walls.	露出的水管和燒焦的立柱是一些內牆僅存的東西。
Good day, Sir! Good day! You look like a man in need of a career.	早安，先生！早安！你看起來像是需要一份職業的人。
Reconsidering?	重新考慮一下？
You made an excellent choice! The army's the ONLY life for a man!	你做了個絕妙的選擇！軍隊才是一個男人唯一的人生！
Outdoor adventure, free room and board, good old-fashioned discipline! Get all those newfangled, namby-pamby, TV-zombie ideas out of your system and get your life back under control. Know what I mean?	戶外冒險，免費的食宿，傳統的紀律！把那些新花樣、婦人之心、被電視洗腦的想法都趕出你的腦子，把你的人生重新控制住。你明白我的意思嗎？
Serving you is a pleasure, sir. Don't forget the U.S. Army if you ever need a change of careers!	為你服務是我的榮幸，先生。如果你將來想換個職業，別忘了美國軍隊！
Thanks. I won't.	謝了。我不會的。
You can even choose your first tour of duty.	你甚至還可以選擇你的第一個任期。
Remember, son. It's the best character builder a man could want.	記住，小夥子。這是一個男人能夠得到的最好的品格塑造。
At the end of your six year enlistment, you'll be amazed at how the time just flew by.	在你六年役期結束時，你會驚訝時間過得有多快。
Just think of an exciting career in heavy tank repair!	想想一個令人興奮的重型坦克維修職業吧！
You could become a career man. Look at what it's done for me.	你可以成為一個職業軍人。看看它對我做了什麼。
We have many exciting bases around the world, like Oklahoma.	我們在世界各地有很多令人興奮的基地，比如俄克拉荷馬。
Hmmm... That sounds terrific, but I already have got a good career, thanks.	嗯……聽起來很不錯，但我已經有份不錯的工作了，謝了。
You show the photograph to the recruiting officer again.	你再次把照片展示給徵兵官看。
You show the photograph of Jessie and Michael Bains to the recruiting officer.	你把 Jessie 和 Michael Bains 的照片展示給徵兵官看。
Well, why didn't you say who you were earlier? Of course I can get that information for you, Sergeant.	那你為什麼剛才不說你是誰呢？當然，我可以為你查那些資訊，警佐。
Can you give me any information on this man? His name is Michael Bains. He should have a military record.	你能告訴我關於這個人的任何資訊嗎？他叫 Michael Bains。他應該有軍事檔案。
That's privileged information there, boy! The U.S. Army doesn't hand out military records to just anyone!	那是保密資訊，夥計！美國軍隊不會隨便把軍事檔案交給任何人！
Let me see here, Sergeant...	讓我找找看，警佐……
Ah! Here we go. Michael Bains. Let me get you a printout.	啊！找到了。Michael Bains。讓我給你列印一份。
There you are, Sergeant. Hope it helps.	給你，警佐。希望有幫助。
You show the recruiting officer your badge and identify yourself.	你把警章給徵兵官看，報出你的身份。
He looks closely at your credentials, making sure they're legitimate. When he looks up, he seems more cooperative.	他仔細查看你的證件，確保它們是真實的。當他抬起頭時，他似乎更願意配合了。
Yes, Sir, Sergeant. And what can I do for you today?	是的，警佐。我今天可以為你做什麼？
You can keep it, Sergeant. The U.S. Army's got it all in its data banks.	你可以拿著，警佐。美國軍隊的數據庫裡什麼都有。
You take the printout of Michael Bain's military record.	你拿起了 Michael Bain 軍事檔案的列印件。
Browsing through Michael Bains' military record, you come across the following information.	翻看 Michael Bains 的軍事檔案時，你找到了以下資訊。
Career Gunnery Sergeant. Exemplary record, bearing and behavior - beyond reproach. Behavior alteration noticed following brother's death (Jesse Bains) at the hands of the police. Admitted to military psychiatric facility following a particulary violent outburst. Two injured.	職業砲手軍士。傑出的記錄、舉止和行為——無可挑剔。在哥哥（Jesse Bains）被警察殺害後表現出異常行為。因為一次特別暴力的爆發被送入軍隊精神病院。兩人受傷。
Returned to active duty, but began displaying more violent, antisocial behavior patterns. Unprovoked physical attacks reported. Medical discharge from army for psychological instability.	返回現役，但開始表現出更多暴力的、反社會的行為模式。有過無故毆打他人的報告。因心理不穩定被軍隊醫療除役。
The recruiter would no doubt flatten your face if you tried to walk out with his printer.	如果你試圖帶著他的列表機走出去，這個徵兵官毫無疑問會揍你。
I don't think that's a good idea.	我認為那不是個好主意。
Just showing him the photo again won't do any good.	再給他看照片也沒用。
You have already identified yourself.	你已經自報身份了。
The recruiter is career army. He's not interested in seeing your puny weapons.	這位征兵官是職業軍人。他對你那點破爛武器不感興趣。
The recruiter isn't interested.	征兵官不感興趣。
The desk is not yours.	這張桌子不是你的。
The recruiter would no doubt flatten your face if you tried to walk out with his computer.	你要是敢帶著他的電腦走出去，那征兵官肯定會把你的臉打扁。
The recruiting officer might be upset if you starting rifling through his files uninvited.	你要是沒經允許翻他的檔案，那征兵官可能會不高興。
You're not a janitor.	你不是清潔工。
Thanks to Judge Simpson, the ram is in place and ready to go.	多虧 Simpson 法官，撞門車已經就位隨時可以出擊。
I'll wait here for you Sonny.	我會在這兒等你，Sonny。
I got the back, Sonny. Keep your head down.	我掩護後方，Sonny。低頭別亂動。
Obviously there IS somebody home.	很明顯，裡面確實有人在。
You'll have to find some other way to serve that search warrant.	你必須想想別的辦法送達搜索票。
You can hear movement inside the house, but no one answers.	你能聽到屋裡有動靜，但沒人應門。
Wait until I'm in position then take out the door.	等我進位後再破門。
Just give the boys the word, Sarge, and the ram will take er down!.	你一聲令下，警佐，撞門車就會把它砸爛！
Hey, Sonny.	嘿，Sonny。
Dispatch radioed that you might need the K9 unit so I brought Spike over.	勤務中心無線電說你可能需要警犬隊，所以我把 Spike 帶過來了。
He's got the scent of something big in there. He's about to pull my arm off if I don't let go.	他聞到裡面有什麼大貨。要不是放手讓他去，他都快把我的胳膊扯掉了。
Seek!	搜！
If you want to leave, take your own car.	你要是想走，就開你自己的車。
Better find out what the dog's found instead of wasting time out here.	最好查一下狗發現了什麼，別在外面浪費時間。
Things are too precarious right now to chit chat with your fellow officers.	現在情況太緊急了，沒工夫跟同事閒聊。
I wonder what Spike's all upset about?	不知道 Spike 在鬧什麼呢？
This is a slightly higher species than Officer Parks is used to handling.	這是比 Parks 警員平時對付的東西高級一點的物種。
If you want the officers to use the ram, you'll need to give the order.	你要是想讓警員用撞門車，得先下令。
You give the order for the ram to proceed.	你下令撞門車出擊。
The ram really did a number on that steel door.	撞門車真的狠狠地對付了那道鋼門。
The front door is made of steel. It would look more at home on a military installation than on this run-down shack.	前門是鋼製的。放在軍事基地倒還挺合適，放在這破爛棚子裡就格格不入了。
That nightstick wouldn't make a dent in the door.	那根警棍對門根本造不成傷害。
That door could take more bullets than you have.	那門能吃得了你所有子彈。
You've got more important animals to worry about today.	你今天有更重要的動物要擔心。
The dog isn't any threat to you.	這隻狗對你沒有威脅。
Those metal bars aren't going to budge.	那些鐵欄根本撬不動。
Your job here is not done yet, Bonds!	你的工作還沒完呢，Bonds！
Carpentry never was your strong point.	做木工從來不是你的強項。
There's nothing you can do with the lawn.	你對草地無能為力。
You can't force your way in with your bare hands.	你光靠赤手空拳進不去。
Not even the auto club could get this heap started.	連汽車俱樂部都起不動這堆破車。
Carpentry was never your strong point.	做木工從來不是你的強項。
That old junk doesn't interest you.	那堆舊廢物引不起你的興趣。
Carpentry was never your strong suit.	做木工從來不是你的強項。
The occupant's electric usage does not interest you.	住戶的用電情況不在你的關注範圍。
Shooting at the bars won't help.	朝鐵欄射擊沒用。
That nightstick is not quite up to prying apart steel.	那根警棍撬不開鋼製的東西。
You had better do something with the suspect first.	你最好先處理一下嫌犯。
You better check out the room first.	你最好先查一下房間。
Freeze!	別動！
Don't shoot, I give up.	別開槍，我投降。
You look underneath the filthy cushion and find a remote control.	你在那髒兮兮的墊子下面摸到一支遙控器。
You feel a sense of satisfaction as you slip the cuffs on the wrists of Michael Bains.	當你把手銬套在 Michael Bains 的手腕上時，你感到一種滿足感。
I'll take it from here, Sonny.	後面的事交給我，Sonny。
Don't you move an inch, buddy.	你最好別亂動，老兄。
This is not the time to be checking him out.	現在不是檢查他的時候。
The man you shot is dead.	你射死的那個人已經沒氣了。
You already dealt with him.	你已經處理過他了。
That will really stop him.	這樣真的能阻止他。
You must think you're superman?	你以為自己是超人啊？
There is nothing of interest on him.	他身上沒有什麼值得關注的東西。
You examine the fireplace but do not find anything of interest.	你檢查了壁爐，但沒發現什麼值得注意的東西。
You already have the passage open.	你已經把通道打開了。
You examine the TV but find nothing unusual.	你檢查了電視，但沒發現什麼異常。
You better restrain him first.	你最好先制住他。
Spike prefers not to be petted while he's concentrating.	Spike 在集中注意力時不喜歡被摸。
There is nothing more under the cushion.	墊子下面沒有其他東西了。
Now is not the time to snoop around.	現在不是窺探的時候。
Now that the door's been knocked in, it doesn't interest you.	既然門已經被砸開了，它就不值得你關注了。
You see nothing of interest.	你沒看到什麼值得關注的東西。
Marie wouldn't approve of you taking that picture home.	Marie 不會同意你把那張照片帶回家。
There's nothing under that cushion.	那個墊子下面沒有東西。
You shot him!  Hold on while I check his vital signs.	你開槍了！先等等，讓我查一下他的生命跡象。
I'd like to say it was fun, Bonds, but you've been a real pain in my ass, you male pig.	我想說很高興認識你，Bonds，但說實話，你真是我的眼中釘，你這個臭男人。
I'm Detective Hooks, Internal Affairs.   We've been keeping an eye on her since your report.   Lucky I was here.	我是 Detective Hooks，內務科。自從你報告後，我們一直在監視她。幸好我在這裡。
Congratulations!  You've not only solved your murder case, but you've also found and incapacitated a dangerous cult that was processing crack.  Now all that's left to fight is the paperwork.  You almost welcome the routine of it all.  There IS such a thing as too much excitement.	恭喜！你不僅破了命案，還找到並制伏了一個製造毒品的危險邪教組織。現在剩下的就是跟公文打交道了。你幾乎要歡迎這種日常的工作。確實，興奮過頭也不好。
You think you're superman?	你以為自己是超人啊？
You don't want to disturb the evidence.	你不想擾亂證物。
Stopped lowrider?	攔下改裝低底盤車？
Got right ticket code?	罰單代碼對嗎？
Found the star?	找到明星了嗎？
Got reporter card?	有記者證嗎？
Placed news story?	登出新聞故事了嗎？
Turn Morales in?	把 Morales 抓起來了嗎？
Marie to live?	Marie 活著嗎？
Wow, this guy's really going fast.	哇，這傢伙真的在開快車。
The other vehicle's too far ahead of you.	另一輛車離你太遠了。
You're not in the proper position to pull the car over.	你的位置不對，攔不了車。
You wisely decide not to pull over the allied agent.	你聰明地決定不攔住友軍人員的車。
You decide not to pull over the vehicle.	你決定不攔這輛車。
Up ahead you see a slow car impeding traffic in the fast lane.	前面你看到一輛慢車在快車道上擋住交通。
The car is too far ahead of you.	那輛車離你太遠了。
Up ahead you see a car weaving.	前面你看到一輛在蛇行的車。
The vehicle's too far ahead of you.	那輛車離你太遠了。
The driver of the vehicle sees your lights and finally begins to pull over.	那輛車的駕駛人看到你的警燈，終於開始靠邊停車。
It's a white Mercedes convertible, license plate #34567.	那是一輛白色 Mercedes 敞篷車，車牌是 #34567。
It's a low-rider black Ford, license plate #22776.	那是一輛黑色改裝低底盤 Ford，車牌是 #22776。
It's light blue Ford Escort, license plate #01923.	那是一輛淺藍色 Ford Escort，車牌是 #01923。
It's a black Dodge with exempt plate of #12896.	那是一輛黑色 Dodge，特殊車牌是 #12896。
You tear the ticket off the computer.	你從電腦上撕下罰單。
Before exiting, you grab the ticket and the license.	在下車前，你拿走罰單和駕照。
The glove compartment contains miscellaneous car records.   In particular, you notice a record file of some sort.	置物箱裡裝著各種車輛文件。尤其是，你注意到某份記錄檔案。
The glove compartment contains miscellaneous car records.	置物箱裡裝著各種車輛文件。
You reach over and open the glove compartment.	你伸過去打開置物箱。
You reach over and close the glove compartment.	你伸過去關上置物箱。
You should leave that with the vehicle unless you have a specific need for it.	你應該把它留在車上，除非你有特別的需要。
Thinking about your upcoming court appearance, you wisely decide to take the speedometer calibration chart with you.	想到即將出庭，你聰明地決定帶走時速表的校正表。
You pull the ticket and the license out of the computer.	你從電腦上取出罰單和駕照。
The blip has stopped on the freeway.	雷達信號在高速公路上停下來了。
Up ahead you see a car overturned in the middle of the freeway.   You slow to a stop.	前面你看到一輛車在高速公路中央翻覆。你減速停下。
Up ahead you see a car overturned on the other side of the freeway.  You turn around and slow to a stop.	前面你看到一輛車在高速公路的另一邊翻覆。你掉頭減速停下。
Dispatch says..."64 David."	勤務中心說...「64 David。」
Morales responds..."This is 64 David, go ahead with your traffic."	Morales 回應...「這是 64 David，請說你的勤務內容。」
"Respond to an 11-44, west bound on the freeway just east of the Lilly off ramp."	「前往一件 11-44，高速公路西向，Lilly 出口東側。」
Continuing she says..."Be advised this is your possible suspect vehicle."	她繼續說...「請注意，這可能是你們的嫌犯車輛。」
Your partner acknowledges the call and says... "Get this puppy rolling Bonds!"	你的搭檔確認收到，說...「讓這台車動起來，Bonds！」
You have failed to respond to the Freeway accident in a reasonable amount of time.	你沒有在合理的時間內趕到高速公路事故現場。
Another case of dereliction of duty!	又是一次失職！
The engine must be running to use the tracker.	引擎必須發動才能使用追蹤器。
Pat places the portable red light on the dash.	Pat 把便攜式紅燈放在儀表板上。
Turning the engine off while you're moving is not a good idea, Sonny.	邊走邊關引擎不是好主意，Sonny。
You need to return the driver's license first.	你需要先把駕照還回去。
You left the drunk standing by his car in your handcuffs!	你把那個醉漢留在他車邊，戴著手銬！
Better wait for your partner.	等等你的搭檔吧。
You must have forgotten about being temporarily assigned to traffic division.  You'll have to drive the black and white today, Sonny.	你一定忘了被臨時派到交通組的事。今天你得開黑白車，Sonny。
You're a homicide detective now. You don't drive a black and white anymore.	你現在是命案警探了。不用再開黑白車了。
You already have the ticket.	你已經有罰單了。
A ticket isn't going to keep this guy from killing someone on the road.  You're going to have to take him downtown.	罰單阻止不了他在路上殺人。你得把他帶去局裡。
You insert the driver's license into the slot.   This activates the computer.	你把駕照插進卡槽。電腦啟動了。
It's your partner Pat Morales.	是你的搭檔 Pat Morales。
It's your buddy Mr. Loony tunes!	是你的老友瘋子先生！
It's your buddy Mr."But I only had one beer!"	是你的老友「只喝一杯」先生！
Morales says..."Some day, eh, Sonny?"	Pat Morales 說：「有一天，嗯，Sonny？」
Morales teasingly says..."Ya drive like my Grandma, Bonds."	Pat Morales 戲謔地說：「你開車像我奶奶，Bonds。」
Morales says..."Ya tryin' ta rack up points for pedestrians, or what, Bonds?"	Pat Morales 說：「你想為行人累積紀錄嗎，或其他什麼，Bonds？」
Morales says..."If ya want me to drive, jus' holler."	Pat Morales 說：「如果你要我開，就喊一聲。」
Excitedly, Morales says..."Did ya see that gorgeous hunka man back there?"	Pat Morales 興奮地說：「你看到後面那個帥哥了嗎？」
Out of his head, the prisoner says..."Cold!   I'm so f@!#ing cold!  Who let the fire go out, for C#$%@ sake?"	酒醉不清的嫌犯說：「冷！我他媽的冷死了！誰把火滅了，該死的！」
Deliriously, the prisoner says..."I wasn't doin' nothin'.  I wasn't the one!  Oh, no, don't look at me!"	神志不清的嫌犯說：「我沒幹什麼。不是我！哦，不，別看我！」
The prisoner rambles incoherently..."Don't put that on me.  I ain't got nuthin', I told yas."	嫌犯胡亂咕噥：「別把這個栽在我身上。我什麼都沒有，我告訴你們了。」
The driver says..."This isn't nessethary, Occifer.  I'm perfectedly fine."	駕駛說：「這沒必要，警官。我完全沒事。」
The driver says..."This isn't nessethary occifer.  I'm perfectedly fine."	駕駛說：「這沒必要警官。我完全沒事。」
The driver says..."Could you schlow it down, pleasse, Doc?  My head is schpinning."	駕駛說：「能不能慢一點，醫生？我頭在轉。」
The driver says..."We juss passsed my place there.  Maybe you could juss drop me off...?"	駕駛說：「我們剛過我的地方。也許你能放我下車...？」
Pat's purse rests between the seats.  She keeps a key attached to the handle.	Pat 的皮包放在座位中間。她在提手上掛著一把鑰匙。
You can't just take the key with Pat sitting there.	你不能在 Pat 坐在那裡的時候拿走那把鑰匙。
You already have the key.  Don't mess with her purse anymore.	你已經有那把鑰匙了。別再亂動她的皮包。
You take the key, knowing that it'll have to be returned before Morales notices that it's gone.	你拿走鑰匙，心想得在 Morales 發現之前把它放回去。
In the nick of time, you replace Morales' key and hope she doesn't notice anything funny.	你及時把 Morales 的鑰匙放回去，希望她沒發現什麼奇怪的地方。
Since you have reached the end of your jurisdiction, you turn around and head in the other direction.	既然你已經到了轄區的邊界，你掉頭往另一個方向走。
The car continues on its way.	車子繼續往前開。
You'd better get to that Aspen Falls call.	你最好趕快去 Aspen Falls 的案件。
You have failed to respond to Aspen Falls in a reasonable amount of time.	你沒有及時趕往 Aspen Falls。
DISPATCH: "64S2 Lytton- Officer requesting supervisor at freeway stop." 	勤務中心：「64S2 Lytton，警員在高速公路攔查處請求主管支援。」
SONNY: "Lytton 64S2 copied- Responding to freeway." 	Sonny：「Lytton 64S2 收到，前往高速公路。」
Better hurry, Bonds!	快點，Bonds！
Better get to the freeway!  You've got an officer waiting on you.	趕快到高速公路！有一位警員在等你。
You have failed to respond to the Freeway stop in a reasonable amount of time.	你沒有及時趕到高速公路攔查處。
Up ahead you see a black and white pulled off the freeway along with the detained vehicle.  You slow down and pull to the side.	前面你看到一輛警車停在高速公路邊，旁邊還有被截停的車輛。你減速靠邊停下。
The drunk, assuming you no longer wish to detain him, drives away.	那個醉漢以為你不想再扣他，開車離開了。
DISPATCH: "64S2 Lytton."	勤務中心：「64S2 Lytton。」
SONNY: "Lytton, 64S2 go ahead."	Sonny：「Lytton，64S2 請說。」
DISPATCH: "Respond to an assault at the Oak Tree Mall, 300 east Rose, S2."	勤務中心：「請前往 Oak Tree Mall 300 east Rose 處理毆打案件，S2。」
SONNY: "10-4."	Sonny：「收到。」
The radio comes to life again:	無線電又響起：
DISPATCH: "64 S2 Lytton."	勤務中心：「64 S2 Lytton。」
SONNY: "Lytton, 64 S2 go ahead."	Sonny：「Lytton，64 S2 請說。」
DISPATCH: "Respond to an assault at the Oak Tree Mall, S2."	勤務中心：「請前往 Oak Tree Mall 處理毆打案件，S2。」
You have failed to respond to Oak Tree Mall in a reasonable amount of time.	你沒有及時趕往 Oak Tree Mall。
*** the radio sez: go to the hospital.	◆無線電說：去醫院。
*** You better get to the hospital.	◆你最好趕快去醫院。
You decide not to go to the hospital to see Marie.  The events of the day drained all your energy.  You head for home and try to get some rest.	你決定不去醫院看 Marie。今天發生的事讓你精疲力盡。你回家試著休息一下。
Sonny:  "This Carla Reed lives on 325 South Second.  That's not a residential area.  This better not be someone's idea of a joke."	Sonny：「這個 Carla Reed 住在南二街 325 號。那不是住宅區。這最好不是什麼人的惡作劇。」
Morales:  "325 South Second!   That's just a bunch of old abandoned warehouses!"	Pat Morales：「南二街 325 號！那只是一堆舊廢棄倉庫！」
Morales:  "I thought we were going to check out this Reed chick on 325 South Second!"	Pat Morales：「我以為我們要去查 325 South Second 的這個 Reed 妞！」
Morales:  "Better not keep Judge Simpson waiting, Bonds."	Pat Morales：「別讓 Judge Simpson 等著，Bonds。」
Morales:  "HEY!  You gotta date with the judge, pal!  Better get the lead out and get to the court house."	Pat Morales：「嘿！你和法官有約，老兄！最好加快速度去法院。」
Morales:  "Well, it's too late, the trial's over by now."	Pat Morales：「嗯，太晚了，審判現在已經結束了。」
The radio comes alive..."64 David, Lytton."	無線電響起：「64 David，Lytton。」
Morales says..."This is 64 David, go ahead."	Pat Morales 說：「這是 64 David，請說。」
Dispatch comes back and says..."187 in alley 300 block of west Rose.  One traffic unit is 10-97"	勤務中心說：「west Rose 300 號街區發現 187 命案。有一個交通單位 10-97。」
Morales confirms the call..."Lytton, 64 David copies and we are responding."	Pat Morales 確認呼叫：「Lytton，64 David 收到，我們正在前往。」
"Well, you heard it, boss man!" she says... "Let's roll!"	「嗯，你聽到了，老大！」她說...「我們出發！」
Morales:  "Hey Bonds!  You want me to drive us to the murder scene or what?  Get out the map!"	Pat Morales：「嘿，Bonds！你要不要我開車去命案現場？把地圖拿出來！」
You have failed to report to the murder scene in a reasonable amount of time.	你沒有及時趕往命案現場。
Sonny:  "According to the crime pattern, this serial killer will probably strike next somewhere around 200 East Palm."	Sonny：「根據犯罪模式，這個連續殺人犯下一次可能會在 200 East Palm 附近作案。」
Morales:  "As I recall, the only buildings on the 200 block of East Palm are some warehouses and the Nugget Saloon."	Pat Morales：「據我所知，East Palm 200 號街區只有一些倉庫和 Nugget Saloon。」
Morales:  "Hey!  I thought we were going to check out 200 East Palm!"	Pat Morales：「嘿！我以為我們要去查 200 East Palm！」
Morales:  "So... we gonna pay the coroner a visit or just cruise all day?"	Pat Morales：「那...我們要去見法醫，還是就這樣亂開？」
Dispatch:  "Attention all units... there is a structure fire at 500 west Peach Ave. Any units in the vicinity please respond for crowd control assistance."	勤務中心：「各單位請注意...500 west Peach Ave 發生建築火災。附近的單位請前往協助人群管制。」
Morales:  "Hey!  That's just a few blocks from here.  Let's go to the weenie roast!"	Pat Morales：「嘿！就在幾條街外。讓我們去看火災現場吧！」
Morales gets on the radio and informs dispatch that you are on the way.	Pat Morales 拿起無線電，通知勤務中心你們正在前往。
Morales:  "Geez Sonny!  They're gonna have the fire out before we ever get there.  Maybe you should stop and look at the map."	Pat Morales：「天啊，Sonny！在我們到達之前他們就把火滅了。也許你應該停下來看一下地圖。」
You have failed to reach the burning house in a reasonable amount of time.	你沒有及時趕到著火的房子。
Morales:  "Are we going somewhere, or just joy ridin'?"	Pat Morales：「我們要去什麼地方，還是只是兜風？」
Sonny picks up the mike:  "Lytton 64 S2..."	Sonny 拿起麥克風：「Lytton 64 S2...」
Dispatch:  "64 S2 Lytton go ahead..."	勤務中心：「64 S2 Lytton 請說...」
Sonny:  "Requesting assistance in gaining access to a suspected crack house.  Will need the ram unit and backup at 522 West Palm, over."	Sonny：「請求協助進入疑似毒品屋。將需要破門車和備援在 522 West Palm，完畢。」
Dispatch:  "10-4, Sonny!  They're on their way."	勤務中心：「收到，Sonny！他們在路上。」
Sonny:  "I think I've got enough evidence to obtain a search warrant."	Sonny：「我認為我有足夠的證物來申請搜索票。」
Morales:  "If you want that warrant, Bonds... you're going to half to see da judge."	Pat Morales：「如果你想要搜索票，Bonds...你得去見法官。」
You notice Morales checking her watch.  She suddenly says...	你注意到 Pat Morales 在看她的表。她突然說...
Yo, Sonny.  Drive me over to the mall real quick, would ya?   I gotta make a phone call.	嘿，Sonny。能快點送我去商場嗎？我得打個電話。
Grudgingly, you drive Morales to the mall.	你勉強地開車送 Pat Morales 到商場。
Sit tight, boss!  I'll only be a minute.	坐好了，老大！我只要一分鐘。
She seems in an awful hurry this time.  She's even neglected to take her purse with her.	這一次她看起來匆忙得要死。她甚至忘了帶她的皮包。
You notice that she's careful to take her purse with her.	你注意到她小心地帶上了她的皮包。
See!  I'm back!  Let's go!	看吧！我回來了！我們走！
Noticing her key missing, Pat says...	發現鑰匙不見了，Pat 說...
Hey!  What the.. where's my key.  Whatcha doin' messing with my purse, Bonds?	嘿！什麼...我的鑰匙呢？你在幹什麼翻我的皮包，Bonds？
BUSTED!  You die of embarrasment	被抓到了！你因為尷尬而死。
So ends another shift.  You drop Pat off at the station and head home.	又一個班次結束了。你在警局放下 Pat，然後開回家。
With nothing further to do, you head back to the station.	沒有其他事要做，你回到警局。
You're not allowed up there.	你不被允許上樓。
You patriotically salute the flag.	你愛國地向旗敬禮。
You're happy with the seat you have.	你對自己坐的座位很滿意。
Evidence added to case no: 199145	證物已添加至案號 199145
The %s looks ok.	%s 看起來沒問題。
The %s is way\ntoo high.	%s 太\n高了。
The %s is way\ntoo low	%s 太\n低了。
The %s is way\ntoo left	%s 太\n左邊了。
The %s is way\ntoo right	%s 太\n右邊了。
The %s is a\nlittle too high.	%s 稍微\n太高了。
The %s is a\nlittle too low	%s 稍微\n太低了。
The %s is a\nlittle too left	%s 稍微\n太左邊了。
The %s is a\nlittle too right	%s 稍微\n太右邊了。
searching...	搜尋中...
THAT'S THE RUMMY! The one there in the middle. I'd never furget his mean looking mug.	就是那個醉漢！中間那個。我永遠忘不了他那張兇狠的臉。
No Match	查無相符。
Steve Rocklin	Steve Rocklin
M/W 6'2" 210 red/hzl	男/白 身高 6'2" 體重 210 紅髮/榛色眼
Address Jan/89	住址 1989 年 1 月
214 Pigeon Ct.	214 Pigeon Ct.
Gibbon U.S.A.	Gibbon U.S.A.
SUMMARY	犯罪記錄摘要
Convicted on two counts of burglary 6/23/85. Sentenced to 5 years in state penitentiary. Paroled 6/25/88 and is currently serving 3 years probation.	因兩項竊盜罪於 1985 年 6 月 23 日被判。判處州監獄 5 年。1988 年 6 月 25 日假釋，目前服刑觀護 3 年。
NO WANTS	查無通緝。
NOTE: Rocklin associates with, and at one time was known to be a member of the cult "Sons of Darkness." It is suspicioned the cult deals in the sale of "crack" cocaine.	備註：Rocklin 與「黑暗之子」邪教有聯繫，曾為該邪教成員。懷疑該邪教涉及「快克」古柯鹼販售。
Now, if you would give a general description.	現在，如果你能提供一般描述。
He was a mean lookin' fella, all dark and hairy.	他看起來是個兇狠的傢伙，又黑又毛茸茸。
A real sour face with a hawkish nose, sharp, beady eyes and a leery brow.	真正的臭臉，鷹鉤鼻，銳利的小眼睛和猥瑣的眉毛。
Naw his face is too wide.	不，他的臉太寬了。
Naw his face is too narrow.	不對，他的臉太窄了。
Yea his face look right.	是的，他的臉看起來對。
MOUSE\nClick mouse on menu items, feature buttons, and arrows to cycle through each feature. Press and hold to move sliders.\nKEYS\nUse TAB key to select features, arrow keys to move sliders, and alpha keys to select menu items. Use the N and B keys to select the next and previous feature.\nJOYSTICK\nMove cursor to menus, arrows, selections, sliders, and press a button. Hold the button down to move sliders	滑鼠\n按一下功能表項目、功能按鈕和箭頭來循環切換各個功能。按住可移動滑桿。\n鍵盤\n用 TAB 鍵選擇功能，用方向鍵移動滑桿，用字母鍵選擇功能表項目。用 N 和 B 鍵選擇上一個和下一個功能。\n搖桿\n移動游標到功能表、箭頭、選項和滑桿，然後按下按鈕。按住按鈕可移動滑桿
Your pattern has formed a perfect pentagram. Can this show the location of the next murder?	你的標記形成了完美的五角星。這能顯示下一起謀殺案的位置嗎？
Come now. There aren't that many homicides you're working on Sonny.	別瞎說。你正在查的命案還沒那麼多，Sonny。
Enter case number: 	輸入案號：
Invalid Entry	無效輸入
- EVIDENCE/ANALYSIS -	- 證物/分析 -
VICTIM - 	受害人 -
LOCATION - 	地點 -
SUSPECT - 	嫌犯 -
DATE - 	日期 -
TIME - 	時間 -
INVESTIGATOR - 	偵查員 -
CAUSE OF DEATH -	死因 -
WEAPON USED -	使用武器 -
SUMMARY -	概要 -
MOTIVE -	動機 -
DISPOSITION -	結案情況 -
New Case Number: 199146	新案號：199146
New Case Number: 199145	新案號：199145
Based on the information you obtained at the murder scene, you open up a new file on the Dent murder.	根據你在謀殺現場取得的資訊，你開立了 Dent 謀殺案的新檔案。
Enter serial number: 	輸入序號：
U.S. Army Bronze Star	美國陸軍銅星獎
Awarded to Samuel Britt, Infantry	頒授予陸軍步兵 Samuel Britt
For meritorious Service during WWII.	因在第二次世界大戰期間功績卓著。
Samuel Britt murder victim	Samuel Britt 謀殺案受害人
See case number #199124	參閱案號 #199124
Identified	已辨識
NOTICE TO APPEAR	交通傳票
Name - 	姓名 -
Street - 	街道 -
City - 	城市 -
DL - 	駕照 -
Sex - 	性別 -
Eye - 	眼色 -
Hair - 	髮色 -
WT - 	體重 -
HT - 	身高 -
Time - 	時間 -
Reg Exp - 	登記到期 -
Year - 	年份 -
Make - 	廠牌 -
Vehicle Code - 	車輛法規代碼 -
You must first insert the violator's license into the computer.	你必須先把違規人的駕照插入電腦。
Enter vehicle ID: 	輸入車輛編號：
Enter vehicle license number: 	輸入車牌號碼：
Enter driver's ID: 	輸入駕駛人編號：
You can't give this guy a traffic citation. He wasn't driving a car.	你不能給這傢伙開罰單。他不是在開車。
Enter Military Time	輸入軍用時間
Enter vehicle code: 	輸入車輛法規代碼：
Departmental Action	部門行動
But, for now, let the cleanup crew do their job and the Guilty sleep their dreamless sleep. For you, there's suddenly nothing more important than seeing Marie.	但目前為止，讓清理人員做他們的工作，讓有罪的人沈睡。對你來說，突然間沒有什麼比見到 Marie 更重要了。
I don't think I'll ever be able to look at you again without feeling what I feel right now - without remembering what a miracle it is just to hold you.	我想我再也無法看著你，而不去感受現在的感受——而不去銘記擁抱你是多大的奇蹟。
Speaking of miracles...Dr. Powers has just given me a bit of news... 	說到奇蹟……Powers 醫生剛才告訴我一個好消息……
Oh Sonny...	噢 Sonny……
We're going to HAVE A BABY!	我們要有寶寶了！
a-abab- A BABY?	啊、啊啊、啊— 寶寶？
ACTORS:	演員：
You interrupt Earl's reading...	你打斷了 Earl 的閱讀……
What's new in the local rag, Earl?	Earl，地方報紙有什麼新聞嗎？
Hey, look! There's some lady offerin' a reward for information on the whereabouts of her dog, 'Lucky'.	嘿，看這個！有個女人在懸賞尋找她的狗「Lucky」的下落。
Too bad I missed that Pink Mongoloid concert last week!	太可惜了，我上星期沒趕上那場 Pink Mongoloid 演唱會！
Here's one for ya, Sonny. A chick lost her gold-plated breast-cones at Spunky's last night. Says here she took them off so that they wouldn't rust during the 'wet t-shirt contest'.	這個給你，Sonny。一個姐兒昨晚在 Spunky's 掉了她的鍍金胸墊。她說她脫下來是不想在「濕 T 恤大賽」時生鏽。
You ain't happened to of seen a three-legged, one-eyed, appendix-scarred, deaf, toothless, poodle-mix mutt wanderin' around the nuclear plant, have ya?	你沒在核電廠附近看到過一隻三條腿、獨眼、有闌尾疤痕、聾子、掉光牙齒的貴賓雜毛狗吧？
They're offerin' a reward for witnesses to those twenty people being trampled to death. Geez, and to think I missed all the fun!	他們懸賞尋找那二十人被踐踏致死事件的證人。天啦，想想我居然沒趕上這場好戲！
$100.00 to the lucky finder. Of course, it'd be worth it just to keep 'em if they fit.	一百美元給幸運的尋獲者。當然啦，如果穿得下的話光是自己留著就值本錢了。
Looks like you're getting bored Hanks.	看起來你在無聊消遣，Hanks。
Nope, I'm just trying to see if there's a particular pattern to these homicides by marking the locations.	不是，我只是想把各起命案的地點標記出來，看看有沒有什麼特殊規律。
Not listening to what your saying Earl mumbles to himself...	沒在聽你說的話，Earl 喃喃自語……
I just may have to get on that dang computer to work this out.	我可能得用那破電腦來研究這個。
Earl seems lost in thought.	Earl 似乎陷入了沉思。
Earl is very possesive about his newspaper.	Earl 對他的報紙看得很緊。
Earl does not wish to dance.	Earl 不想跳舞。
The door to the judge's chambers is locked. She must not be in.	法官辦公室的門上了鎖。她一定不在裡面。
You show the newspaper article to the court reporter and tell her that you need to see the judge about this case.	你把報紙文章給書記官看，並告訴她你需要見法官談這個案子。
The court reporter is busy at the judge's bench.	書記官在法官席位前忙著。
Bullying the court reporter will only get you in big trouble.	欺負書記官只會讓你惹上大麻煩。
The reporter is busy. Besides, you don't have time for idle chit-chat.	書記官很忙。而且你也沒時間閒聊。
Get real Bonds!	面對現實吧，Bonds！
Testing... reality check ... testing...	測試……現實檢查……測試……
Come on Bonds! Can't you see the lady's busy? If you don't have anything to say then leave her alone.	拜託，Bonds！你看不出那女人在忙嗎？你要是沒什麼話說，就別打擾她了。
Yes Officer, can I help you?	好的警官，有什麼我能幫助的嗎？
She really isn't interested in that.	她對那個真的不感興趣。
You're not here to sit around.	你不是來這裡閒坐的。
Quit fooling around and stick to the matter at hand.	別瞎搞了，專心處理手邊的事。
Registration expires 8/31/92	登記到期日 8/31/92
 - License number 34567	 - 駕照號碼 34567
Vehicle Id 77668	車輛編號 77668
 - Make Mercedes	 - 廠牌 Mercedes
 - Year model 90	 - 年份型號 90
Orpheus Hanley	Orpheus Hanley
201 Fig St.	201 Fig St.
Lytton, U.S.A	Lytton, U.S.A
Registration expires 3/6/92	登記到期日 3/6/92
 - License number 83756	 - 駕照號碼 83756
Vehicle Id 09823	車輛編號 09823
 - Make Ford	 - 廠牌 Ford
 - Year model 86	 - 年份型號 86
Janice Wilks	Janice Wilks
420 Fourth St.	420 Fourth St.
Registration Exempt	豁免登記
 - License number 12896	 - 駕照號碼 12896
Vehicle Id 99947	車輛編號 99947
 - Make Dodge	 - 廠牌 Dodge
 - Year model 89	 - 年份型號 89
Co. of Jackson (Sheriff Dept.)	Jackson 縣（警長辦公室）
100 Quail Dr.	100 Quail Dr.
Gibbon, U.S.A	Gibbon, U.S.A
Registration expires 6/1/92	登記到期日 6/1/92
 - License number 22776	 - 駕照號碼 22776
Vehicle Id 88996	車輛編號 88996
 - Year model 59	 - 年份型號 59
Juan Jose Ruiz	Juan Jose Ruiz
1115 Lilly St.	1115 Lilly St.
Registration expires 7/15/92	登記到期日 7/15/92
 - License number 01923	 - 駕照號碼 01923
Vehicle Id 69444	車輛編號 69444
Joseph Hoss	Joseph Hoss
526 Tenth St.	526 Tenth St.
Registration expires 6/1/56	登記期限：1956 年 6 月 1 日
 - License number 84016	 - 駕駛執照號碼 84016
Vehicle Id 08996	車輛編號 08996
 - Year model 73	 - 年份 73
Charles Tip	Charles Tip
124 Stem St.	124 Stem St.
Registration expires 11/25/92	登記期限：1992 年 11 月 25 日
 - License number 22775	 - 駕駛執照號碼 22775
Vehicle Id 88116	車輛編號 88116
 - Make Pontiac	 - 廠牌 Pontiac
 - Year model 67	 - 年份 67
Bart Dodd	Bart Dodd
820 Peach St.	820 Peach St.
#654321   Class C	#654321   Class C
Lytton, U.S.A.	Lytton, U.S.A.
Sex: F   Hair: Brn   Eyes: Brn	性別：女   頭髮：棕色   眼睛：棕色
Ht: 5'06" Weight: 125  D.O.B: 04/22/65	身高：5'06" 體重：125  出生年月日：1965 年 4 月 22 日
#145698   Class C	#145698   Class C
Stephen Parker	Stephen Parker
4177 Dove Ct.	4177 Dove Ct.
Gibbon, U.S.A.	Gibbon, U.S.A.
Sex: M   Hair: Brn   Eyes: Brn	性別：男   頭髮：棕色   眼睛：棕色
Ht: 6'02" Weight: 220  D.O.B: 08/16/41	身高：6'02" 體重：220  出生年月日：1941 年 8 月 16 日
#522341   Class C	#522341   Class C
Sex: M   Hair: Blk   Eyes: Brn	性別：男   頭髮：黑色   眼睛：棕色
Ht: 5'11" Weight: 140  D.O.B: 02/06/67	身高：5'11" 體重：140  出生年月日：1967 年 2 月 6 日
#434301   Class C	#434301   Class C
Ht: 6'01" Weight: 280  D.O.B: 08/01/66	身高：6'01" 體重：280  出生年月日：1966 年 8 月 1 日
#836702   Class C	#836702   Class C
Sex: M   Hair: Gry   Eyes: Blu	性別：男   頭髮：灰色   眼睛：藍色
Ht: 5'08" Weight: 170  D.O.B: 04/22/55	身高：5'08" 體重：170  出生年月日：1955 年 4 月 22 日
#789612   Class C	#789612   Class C
Brian Forbes	Brian Forbes
120 Peach.	120 Peach.
Ht: 5'06" Weight: 90  D.O.B: 02/19/63	身高：5'06" 體重：90  出生年月日：1963 年 2 月 19 日
#980453   Class C	#980453   Class C
Andrew Dent	Andrew Dent
1019 River Road	1019 River Road
Ht: 5'09" Weight: 190  D.O.B: 10/25/40	身高：5'09" 體重：190  出生年月日：1940 年 10 月 25 日
Blk	黑色
Brn	棕色
Mercedes	Mercedes
Ford	Ford
Gry	灰色
Blu	藍色
NAME	姓名
BADGE	警章編號
DIVISION	部門
STATUS	狀態
SEX	性別
HEIGHT	身高
WEIGHT	體重
NULL	空值
Aimes, Sidney	Aimes, Sidney
Non-Uniform	便服
Administrative	行政科
Active	在職
Banks, Joseph	Banks, Joseph
Traffic	交通組
Bock, Jon	Bock, Jon
PQ3 art team.	警察故事 3 美術組。
Video viper	影片毒蛇
Written reprimand for conducting two sessions of video capture without film.	因進行兩次未裝影片的錄影擷取而被書面警告。
Bonds, Sonny	Bonds, Sonny
Homicide	命案組
Promoted to Detective Sergeant 1991	1991 年晉升為警探警佐
Cardinal, Jane	Cardinal, Jane
LL5 art.	LL5 美術組。
Pencil sketch maniac.	鉛筆素描狂人。
150 Lbs	150 磅
Hats off to the Lytton P.D. Caricature champion.	向 Lytton 警局漫畫冠軍致敬。
Childs, John	Childs, John
Police Officer of the year - 1978	1978 年年度最佳警員
Crowe, Jeff	Crowe, Jeff
PQ3 art team	警察故事 3 美術組
None... yet.	暫無…
Crowe, Mark	Crowe, Mark
PQ3 art designer.	警察故事 3 美術設計。
Not enough memory to list awards. But he'll be greatly missed.	記憶體不足以列出獎項。但他將被深深懷念。
Downs, Mike	Downs, Mike
Escobar, Carlos	Escobar, Carlos
LL5 programer	LL5 程式設計師
Missing in action	失蹤
Nickname - (The Hustler), One day suspension without pay for running numbers.	綽號 - （賭徒），因非法賭博被禁薪停職一天。
Eidson, Kimberly A.	Eidson, Kimberly A.
Promotional	晉升組
Active grunt	在職基層警員
As much as she can handle.	盡她所能。
Ferrell, Frank	Ferrell, Frank
None	無
Gibbs, Martha	Gibbs, Martha
I.A. shooting review board 6/10/81: Fatal shooting of 211 suspect: Based on extensive investigation of the shooting, the review board found that the use of deadly force by the officer was justifiable.	內部審查槍擊案審查委員會 1981 年 6 月 10 日：槍殺嫌犯事件：經過詳盡調查，審查委員會認定警官使用致命武力係合理正當。
Hanks, Earl	Hanks, Earl
Sustained complaint May, 1987 Conduct unbecoming an officer Departmental disposition - two day suspension without pay.	1987 年 5 月成立控訴 不當行為 部門決議 - 禁薪停職二天。
Hartman, Desi	Hartman, Desi
LL5 art team	LL5 美術組
Maternity Leave	產假
Still beautiful in motherhood	母親風采依舊美麗
Jaco, Henry	Jaco, Henry
Promoted to sergeant 1/1/1983	1983 年 1 月 1 日晉升為警佐
Jensen, Jane	Jensen, Jane
PQ3 writing team	警察故事 3 編劇組
Active/rookie	在職／新手
Kling, George	Kling, George
Police Officer of the year - 1982 Departmental commendation 1985 for outstanding leadership during operation "Street Sweep." Promoted to sergeant 1983 Promoted to lieutenant 1986 Promoted to captain 1990.	1982 年年度最佳警員 1985 年因在「掃蕩街道」行動中的傑出領導獲部門嘉獎。1983 年晉升為警佐 1986 年晉升為中尉 1990 年晉升為警監。
Lang, Robert	Lang, Robert
Masters shooting badge 1977.	1977 年槍法大師徽章。
Larson, James	Larson, James
Hats off for superb painting ability.	為傑出繪畫能力致敬。
Law, Carl	Law, Carl
Promoted to sergeant 1985 - Reduced in rank from sergeant to traffic officer 1988 for striking a fellow officer who voiced an adverse opinion.	1985 年晉升為警佐 - 1988 年因毆打提出相反意見的同事而從警佐降職為交通警員。
Loyd, Cheri	Loyd, Cheri
LL5 art ram rod	LL5 美術組組長
Fry brain	炸腦
130 Lbs.	130 磅。
A hats off salute for her artistic contribution in PQ2 and Code Name Iceman.	向她在《警察故事 2》和《代號：冰人》中的美術貢獻致敬。
Miller, Kevin	Miller, Kevin
askJim	詢問 Jim
Morales, Pat	Morales, Pat
2/1981- Written reprimand for insubordination to a supervisor. 11/1986- One day suspension without pay for defying a direct order. 2/1/1987- I/A file opened for willful destruction of evidence- I/A inconclusive 11/5/1989- Tampering with evidence - Findings: charges dropped 5/1990- Terminated for destruction of evidence - 8/1/1990 Reinstated .	1981 年 2 月 - 因不服從主管而被書面警告。1986 年 11 月 - 因違抗直接命令被禁薪停職一天。1987 年 2 月 1 日 - 內部審查因故意銷毀證物開案 - 內部審查無定論 1989 年 11 月 5 日 - 篡改證物 - 調查結果：控訴遭駁回 1990 年 5 月 - 因銷毀證物遭解職 - 1990 年 8 月復職。
Morgan, Maurice	Morgan, Maurice
LL5 painter.	LL5 美工
L.A. runaway	L.A. 逃犯
Hats off for tremendous painting ability.	傑出的美工能力值得稱讚。
Rhodes, Kathy	Rhodes, Kathy
Vice	副處長
Smith, Daryle	Smith, Daryle
PQ3 art	《警察故事3》美術
Rookie	新人
Nickname - (the gun)	綽號 -（那支槍）
Stump, C.J.	Stump, C.J.
Swafford, Robert	Swafford, Robert
Hardware technician.	硬體技術員。
Hair brain	腦子壞掉
Written reprimand for using a 40meg hard drive for shotgun practice while still mounted in the main frame and asleep.	因在主機框內裝載狀態下熟睡，用 40MB 硬碟做霰彈槍射擊練習而被書面警告。
Walls, James (BB)	Walls, James (BB)
Designer	設計師
Active 	現役
Outstanding contribution of PQ, PQ2, Code name Ice Man to Sierra product line.	對 Sierra 產品線中《警察故事》、《警察故事2》、代號「冰人」的傑出貢獻。
Wong, Willis (Wild Willy)	Wong, Willis (Wild Willy)
Psychological review for functional walking disorder. Found incapable of walking upright.	心理評估：步態功能障礙。發現無法直立行走。
 I do. 	 我同意。
Sonny Bonds, Detective Sergeant with the L.P.D.	Sonny Bonds，Lytton 警局警探警佐。
Yes. That's correct.	是的。沒錯。
That's the man there, seated at the defendant's table.	就是那個人，坐在被告席上。
Well, I don't recall, but it should be on the ticket.	嗯……我不記得，但應該在罰單上。
Uh...Yeah. I mean, I just forgot it.	呃……是的。我是說，我只是忘了。
Thanks.	謝謝。
Er... Umm... Sorry...	呃……嗯……抱歉……
Here it is.	給你。
The people call Officer Sonny Bonds to the stand, your Honor.	本案控方請 Sonny Bonds 警員出庭作證，法官閣下。
Officer Bonds, on September 14 you issued a citation to a Juan Jose Ruiz. Is that correct?	Bonds 警員，9 月 14 日你對 Juan Jose Ruiz 開具罰單。是這樣嗎？
Officer Bonds, I asked you a question. Is that correct?	Bonds 警員，我問你一個問題。是這樣嗎？
Officer Bonds, do you see Mr. Ruiz anywhere in the courtroom?	Bonds 警員，你在法庭上看得到 Ruiz 先生嗎？
Officer Bonds, please answer the question.	Bonds 警員，請回答問題。
Officer Bonds, could you show the court the speedometer calibration chart for the police vehicle you were operating that day?	Bonds 警員，你能給法庭看你那天駕駛的警車的速度表校準表嗎？
Do you have the chart or don't you, Officer Bonds?	你有沒有那個表，Bonds 警員？
I'll take that for a no. Let the record reflect that we have no calibration chart for evidence on this case.	我當你沒有。記錄在案：本案沒有速度表校準表作為證物。
I have no further questions, your Honor.	我沒有其他問題了，法官閣下。
I have no questions for this witness, your Honor.	我對這名證人沒有問題，法官閣下。
No, your Honor.	沒有，法官閣下。
Nice job, Officer Bonds.	幹得好，Bonds 警員。
Next time, don't waste my time or the courts! If you can't get a citation right, don't issue one!	下次別浪費我和法庭的時間！如果你開不好罰單，就別開！
Let the record note the admission of one calibration chart into evidence.	記錄在案：認可一份校準表作為證物。
That's a lie, man!	那是謊話，老兄！
Juan Jose Ruiz.	Juan Jose Ruiz。
I told ya I'd get ya in court, esse.	我跟你說過我會在法庭上收拾你，夥計。
Officer Bonds, do you recall the time of day this alleged violation took place?	Bonds 警員，你還記得這起涉嫌違規事件發生在一天中的幾點嗎？
Yes.  The time is on the ticket, but it's not the CORRECT time!  My client was at home working on his hydraulic system.	是的。時間在罰單上，但不是正確的時間！我的委託人當時在家修理液壓系統。
Officer Bonds, is your citation based on measuring Mr. Ruiz's speed against your own patrol car, but you can't produce a speedometer calibration chart for that vehicle?	Bonds 警員，你的罰單是根據用自己的巡邏車來衡量 Ruiz 先生的速度，但你拿不出那輛車的速度表校準表嗎？
That's all I wanted to hear!	我要的就是這句話！
Mr. Cannon, please call your first witness in the people vs. Ruiz.	Cannon 先生，請在「人民訴 Ruiz 案」中傳喚你的第一名證人。
You're out of order, Mr. Ruiz! You'll have a chance to tell your side of the story in due time.	Ruiz 先生，你越界了！你稍後會有機會講你的說法。
Your witness, Mr. Meyer.	你的證人，Meyer 先生。
You may step down now, Officer Bonds.	你現在可以下證人席了，Bonds 警員。
Mr. Ruiz, please step forward and be sworn in.	Ruiz 先生，請上前宣誓。
Can you briefly tell us what happened that day, Mr. Ruiz?	Ruiz 先生，你能簡要說明那天發生了什麼嗎？
Your witness, Mr. Cannon.	你的證人，Cannon 先生。
Do you have anything further to say, Mr. Ruiz?	你還有什麼要說嗎，Ruiz 先生？
Any closing arguments?	有沒有最後陳詞？
Then I'll proceed with my decision. You may step down, Mr. Ruiz.	那我就宣判了。Ruiz 先生，你可以下來了。
Based on Officer Bond's testimony and the evidence submitted, I find the defendant guilty.	根據 Bond 警員的證詞和提交的證物，我認定被告有罪。
Based on the officer's vague recollection of the facts surrounding this citation, I find the defendant not guilty.	根據警員對這起罰單相關事實含糊的回憶，我認定被告無罪。
Obviously this Officer cannot remember anything about this incident! Case dismissed!	顯然這位警員對這起事件一無所知！案件駁回！
Court is now in session, please be seated.	法庭現在開庭，請坐下。
I believe the judge is in her chambers at the moment. The door should be unlocked.	我想法官現在在她的辦公室裡。門應該是開著的。
How can I help you?	有什麼我可以幫的嗎？
Samuel Britt, W/M cauc., D.O.B. 10/28/26, 5'10" 176lbs.	Samuel Britt，白人男性，生年月日 10/28/26，身高 5'10"，體重 176 磅。
392 S. 6th St. Lytton U.S.A.	392 S. 6th St. Lytton U.S.A.
John Childs	John Childs
None.	無。
Lacerated heart and liver due to multiple stab wounds.	因多處刺傷導致心臟和肝臟撕裂。
                   Based on the puncture wounds measuring 6" X 1 1/2", the instrument of death is believed to be a dagger.	                   根據 6" × 1 1/2" 的刺傷，凶器推定為匕首。
- DNA analysis of hair clutched in victims hand indicates "a neg." blood type of suspect.	- DNA 分析受害者手中的毛髮顯示嫌犯血型為「A 陰性」。
- Incisions in the shape of a pentagram were located in the lower left quadrant of the torso. Carved after death.	- 在軀幹左下象限發現五芒星形切口。死後刻畫。
              No other existing homicides with same M.O. - Unknown cult has possibly moved into the area.	              沒有其他具有相同作案手法的命案 - 可能有未知邪教進入該地區。
Robbery/ritualistic sacrifice based on the pentagram.	根據五芒星判定為搶劫／儀式性殺害。
Clifford Jones, W/M caus, D.O.B. 03/15/35, 6' 190lbs.	Clifford Jones，白人男性，生年月日 03/15/35，身高 6'，體重 190 磅。
280 W. Palm, Lytton U.S.A.	280 W. Palm, Lytton U.S.A.
                   Puncture wounds measuring 6" X 1 1/2" indicate the weapon as being a dagger.	                   6" × 1 1/2" 的刺傷表明凶器為匕首。
- Hair clutched in victims hand. Lab analysis blood type "a neg."	- 受害者手中的毛髮。實驗室分析血型「A 陰性」。
- Incisions in the shape of a pentagram were located in the lower left quadrant of the torso. The pentagram was carved after death.	- 在軀幹左下象限發現五芒星形切口。五芒星在死後刻畫。
              The suspects, during the process of a burglary, were interrupted by the victim. A struggle ensued and the victim was murdered.	              嫌犯在搶劫過程中被受害者打斷。發生搏鬥，受害者遇害。
Burglary	搶劫
Marie Bonds, W/F, D.O.B. 03/15/55, 5'7' 110lbs.	Marie Bonds，白人女性，生年月日 03/15/55，身高 5'7"，體重 110 磅。
341 E. Rose Lytton U.S.A.	341 E. Rose Lytton U.S.A.
Sonny Bonds	Sonny Bonds
Victim in coma with multiple stab wounds.	受害者昏迷，身上有多處刺傷。
- Necklace clutched in victims hand. Possibly broken off suspect.	- 受害者手中握著項鍊。可能是嫌犯身上掉下來的。
- Military Bronze Medal. Found under victim's car. Serial #09987	- 軍事銅質勳章。在受害者車下發現。序號 #09987
              The suspects were frightened off during the attempt on victim's life.	              嫌犯在謀害受害者時被嚇跑。
Robbery	搶劫
Andrew Dent, W/M, D.O.B. 03/15/35, 5'10" 187lbs.	Andrew Dent，白人男性，生年月日 03/15/35，身高 5'10"，體重 187 磅。
376 W. Rose Lytton U.S.A.	376 W. Rose Lytton U.S.A.
Multiple stab wounds with pentagram incision on torso.	軀幹上有多處刺傷和五芒星切口。
- Paint transfers, gold, possibly from suspect vehicle.	- 油漆轉移，金色，可能來自嫌犯車輛。
- Skin and hair samples found under victim's nails.	- 受害者指甲下發現皮膚和毛髮樣本。
              Ritual cult murder. Associated with attempted murder of Marie Bonds.	              儀式邪教謀殺。與謀害 Marie Bonds 的企圖有關。
Cult Murder	邪教謀殺
- Partially burned photo of two male caucasun, one in military attire.	- 部分燒焦的兩名白人男性的照片，其中一人穿著軍裝。
- Blood and hair sample found on the floor inside apparent altar setup.	- 在明顯的祭壇佈置內的地板上發現血液和毛髮樣本。
- Black insignia ring with pentagram design. Found on hand of Steve Rocklin, murder suspect.	- 帶有五芒星設計的黑色徽章戒指。在謀殺嫌犯 Steve Rocklin 的手上發現。
- Black cult book with pentagram design on cover. Found on body of Steve Rocklin, murder suspect.	- 黑色邪教書籍，封面有五芒星設計。在謀殺嫌犯 Steve Rocklin 的身上發現。
- White paint transfer found on car of Steve Rocklin.	- 在 Steve Rocklin 的車上發現白色油漆轉移。
- Stolen property, Military Bronze Star, serial number 09987	- 被盜財產，軍事銅質星章，序號 09987
- Gold paint transfer analysis shows car to be used on General Motors sedan models, 1976.	- 金色油漆轉移分析顯示該車為 1976 年通用汽車轎車車型使用。
- Four one-pound packets of cocaine.	- 四包一磅的可卡因。
The hair's too straight, it was kinda wavy.	頭髮太直了，應該有點波浪。
He wasn't bald Sonny! He had a full rug.	他不是禿頭，Sonny！他有一頭濃密的頭髮。
Did I say he had sissy hair? Change it!	我有說他的頭髮娘娘腔嗎？改一下！
This guy didn't have a buzz cut.	這傢伙沒有理短髮。
Why... he looks like a rock star!	為什麼……他看起來像搖滾明星！
That's close...I think.	那差不多了……我想。
That's more like it Sonny boy.	這樣對了，Sonny 小子。
Naw, those eyes are too big.	不對，那些眼睛太大了。
His eyes was small... kinda like those.	他的眼睛很小……有點像那樣。
Narrower and beadier.	更窄，更像珠子。
Not even close!	一點都不像！
Them's pretty boy eyes.	那是小白臉的眼睛。
His eyes were closer set.	他的眼睛靠得比較近。
Them's too slanty.	眼睛太斜。
Those eyes remind me of my niece's.	那雙眼睛讓我想起我外甥女的。
Those eyes look a bit sinister.	那雙眼睛看起來有點邪惡。
Too droopy, he had alert eyes.	太下垂了，他的眼睛是機警的。
No!.. I said little beady eyes.	不對！我說的是小而圓的眼睛。
Did I say he was oriental? Change it!	我有說他是東方人嗎？改掉！
Reminds me of my kind mother's eyes.	讓我想起我善良母親的眼睛。
Them's beady but too far apart.	眼睛很圓但距離太遠。
They're way too big Sonny.	Sonny，眼睛太大了。
Now that's some evil eyes.	現在那是邪惡的眼睛。
I said hawkish not button boy.	我說的是鷹眼，不是紐扣眼。
That's a better beak. But I think it may hav' been narrower.	那是更好的鷹鼻。但我覺得也許應該更窄一點。
I don't think that's it.	我不認為那是它。
He didn't have a pug nose, that's fur sure.	他沒有獅子鼻，那是確定的。
I don't know,.. maybe that could be the the shnoz!	我不知道…也許那可能是鼻子！
That's kinda like it ... I guess.	那有點像…我想。
He didn't hav'a little tweedy-bird nose!	他沒有小知更鳥鼻！
No that's not it at all!	不，一點都不對！
I dated a man with a cute nose like that.	我交過一個鼻子像那樣的可愛男人。
I couldn't see up his nose like that.	我看不進他那樣的鼻孔裡。
Nope! Too flat! I don't think your listenin' to me!	不！太扁平了！我不覺得你有在聽我說話！
Close... But without the cavernous nostrils!	接近…但沒有那麼大的鼻孔！
That nose is way too big!	那鼻子太大了！
You can try that one beak there.	你可以試試那個鷹鼻。
That looks like the beak to me.	那個看起來像鷹鼻。
Could be,.. he sure looked mean.	也許，他看起來確實很兇惡。
Now there's a sour one Sonny.	Sonny，那是很不開心的嘴。
Look like someone gave him a fat lip.	看起來像是有人打腫了他的嘴。
He didn't have lips as full as those.	他的嘴唇沒有那麼飽滿。
Those look like women's lips to me!	那看起來像女人的嘴唇！
Naw, too full, He had a tight mouth.	不，太飽滿了，他的嘴很緊。
That's not it!	那不是！
Hmmm!... I don't think so.	嗯！…我不這麼認為。
I don't know, could be.	我不知道，也許吧。
That just doesn't look right to me.	那對我來說看起來不太對。
No too sweet of a mouth fur his kind.	不，對他這種人來說嘴太甜蜜了。
Them's a little too precious for this thug!	那對這個暴徒來說有點太精緻了！
That's kinda' like his mouth. It was dark ya know.	那有點像他的嘴。你知道，那是黑色的。
That'll do for starters.	開始時可以這樣。
That makes him look kinda alien don'tcha' think?	那讓他看起來有點像外星人，你不覺得嗎？
He had a little arch to his brow.	他的眉毛有點弧度。
Too hairy!	太多毛了！
Did I say he had shrubs above his eyes? Change it!	我有說他眼睛上方有灌木叢嗎？改掉！
A tab bit more arch to them brows Sonny.	Sonny，那些眉毛再多一點弧度。
That's looks close... I think.	那看起來接近…我想。
Naw them brows just don't look right.	不，那些眉毛看起來不太對。
Nope!	不！
Heeeey! I think we're gettin' some where with this contraption now!	嘿！我想我們現在用這個裝置進展了！
He had him a full beard.	他有個滿臉的鬍子。
No he had whiskers too.	不，他也有短鬍子。
No, no, no!.. He looks like Zorro now!	不，不，不！他現在看起來像 Zorro！
I said hairy, with a beard, boy.	我說的是多毛的，有鬍子的，小子。
There...just like the ol' Generalw.	那邊…就像老將軍。
Taking those curves a bit fast, aren't you?	你開過那些彎道有點快，是嗎？
Those curbs just sneak right up on you, don't they?	那些路邊石就悄悄地撲向你，是不是？
He might not have been wearing much, but it's amazing where people can hide things.  ALWAYS search your prisoners.	他也許沒穿多少衣服，但令人驚奇的是人們可以在哪裡藏東西。要時常搜查你的囚犯。
Your failure to follow correct police procedure has resulted in a $100,000,000 law suit.  Time to hit that police manual.	你未能遵循正確的警察程序導致一億美元的訴訟。該去翻警員手冊了。
A good police officer is ALWAYS prepared.  You'll do better next time.	優秀的警察總是有準備的。下次你會做得更好。
If you can't smell a rotten egg when it's sitting right next to you, how do you expect to catch criminals you don't even know?	如果你坐在爛蛋旁邊都聞不到臭味，你怎麼期望抓到你連不認識的罪犯？
You've become the The Ultimate Road Kill.	你已經成了終極路殺。
You have to take care of that oncoming traffic.  Check that manual!	你必須小心來往的交通。查一下手冊！
Your failure to report to today's officer briefing resulted in a suspension.  When duty calls... listen!	你未能參加今天的警員簡報導致被停職。當職責召喚…要聽著！
You failure to respond the Aspen Falls call resulted in a suspension.  An officer who doesn't report to assigned calls puts the public in danger.	你未能回應 Aspen Falls 呼叫導致被停職。不回應被指派呼叫的警官會使公眾處於危險中。
At the scene of a fire, the firechief's the man in charge.  Do as he says, and you won't get burned.	在火災現場，消防隊長是負責人。聽他的，你就不會受傷。
Next time you enter a suspect dwelling, make sure both you and your gun are ready!	下次你進入嫌犯的住處，確保你和你的槍都準備好了！
That was a foolish thing to do.  He wasn't worth drowning for.  Next time try to be more creative.	那是一件愚蠢的事。他不值得為他送命。下次試著更聰明一點。
Don't just stand there while you're being attacked. DO something! It's called self defense.	被襲擊時不要只站在那裡。做點什麼！這叫自衛。
Shooting a perpetrator whose only threat to you is his mouth and fists is no way to uphold the law.  You're suspended from the L.P.D. and the press has a field day discussing 'police brutality'.	射擊一個只用嘴和拳頭威脅你的犯人不是維護法律的方式。你被暫停執法，媒體對「警察暴力」進行了一場盛大的討論。
Looks to me like your suspect got the drop on you.  You need to stay on your toes.	在我看來，你的嫌犯抓住了你。你需要保持警惕。
You Got him!  But was he the right guy?... the guy who stabbed your wife.   This question will nag you for the rest of your life.	你抓住他了！但他是對的人嗎？…那個刺傷你妻子的人。這個問題會一直困擾你的一生。
The man you killed was an allied agent reaching for his badge to I.D. himself.  Your trigger finger gets you five years in jail and kills your career.	你殺死的人是一個聯盟特工，正在拿出他的徽章來識別自己。你的扳機指讓你入獄五年並毀掉你的職業生涯。
You're carrying a deadly weapon.  Don't use it lightly.	你帶著致命武器。不要輕易使用。
You let the intoxicated driver continue on his merry way and a car full of five teenagers died when he rear-ended them going ninety.   You were immediately suspended.	你讓醉駕司機繼續他的快樂之旅，一車五名青少年在以 90 公里的速度被他追尾時死亡。你被立即停職。
Your failure to respond to the highway call resulted in a suspension.  An officer who doesn't report to assigned calls puts the public in danger!	你未能回應高速公路呼叫導致被停職。不回應被指派呼叫的警官會使公眾處於危險中！
Your failure to respond to the mall resulted in a suspension.   An officer who doesn't report to assigned calls puts the public in danger!	你未能回應購物中心呼叫導致被停職。不回應被指派呼叫的警官會使公眾處於危險中！
Your failure to respond to the murder scene in the alley resulted in a suspension.  An officer who doesn't report to assigned calls puts the public in danger!	你未能回應小巷的謀殺現場呼叫導致被停職。不回應被指派呼叫的警官會使公眾處於危險中！
Your failure to respond to the scene of the fire resulted in a suspension.  An officer who doesn't report to assigned calls puts the public in danger!	你未能回應火災現場呼叫導致被停職。不回應被指派呼叫的警官會使公眾處於危險中！
Your failure to secure the derranged man resulted in a few civilian injuries when he attacked a nearby family.  You were suspended.   If you can't handle an unarmed man, how can you expect to function when things REALLY get tough?	你未能控制瘋狂的男人導致他攻擊附近家庭時造成的一些平民傷亡。你被停職。如果你不能處理手無寸鐵的人，你怎麼期望在事情真的變得艱難時發揮作用？
A good cop is ALWAYS prepared.	優秀的警察總是有準備的。
A smart cop knows that you never approach a detained vehicle from the drivers side.  Better crack open that officers Manual and bone up on correct procedures.	聰明的警察知道你永遠不要從駕駛員側面接近被扣留的車輛。最好翻一下警員手冊並複習正確程序。
With everything you've tried, it just wasn't enough to bring Marie out of her coma.	無論你試了什麼，都不足以讓 Marie 擺脫昏迷。
She remains a vegetable, leaving you to bear a heavy burden.	她仍然是植物人，留給你承擔沉重的負擔。
You shot the suspect without probable cause.  Based on the damning testimony of the witnesses you are convicted and sent to jail, where you meet an obese inmate named Popeye who makes you his "special friend".	你在沒有可能理由的情況下射擊嫌犯。基於證人的譴責性證詞，你被判刑並送進監獄，在那裡你遇到了一個名叫 Popeye 的肥胖囚犯，他把你當作他的「特別朋友」。
You think about Marie as the bullet rips through your chest.	當子彈撕裂你的胸膛時，你想起了 Marie。
The last thing you here is the suspect's laughter.	你聽到的最後一件事是嫌犯的笑聲。
You need to refer to your officer's manual for the proper codes.	你需要參考你的警員手冊以獲得正確的代碼。
Looks like he caught you with YOUR pants down.  You shouldn't waste any time when securing a prisoner.	看起來他逮住了你的破綻。你在控制囚犯時不應該浪費時間。
Looks like not all of the house was fortified.	看起來房子不是全部防守的。
BUSTED! Morales gets you suspended. Try being a little faster next time.	被抓住了！Morales 讓你被停職。下次試著快一點。
I need ta sit and rest my aching bones, kiddo!	我需要坐下來讓我酸痛的骨頭休息，小子！
This is Officer Bonds.	這是 Officer Bonds。
The voice on the other end says..."Bonds, this is Smith... I'm sending up a woman, Carla Reed, who said she saw something at Oak Tree Mall night before last."	另一端的聲音說…「Bonds，這是 Smith…我正在派遣一位名叫 Carla Reed 的女性，她說她在前晚在 Oak Tree Mall 看到了什麼。」
"Don't get too close to her though. Her breath's enough to stun an elephant.	「但不要靠她太近。她的呼吸足以讓大象昏迷。」
You hear a knock at the door.	你聽到敲門聲。
Hello there Sonny boy! Since you're the only one here, I guess you're the one ta yak at.	嘿，Sonny 小子！既然你是唯一在這裡的人，我想你是唯一要說話的人。
I need ta sit and rest my aching bones kiddo!	我需要坐下來讓我酸痛的骨頭休息，小子！
I wanna go home.	我想回家。
Speakin' of traumatic experiences, my ex-husband was a stockbroker on Wall Street. Now THERE'S a horror story for ya...	說到創傷經歷，我的前夫是華爾街的股票經紀人。那才是恐怖故事呢…
Speakin' of big, ugly, hairy, smelly brutes, have you heard the one about the gynecologist and the gorilla?	說到又大又醜又毛又臭的野蠻人，你有沒有聽過關於婦科醫生和大猩猩的故事？
Speakin' of scavengin' at the mall, I bet I eat better 'n you! Last week I had sushi three times outta the dumpster next to Benny-HaHas.	說到在購物中心翻垃圾，我敢打賭我吃得比你更好！上週我從 Benny-HaHas 旁邊的垃圾桶裡吃了三次壽司。
Speakin' of gettin' no respect, did you see that Dan Quayle was in town last week?	說到得不到尊重，你知道 Dan Quayle 上週來了嗎？
Are we just gonna gab?	我們只是要閒聊嗎？
You ask Ms. Reed to tell you exactly what she saw at Oak Tree Mall that night.	你問 Reed 女士準確地告訴你她那晚在 Oak Tree Mall 看到了什麼。
I ain't eatin' in so long, my taste buds have amnesia!	我有這麼久沒吃飯，我的味蕾都失憶了！
You wouldn't happen to have any caviar on you, would ya? Smoked salmon? Canned tuna? A fish stick, maybe?	你不會碰巧身上有魚子醬吧？煙熏鮭魚？罐頭金槍魚？也許一根魚條？
If I don't get some food soon,.. Say, is it getting dark in here? I-I feel...faint!	如果我不快點吃點東西…說，這裡是不是變暗了？我…我感到…頭暈！
I was at the mall, I was. Pickin' and choosin' over the goodies in that big bin out back. Shameful what people throw away...	我在購物中心，我是。在那個後面的大垃圾桶裡挑選好東西。人們扔掉的東西真可恥…
Ms. Reed please! Just stick to the incident with the man.	Reed 女士請！只說那個和那個男人的事件。
Outta nowheres comes this big side-of-beef type guy! Rams right inta me, he does! You'd think an old lady like me'd get a little respect!	這個像一側牛肉的大傢伙憑空出現！他直接撞向我！你會認為像我這樣的老婦人會得到一點尊重！
I don't ask for much - a dry spot ta lay my newspapers, a few modest hand-outs, a...	我要求不多 - 一個放報紙的乾燥地方，幾個適度的施捨，一個…
Carla? I really need you to finish telling me about the man who knocked you down.	Carla？我真的需要你完成告訴我關於那個把你撞倒的男人。
So I socks him, right? On his leg. Like ta have broken my hand, I did. And him - he just grins at me, right in my face. His ugly mug just grins at me lika devil or somethin'. I'll never forget that face!	所以我揍了他，對嗎？在他的腿上。我差點摔斷手。而他…他只是對我咧嘴笑，就在我的臉上。他那醜陋的嘴臉對我笑得就像魔鬼一樣。我永遠不會忘記那張臉！
Ok Carla, That should do it. I'll take you home now. You've been a big help.	好的 Carla，這樣就好。我現在帶你回家。你幫了大忙。
You grab the lunch.	你拿起午餐。
You give the lunch to the lady.	你把午餐給那位女士。
Peanut butter and jelly! You guys are real 'gor-mets', ain't ya? Tanks.	花生醬和果醬！你們真是美食家，對吧？謝謝。
You have no need for that now.	你現在不需要那個了。
Police Quest III\nThe Kindred\n\nVersion %s\n	警察故事III\n血親\n\n版本 %s\n
Hey Sonny. Do those keys fit anything?	嘿 Sonny。那些鑰匙打開什麼嗎？
It appears that your partner has taken something out of the suspect car.	看起來你的夥伴從嫌犯的車裡拿出了東西。
Five packets of cocaine fall from the trunk of the car.	五包可卡因從汽車後車廂掉了下來。
Holy Mother of God, look at this mess!	天哪，看看這個爛攤子！
I'll get on the radio and call for support, Sonny.	我馬上用無線電叫支援，Sonny。
I'll get on the radio and let dispatch know what's going on, Sonny.	我會用無線電通知勤務中心情況，Sonny。
Go ahead. I'll take care of things out here.	去吧。我來處理這邊的事。
Go ahead and look around. I'll take care of directing traffic.	去看看吧。我來指揮交通。
You lay a flare pattern on the road to block traffic until the accident has been cleaned up.	你在路上擺放警示燈標誌，堵住交通直到事故清理完畢。
I'll take care of directing traffic.	我來指揮交通。
It's the guy from the bar alright. He won't be doing any talking though. But then, he'll never stab another man's wife in a parking lot again, either%s	就是那個在酒吧那傢伙。不過他不會再說話了。但話說回來，他也再不會在停車場捅別人的老婆了%s
Upon opening the trunk of the car, several packets of cocaine fall to the ground. Apparently this guy had several bad vices.	打開車廂的時候，好幾包可卡因掉到地上。看來這傢伙有不少壞習慣。
Hey, Sergeant!	嘿，警佐！
Go ahead, I'll round up the evidence, Sonny.	去吧，我來蒐集證物，Sonny。
Thanks, Sergeant Bonds. I'll stay for the cleanup. You and Officer Morales can take off now.	謝謝你，Bonds 警佐。我會留下來收拾。你和 Morales 警員現在可以走了。
Ah, Bonds! What brings a Sergeant to this minor little mishap?	啊，Bonds！一個警佐怎麼會來這種小事故？
The stiff was a suspect on a case of mine.	這個死人是我案子裡的嫌犯。
He tried to pop me in a bar back in town. We were in hot pursuit when he rolled his vehicle.	他在城裡的酒吧試圖對我開槍。我們在追捕他時他翻了車。
He matches the description of one Steven Rocklin. But we can't be sure until we have a positive ID.	他符合 Steven Rocklin 的描述。但我們要確認身份才能確定。
I see! Well, he's road pizza now. I didn't see any ID on him. Well, I'll make a positive ID and call you when I have something.	我明白了。嗯，他現在已經沒救了。我身上沒看到身份證件。我會確認身份，有消息就打給你。
Thanks, Leon.	謝謝你，Leon。
You search the battered body but find no identification.	你搜查破損的屍體但沒找到身份證件。
You remove the keys from the ignition.	你從點火開關上拿下鑰匙。
It's already open.	已經打開了。
Your keys don't fit.	你的鑰匙塞不進去。
That won't do any good.	那不會有用。
Pat has already gotten the rest of the equipment.	Pat 已經拿走其他的裝備了。
You haven't finished up here. Don't leave yet.	你還沒在這裡完成。別走。
Morales ignores you.	Morales 無視你。
You can't shoot your partner in cold blood, Sonny.	你不能冷血地射你的搭檔，Sonny。
You've had one ambulance ride too many this week!	你這週救護車坐太多次了！
The attendant is busy looking over the scene.	救護人員忙著查看現場。
Leon just looks at you and shakes his head.	Leon 只是看著你搖搖頭。
You don't need the camera.	你不需要相機。
You have a full flare box.	你的警示燈箱是滿的。
There are no flares in the flare box.	警示燈箱裡沒有警示燈。
OOPS we shouldn't have gotten here with the flares.	哎呀，我們不應該帶著警示燈來這裡。
You have no use for the flares right now.	你現在用不著警示燈。
Your flare box is already full!	你的警示燈箱已經滿了！
You hear the man yell to you... "Police officer!"	你聽到那個男人對你大喊…… 「警察！」
There's a large man getting out of the car to meet you.	有個大塊頭從車裡出來面對你。
The man has something in his hand that you cannot identify.	那個男人手裡拿著你看不出是什麼的東西。
I was tailing a drug runner. I couldn't I.D. myself on the road.	我在跟蹤毒販。我在路上無法確認自己身份。
Damn! Maybe I can still catch up. Are we kosher, here?	該死！我還能追上去。我們這樣沒問題吧？
Go get him. Sorry if I screwed you up.	去抓他。抱歉害你被動。
Hell, I was speeding. You didn't know me from Adam. I'm outta here.	該死，我超速了。你根本不認識我。我滾了。
Sir, you seem to be driving a bit erratically.   I need to see your driver's license.	先生，你好像開得有點不穩定。   我需要看你的駕駛執照。
As he fumbles through his wallet getting his license, you think to yourself...	他翻著錢包拿駕照的時候，你心想……
It's obvious by looking, this man is inebriated.	一看就明顯，這個人喝醉了。
Have you been drinking, sir?	先生，你有喝酒嗎？
Juss acouple	就喝了幾杯
Shhaayy *hiccup* Occifer, whaddaya shhaayy we polissshhh off abodola bourbon to-togethherr?	Shhaayy *打嗝* Occifer，你說咱們 polissshhh off 一瓶波本威士忌如何？
You think to yourself... "If I continue inhaling the pollution this man is exhaling, my lungs will be worse off than the ozone layer."	你心想…… 「如果我繼續吸這傢伙呼出的廢氣，我的肺會比臭氧層還糟。」
Would you please step out of the car, sir, and perform a field sobriety test?	先生，你能下車嗎，進行一項現場清醒測試？
What..*hic* .. ever you shhaayy ocifer.	What..*打嗝* .. 你說啥 ocifer。
Sir! I want you to follow my finger with your eyes from side to side without moving your head.	先生！我要你眼睛跟著我的手指左右移動，不要動頭。
"Okay" he says.	「好的。」他說。
"Holy smokes!" you think to yourself, "this poor guy is plowed!"	「天哪！」你心想，「這傢伙醉得一塌糊塗！」
Obviously, this man is too drunk to be driving.	明顯地，這個人醉得無法開車。
YUCK!	呃！
Sir, I have to take you into custody for driving under the influence.	先生，我必須因酒後駕駛把你帶走。
Please place your hands on the hood of the car.	請把你的手放在車蓋上。
Please step over to the patrol car.	請走到巡邏車。
Sir... based on the test I've given you (and the puke all over my shoes)...	先生…… 根據我給你做的測試（以及我鞋子上全是吐物）……
... it is obvious that you are intoxicated and in no condition to drive. I'm going to have to place you under arrest.	…… 很明顯你喝醉了，沒有開車的狀態。我必須逮捕你。
The drunk just sways in front of you.	那個醉漢就在你前面搖搖晃晃。
The intoxicated gentleman just weaves in front of you.	那個醉漢就在你前面搖搖晃晃。
He's sitting quietly in the patrol car.	他靜靜坐在巡邏車裡。
It's a good thing he has a car to lean on.	幸虧他有個車子可以靠。
"Damn" you think to yourself, "I left my cuffs back at the Booking Office."	「該死。」你心想，「我把手銬留在訊問室了。」
Don't bother. He's too incoherent.	別費力了。他說話不清楚。
You're one sick puppy, Bonds.	Bonds，你真是個變態。
Sir, I pulled you over because you were driving too slow in the fast lane and traffic was backing up behind you.	先生，我攔下你是因為你在快車道開得太慢，後面的交通堵住了。
You finish by requesting his driver's license and registration.	你最後請求他的駕駛執照和登記。
Whatchu talkin' `bout man? You guys always just want to hassle me!	你在說什麼呢，老兄？你們總想找我麻煩！
Say esse, you can check out my ride.   I have a brand new smoglia device.  Jus' don't lean on my new paint job.	Say esse，你可以檢查我的車。   我有個全新的防污染裝置。  不過別靠在我的新漆上。
After checking the registration, you hand it back to him and he says...	檢查完登記後，你把它還給他，他說……
You pigs are all the same man!	你們警察都一樣，老兄！
I am going to issue you a citation for impeding traffic.	我要開罰單給你阻礙交通。
I can not belief this man, I was jus' trying to keep from getting bugs all over my new flame job man.	我真不敢相信，我只是想避免蟲子飛到我的新漆上，老兄。
After handing the ticket and his license to Mr. Ruiz, he says...	遞給 Ruiz 先生罰單和駕照後，他說……
Iieee! Man, you pigs make me want to puke, man!	嗨！老兄，你們警察讓我想吐，老兄！
I'll see you in the people's court, man!	我在人民法庭見，老兄！
Judge Wapner will take care of you, esse!	Judge Wapner 會搞定你，esse！
And you have a nice day, sir.	祝你今天愉快，先生。
Well main! What chu going to do, write me a teeket or jus stand and loook at me?	Well main！你要做什麼，開罰單給我還是就這樣看著我？
Better write this guy a ticket and get on with life!	最好開罰單給這傢伙，繼續過日子！
You decide not to issue Mr. Ruiz a citation. Handing him his license you say...	你決定不開罰單給 Ruiz 先生。遞給他駕照你說……
Mr. Ruiz, I'm going to let you go with a warning this time. Just drive with the flow of traffic from now on.	Ruiz 先生，這次我只警告你。從現在起就隨著交通流速開。
Alright esse! Thanks man. Sorry `bout that pig thing man!	好吧 esse！謝謝老兄。抱歉剛才那個警察的事，老兄！
And you have a good day, sir.	祝你今天愉快，先生。
He doesn't look too pleased. Better get on with it.	他看起來不太高興。最好繼續。
What are you going to do? Kick the tires?	你要做什麼？踢輪胎嗎？
Good Lord! Where'd YOU come from? Ya musta fell from outta the sky, man, 'cause I never saw ya!	天哪！你是從哪冒出來的？老兄，你一定是從天上掉下來的，因為我從沒看過你！
Sir, I'll need to see your driver's license and vehicle registration please.	先生，我需要看你的駕駛執照和車輛登記。
Do you know why I stopped you?	你知道我為什麼攔下你嗎？
I know, I know. I was speedin'. I had ta do it, man. See, I'm on my way ta see this beautifully constructed female. A real Nubian Queen! Know what I mean?	我知道，我知道。我超速了。老兄，我非得這樣做。看，我在趕去見一個標緻的女孩。一個真正的努比亞皇后！你懂我的意思嗎？
Try ta picture it, Officer! She's got these LEGS.... Have mercy! They go ALL the way up! Can I help it if I'm a sucka for beauty?	想像一下吧，警官！她有這樣的腿…… 天哪！一直往上！我如果是個美女獵人還能怎樣？
See, it was takin' WAY too long ta get ta her house. Another ten minutes and I wouldna been able to drive at all. You know what I mean... don't you, Officer?	看，開到她家太久了。再十分鐘我就開不了了。你懂我的意思…… 對吧，警官？
I'm sure ya wouldn't want a man in my condition drivin' around causin' accidents, now would ya? I was jus' tryin' ta get off - the road, that is.	你不會想讓我這樣的人開著車到處造成事故吧？我只是想趕快下車—— 我是說下路。
I'm sorry, Mr. Hanley. I sympathize with you, but you're going to have to be more responsible when you're operating a moving vehicle.	我很遺憾，Hanley 先生。我同情你，但你開車時得更負責任。
Gotta give me a ticket, huh? Well, that's what I get for bein' a hero. Yer jus' doin' yer job. Am I OK to go now?	一定要開罰單給我，嗯？好吧，那就是當英雄的下場。你只是在做你的工作。我現在可以走了嗎？
You're all set. Slow it down and have a good evening.	你沒問題了。開慢點，祝你晚上愉快。
Oh, I WILL!	哦，我會！
Mr. Hanley, if you promise to slow it down, I'll give you a warning.	Hanley 先生，如果你答應開慢點，我就警告你。
Whoa! No kiddin'?! That's what I call a man lookin' out for another man - keepin' all the beauties in life satisfied! Know what I mean?	哇！不騙人？那就是我說的人道主義—— 讓生活中所有美女都滿足！你懂我的意思？
I hear ya. Slow it down and have a good evening.	我聽你的。開慢點，祝你晚上愉快。
Yea right dude.	是啦，老兄。
Okay, boss man, you handle it!	好的，頭，你來處理！
Why is the violator refusing to sign the ticket?	為什麼違規人不肯簽罰單？
Who knows!  Geez!  First I get this stupid cow, now I have ta deal with you, too!	誰知道！  天哪！  先來這隻蠢母牛，現在還要對付你！
This policy about calling a supervisor for failure to sign SUCKS!	這個簽不了就叫主管的政策真爛！
Look, I don't need ya!  I'm taking her downtown.	聽著，我不需要你！  我要帶她去市區。
No, you're not.  You're going to stand right here until I have a chance to talk to the violator.	不，你不會。  你要站在這裡，直到我有機會和違規人談話。
Alright, Morales, the violator said you were abusive and rude.  Why don't I have a hard time believing that?	好吧，Morales，違規人說你態度粗暴無禮。  為什麼我不太相信？
Look, Sarge, it's obvious the lady's hysterical.  She'd pop off if ya looked at her funny.	聽著，警佐，很明顯那女人歇斯底里。  你只要看她一眼她就會爆炸。
She's been belligerent and hostile ever since I stopped her.  She's beggin' for a night in jail.	自從我攔下她以來她就一直好戰和敵視。  她求著要進監獄。
So whaddaya gonna do, boss man?	那你要怎樣，老闆？
INCARCERATE-Take her to jail, Pat.\n\nSIGNATURE-I'll witness her failure to sign.\n	「投入監獄」—— 把她帶進監獄，Pat。\n\n「簽名」—— 我會見證她拒簽。\n
Wisely and correctly you write, "Refusal to sign" in the signature box.	你明智而正確地在簽名欄寫上「拒簽」。
Geez!  Where'd ya get your training? Charm school?  Just let her walk all over you...why doncha?!	天哪！  你是在哪兒受的訓練？魅力學校？  就讓她欺負你…… 你為什麼不？！
Brilliant deduction, Sherlock.  Like I said before, I was already set to take her downtown.	聰慧的推理，Sherlock。  就像我之前說的，我已經準備帶她去市區了。
The excitement and trauma of the incident was more than enough to induce the woman's labor.	該事件帶來的刺激與創傷足以誘發那名女性的陣痛。
The complications that resulted were sufficient to bring a sizeable lawsuit against the department.	由此而生的併發症足以讓人對警局提出巨額訴訟。
Sonny ends up with non-compensated days off.	Sonny 最後得到無薪假。
Looking at the young lady you see that she's pregnant and nearly full term.	你看著那位年輕女性，發現她已經懷孕，預產期近在眼前。
You introduce yourself to the woman and say...	你向那位女性自我介紹，說道……
Your signature on the citation is not an admission of guilt, Ma'am, only your promise to appear.	簽署罰單上的簽名，女士，並不是承認有罪，只是你答應出庭的證明。
I don't care!  You think I'm afraid to sign a stupid ticket?  If it was a check for $10,000, I wouldn't sign it for that witch over there!	我不在乎！你以為我怕簽個破罰單？就算是十萬美元的支票，我也不會為了那邊那個巫婆簽署！
I can't believe the L.P.D. would allow someone like her to patrol our streets!  What a waste of our tax money!	我不敢相信 Lytton 警局會讓她這種人在街上巡邏！這簡直是浪費我們的稅金！
She's rude, abusive, and insulting!   I refuse to sign a ticket for anybody who calls me fat girl!!	她很粗魯，態度惡劣，還出言不遜！我拒絕為任何叫我『胖女人』的人簽罰單！！
Would you please reconsider and sign the citation?	能不能請你重新考慮，簽署罰單呢？
Hell NO!!  Take me to jail!	打死也不簽！把我送進監獄吧！
"What should I do with this lady?", you think.	你心想：「這位女士我該怎麼辦？」
Looking at the young lady, you see that she's pregnant and nearly full term.	你看著那位年輕女性，發現她已經懷孕，預產期近在眼前。
What are you looking at?  Why don't you go talk to your "witch in blue" over there?	你在看什麼？為什麼不去那邊跟你那個『藍色巫婆』講話？
The woman only winces, as though the emotion of the situation is causing her physical stress.	那位女性只是皺了皺眉，彷彿情況帶來的情緒正在給她身體上的壓力。
You've already taken care of the situation.  You had better get back on patrol.	你已經解決了這個狀況。你最好回到巡邏工作。
The officer is waiting.	那名警官在等著。
I don't think the officer would appreciate you touching her.	我不認為那名警官會欣然看到你碰她。
I sympathize, but Sonny wouldn't do that.	我能理解，但 Sonny 不會這樣做。
Using force on the violator will only get you in some very hot water.	對違規者動武，只會讓你陷入嚴重的麻煩。
Do you think she really cares about that?	你認為她真的在乎那個嗎？
Meanwhile, at the OakTree Mall, Sonny's wife, Marie is just getting off work.	此時此刻，在 Oak Tree Mall，Sonny 的妻子 Marie 正下班。
Guess it's time to call it a day. Before you close out your shift, you head over to the hospital to see Marie.	看來是時候收班了。在結束你的班次前，你前往醫院去看 Marie。
Sonny Bonds, please report to the briefing room.	Sonny Bonds，請前往簡報室。
Sonny Bonds, please call dispatch at once.	Sonny Bonds，請立刻致電勤務中心。
Sure I'll tell him.	好，我會轉告他。
Hey Sonny, dispatch needs you to drive out to Aspen Falls to respond to a call. All other units are occupied.	嘿 Sonny，勤務中心需要你駕車前往 Aspen Falls 去回應一個通報。其他所有巡邏隊都在出勤。
You have reached a number that is no longer in service.	您撥打的號碼已停用。
No answer.	沒有人接聽。
Lytton Daily News. May I help you.	Lytton 日報。有什麼我可以幫助的嗎。
You identify yourself, describe Marie's attack, and request help from the paper in locating a witness.	你報上名字，描述 Marie 的遭襲情況，並請求報社幫忙尋找證人。
Yes Sir, Officer. We'll get that in the very next edition. And... good luck, Sir.	好的，警官。我們會在下一期刊出。祝……祝你好運，先生。
We already put it on the air, Bonds	我們已經在廣播上播出了，Bonds
The voice on the other end says... "Dispatch, can I help you?"	另一端傳來的聲音說……「勤務中心，有什麼我可以幫助的嗎？」
You advise dispatch to broadcast an all points bulletin for the possible suspect vehicle.	你通知勤務中心廣播發佈全面通報，搜索疑似嫌疑人的車輛。
You discribe the vehicle as being a gold General Motors sedan with possible white paint transfers.	你描述那輛車為金色通用汽車轎車，可能帶有白漆痕跡。
You also advise that the occupants may be armed and dangerous and to approach with caution.	你還通知要格外謹慎，因為車上人員可能武裝且具有危險性。
"I've got it all," she says. "I'll put this out on the air immediately!"	「我都記下了，」她說。「我馬上把這個廣播出去！」
Dispatch: "Sonny, we need you to drive out to Aspen Falls to respond to a call. All other units are occupied."	勤務中心：「Sonny，我們需要你駕車前往 Aspen Falls 去回應一個通報。其他所有巡邏隊都在出勤。」
Respond to an assault at the 300 block of east Rose,... the Oak Tree Mall.	前往回應在東 Rose 街 300 號……Oak Tree Mall 發生的襲擊事件。
If you don't have a reason to call, don't.	如果你沒有理由打電話，就別打。
You boob!  You're already there!	你這個笨蛋！你已經在那邊了！
Prisoners are not allowed upstairs.	犯人不允許上樓。
Prisoners aren't allowed upstairs - especially half-naked ones!	犯人不允許上樓──尤其是半裸的犯人！
You already have the elevator's complete attention.	你已經完全吸引了電梯的『注意』。
Its amazing how buttons - like that one - are so ideally suited to the human HAND.	真奇妙，像這種按鈕，就是這麼完美地適合人類的手。
Unless dispatch has someplace for you to go, you better stick around and do sergeant stuff.	除非勤務中心有地方要你去，否則你最好留在這裡做警佐的工作。
 Global %d: %s 	 全域 %d：%s 
 Global %d: %d 	 全域 %d：%d 
view: %d\nloop: %d\ncel: %d\nposn: %d %d %d\nheading: %d\npri: %d\nsignal: $%x\nillBits: $%x\nnormal: %d\nOnControl: $%x\nOrigin on: $%x\n	view：%d\nloop：%d\ncel：%d\nposn：%d %d %d\nheading：%d\npri：%d\nsignal：$%x\nillBits：$%x\nnormal：%d\nOnControl：$%x\nOrigin on：$%x\n
Sorry, no ego in cast.	抱歉，沒有角色在 cast 裡。
NAME: %s\nclass: %s\nview: %d\nloop: %d\ncel: %d\nposn: %d %d %d\nheading: %d\npri: %d\nsignal: $%x\nillBits: $%x\n	NAME：%s\nclass：%s\nview：%d\nloop：%d\ncel：%d\nposn：%d %d %d\nheading：%d\npri：%d\nsignal：$%x\nillBits：$%x\n
Debug On	除錯開啟
Debug Off	除錯關閉
Current Room: %d\nname: %s\nscript: %s\nhorizon: %d\nvanishing X: %d\nvanishing Y: %d\npic angle: %d\nnorth: %d\nsouth: %d\neast: %d\nwest: %d\nstyle: %d\ncurrent pic: %d 	目前房間：%d\nname：%s\nscript：%s\nhorizon：%d\nvanishing X：%d\nvanishing Y：%d\npic angle：%d\nnorth：%d\nsouth：%d\neast：%d\nwest：%d\nstyle：%d\ncurrent pic：%d 
vanishing x: %d  y: %d	vanishing x：%d  y：%d
Flag is set.	旗標已設定。
Flag is clear.	旗標已清除。
The %s looks like any other %s.	%s 看起來就像任何其他的 %s。
You clicked inv item %s on %s.	你在 %s 上點擊了物品欄項目 %s。
The %s has nothing to say.	%s 沒有話要說。
%s.mem	%s.mem
%s.log	%s.log
Log file "%s" exists	日誌檔「%s」已存在
error: couldn't open %s	錯誤：無法開啟 %s
Severity of bug...	bug 的嚴重程度……
QA-COMMENT%d	QA-COMMENT%d
Comment line %d of %d:	註解行 %d / %d：
Who can fix bug...	誰可以修復 bug……
couldn't open memory file %s!	無法開啟記憶體檔案 %s！
%ssg.dir	%ssg.dir
New save-game directory:	新的存檔目錄：
%s\nis not a valid directory	%s\n不是有效的目錄
You must type a description for the game.	你必須為遊戲輸入一份說明。
File: %s	檔案：%s
Your save game disk is full. You must either use another disk or save over an existing saved game.	你的存檔磁片已滿。你必須使用另一張磁片，或者覆蓋一個已有的存檔。
Please insert your %s disk in drive %s.	請將你的 %s 磁片插入 %s 磁碟機。
%s\n[Collection of size %d]	%s\n[集合大小 %d]
%s\n[List of size %d]	%s\n[清單大小 %d]
%s\n[Set of size %d]	%s\n[集合大小 %d]
It's you, Sonny.	是你啊，Sonny。
x.yyy.zzz	x.yyy.zzz
the nut's keys.	那個堅果的鑰匙。
Pat's keys and the duplicate key.	Pat 的鑰匙和複製鑰匙。
Rocklin's keys and the duplicate key.	Rocklin 的鑰匙和複製鑰匙。
the duplicate key.	複製鑰匙。
Pat's keys.	Pat 的鑰匙。
Rocklin's keys.	Rocklin 的鑰匙。
Toilet paper.	衛生紙。
Gun locker key.	槍櫃鑰匙。
Flashlight batteries.	手電筒電池。
Highway flares.	公路閃光彈。
PR24 night stick.	PR-24 警棍。
A knife.	一把刀。
It's the complaint form that was filed against Officer Morales.	這是對 Officer Morales 提出的投訴單。
Ticket book.	罰單簿。
Computer access card.	電腦存取卡。
Electronic tracking device.	電子追蹤裝置。
A ticket.	一張罰單。
Michael Bains' military record.	Michael Bains 的軍事紀錄。
Murder file.	命案檔案。
Note Book.	筆記本。
A broken chain.	一條斷裂的鎖鏈。
Sample envelope with a white paint sample in it.	裡面裝有白色油漆樣本的樣本信封。
Sample envelope with a gold paint sample in it.	裡面裝有金色油漆樣本的樣本信封。
Sample envelope with skin & hair samples in it.	裡面裝有皮膚和毛髮樣本的樣本信封。
Sample envelope with blood & hair samples in it.	裡面裝有血液和毛髮樣本的樣本信封。
Empty sample envelopes.	空白樣本信封。
On the back of the bronze star is a number:\n       09987.	銅牌背面寫著一個數字：\n       09987。
Cult ring.	邪教戒指。
News article about you.  A pentagram has been drawn over your face	關於你的新聞文章。一個五角星形被畫在你的臉上
A rose.	一朵玫瑰。
Marie's locket.	Marie 的墜飾。
The reporter's business card.\nHis phone number is 555-0707.	記者的名片。\n他的電話號碼是 555-0707。
Scraper for evidence gathering.	用於蒐集證物的刮刀。
Toothpicks for evidence gathering.	用於蒐集證物的牙籤。
TV Remote Control	電視遙控器
This icon is for looking.	這個圖示是用於查看的。
This icon is for doing.	這個圖示是用於執行的。
This icon is for talking.	這個圖示是用於對話的。
This icon displays the control panel.	此圖示開啟控制面板。
This icon tells you about other icons.	此圖示說明其他圖示。
The graphics detail level.	圖形細緻度。
Overall sound volume.	整體音量。
The speed at which Sonny moves.	Sonny 的移動速度。
Allows you to save your game.	允許您存檔。
Allows you to quit the game.	允許您結束遊戲。
Information about the game.	遊戲說明。
Returns you to the game.	回到遊戲。
Jim's Mouth	Jim 的嘴
Jim's Hand	Jim 的手
Jim's Eye	Jim 的眼睛
The City	城市
Graduation	畢業典禮
He has a wild look in his eye.	他眼中閃現著瘋狂的神情。
He is still wobbling.	他仍然搖搖欲墜。
Booking Doors	簽收門
The automatic doors lead to Prisoner Booking and the Jail.	自動門通往嫌犯簽收室和監獄。
Evidence Doors	證物門
That door leads to Evidence Lockup and Lab Analysis.	那扇門通往證物存放室和實驗室。
Gun Locker	槍支儲物櫃
The lockers are for storing your weapons before entering the jail.	這些儲物櫃是用來在進入監獄前存放您的武器。
Locker Door	儲物櫃門
The sign reads 'Lytton County Police Department'.	標誌上寫著「Lytton County 警局」。
You're in the underground garage at the Lytton County Police Department's new building.	您正在 Lytton County 警局新大樓的地下停車場。
Patrol Car	巡邏車
The marked patrol car is used by uniformed officers on duty.	標記的巡邏車供制服警員執勤時使用。
patrol car door	巡邏車車門
patrol car trunk	巡邏車後車廂
Unmarked Car	便衣車
The unmarked department car is used by non-uniformed officers on duty.	便衣部門車輛供便衣警員執勤時使用。
unmarked car door	便衣車車門
unmarked car trunk	便衣車後車廂
Pat Morales, your partner.	Pat Morales，你的搭檔。
It's the light switch for the garage.	這是停車場的燈光開關。
Behind the protective glass is Officer Smith, the booking officer.	防護玻璃後面是簽收警官 Officer Smith。
You idly wonder if this guy will even make it through one night in the jail, or whether they'll ship him right out to the mental institute.	你不禁想著這傢伙能否在監獄裡撐過一晚，或者他們會不會直接送他去精神病院。
You'll be glad when this prisoner's through booking and in a cell where he can sleep it off.	等這名嫌犯簽收完畢、關進牢房睡一覺，你就能鬆一口氣了。
You pass a prisoner's personal items in through the drop drawer.	你通過投遞槽傳遞嫌犯的私人物品。
That door leads to the transfer holding cell. Once you walk through that door you're officially a prisoner of Lytton county until a judge decides otherwise.	那扇門通往轉運羈押室。一旦走過那扇門，在法官另有決定前，你在法律上就成了 Lytton County 的被羈押人。
The "Gas Chromatograph." This machine measures the blood alcohol content of breath samples.	「氣相層析儀」。這台機器測量呼吸樣本的血液酒精含量。
Sonny	Sonny
A counter and storage cabinets line one wall of the booking room.	一張櫃台和儲物櫃沿著簽收室的一面牆排列。
the room	房間
The booking room is clean and sparsely furnished.	簽收室乾淨而簡樸。
A pay phone provides a means for outside calls.	公用電話提供對外聯絡的方式。
towel dispenser	紙巾盒
There's a towel dispenser for cleanups. It's not uncommon for prisoners to leave bodily fluids of one kind or another on the floor.	有一台紙巾盒供清潔使用。嫌犯在地板上留下體液是常有的事。
evidence officer	證物官
Officer Martha Gibbs has been the Evidence Officer for two years.	Officer Martha Gibbs 擔任證物官已有兩年。
That stuff belongs to Officer Gibbs' and is of no concern to you.	那些東西屬於 Officer Gibbs，跟你沒關係。
This is Evidence Lockup. Physical evidence is deposited here for analysis and safekeeping.	這是證物存放室。實物證據在此存放供分析和保管。
This slot is where you put items you wish to check into Evidence.	這個投遞口是你存放要登錄的證物的地方。
Storage Door	儲物室門
That's the door to the storage closet.	那是儲物室的門。
storage closet	儲物室
The closet is cluttered with boxes.	儲物室裡堆滿了箱子。
There's a box of road flares in the closet.	儲物室裡有一盒路面照明彈。
Batteries	電池
There's an open box of batteries in the closet.	儲物室裡有一盒開啟的電池。
Mr. Stumps, the janitor, is good-natured and hard-working.	Stumps 先生是清潔工，個性爽朗又認真。
That's Mr. Stumps' janitorial cart.	那是 Stumps 先生的清潔車。
fire hydrant	消防栓
It's a fire extinguisher.	這是滅火器。
smoke detectors	煙霧偵測器
The smoke detectors help protect the building from fire.	煙霧偵測器幫助保護建築免受火災。
men's sign	男廁標誌
The sign reads 'Men'.	標誌上寫著「Men」。
women's sign	女廁標誌
The sign reads 'Women'.	標誌上寫著「Women」。
the entrance	入口
That's the entrance to the men's locker room.	那是男性置物間的入口。
That's the entrance to the women's locker room.	那是女性置物間的入口。
the window	窗戶
The window overlooks scenic downtown Lytton.	窗戶眺望風景秀麗的 Lytton 市中心。
the carpet	地毯
The floor's color is policeman blue.	地板是警察藍。
light switch	電燈開關
That's a light switch.	那是電燈開關。
You're standing in the first floor hallway of the Lytton County Police Department.	你正站在 Lytton 郡警察局一樓走廊裡。
locker door	置物櫃門
That's your locker.	那是你的置物櫃。
toilet paper.	衛生紙。
toilet.	馬桶。
Just your regular ol' run-of-the-mill john.	就是普通老式的馬桶。
stall door	廁所隔間門
The toilet stalls lend a pleasant ambiance to the locker room.	馬桶隔間為置物間增添舒適的氛圍。
You store some of your equipment in this locker.	你在這個置物櫃裡放了一些裝備。
This is your PR\\24 (nightstick).	這是你的 PR\\24（警棍）。
ticket book	罰單簿
This is your notebook.	這是你的筆記本。
This is your flashlight.	這是你的手電筒。
dial lock	轉盤鎖
 Looks as if the janitor is having trouble with your handy work. That should keep him busy for quite a while.	 看起來清潔工在處理你的傑作有點麻煩。那應該會讓他忙上好一陣子。
This is the men's locker room. Hence, the lockers.	這是男性置物間。當然啦，都是置物櫃。
The benches provide a place to sit while you're getting dressed.	長凳提供你穿衣服時坐著的地方。
You're standing in the men's locker room.	你正站在男性置物間裡。
That's Pat Morales' locker.	那是 Pat Morales 的置物櫃。
If you've seen one stall, you've seen them all.	你看過一個隔間就等於看過所有的了。
Unbelievable! It looks like Morales has been stealing packets of cocaine.	太離譜了！看起來 Morales 一直在偷可卡因包。
This is the women's locker room. Hence, the lockers.	這是女性置物間。當然啦，都是置物櫃。
The benches provide a place to sit while getting dressed.	長凳提供你穿衣服時坐著的地方。
Sergeant's Door	警佐辦公室門
That's the door to the Homicide office.	那是命案組辦公室的門。
The station's public address system.	警察局的廣播系統。
That's Homicide's hall window.	那是命案組走廊的窗戶。
bulletin board	佈告欄
The bulletin board is where people post articles of interest, personal ads, and chinese restaurant business cards.	佈告欄是貼有趣新聞、個人廣告和中式餐廳名片的地方。
Hmm, 'policeman blue'.	嗯，「警察藍」。
You're in the hallway of the second level of the Lytton Police Station. Several office doors line the hallway.	你在 Lytton 警察局二樓走廊裡。幾扇辦公室門排列在走廊上。
You are standing in the elevator.	你正站在電梯裡。
Briefing's Room Door	簡報室門
That's the door to the Briefing Room.	那是簡報室的門。
Psychologist's Door	心理師辦公室門
That's the door to the Criminal Psychologist's office.	那是刑事心理師辦公室的門。
locked door	上鎖的門
That's the door to Vice.	那是風化組的門。
The window is in the Vice Office.	窗戶在風化組辦公室裡。
The window is in the Psychologist's Office. The blinds are shut.	窗戶在心理師辦公室裡。百葉窗關閉了。
It's a smoke detector! A small label on the side reads: "For best results, hold directly over flame".	這是煙霧偵測器！側面的小標籤上寫著：「最佳效果，請直接放在火焰上方」。
In/Out basket.	文件盒。
a Computer.	一台電腦。
Your computer occupies the center of your desk. In this business, the computer is an indispensible tool.	你的電腦佔據辦公桌的中央。在這行業，電腦是不可或缺的工具。
sergeant's room	警佐辦公室
This is the Sergeant's office.	這是警佐辦公室。
Your desk is neat and orderly - probably because you don't spend a lot of time here.	你的桌子整潔有序——可能是因為你不常在這裡。
your phone	你的電話
Your phone sits silently on your desk.	你的電話靜靜地放在辦公桌上。
Lt's desk	中尉的桌子
That desk belongs to the Lieutenant.	那張桌子是中尉的。
That's the Lieutenant's stuff.	那是中尉的東西。
garbage can	垃圾桶
It's a garbage can.	那是一個垃圾桶。
The bulletin board in here has information so old, there's a missing person bulletin about Jimmy Hoffa.	這裡的布告欄資訊老得不行，上面還貼著尋人啟事，找的是 Jimmy Hoffa。
filing cabinets	檔案櫃
Those are file drawers.	那些是檔案抽屜。
Ah, some of the fine art displayed here at the Lytton County Police Department!	啊，在 Lytton County Police Department 展示的一些精美藝術作品！
Pat Morales	Pat Morales
It's your good ole, well-worn chair.	那是你親愛的、穿舊了的舊椅子。
That chair's for your visitors.	那張椅子是給訪客坐的。
That chair belongs to the Lieutenant.	那張椅子是中尉的。
The bookcase contains law reference materials.	書架裡擺著法律參考資料。
It's a computer.	那是一台電腦。
That's the power switch.	那是電源開關。
That's the computer monitor.	那是電腦螢幕。
That's the computer access card slot.	那是電腦刷卡槽。
The door leads back into the hallway.	門通回走廊。
A phone.	一台電話。
Your partner, Pat Morales, is an attractive, but tough-looking woman.	你的搭檔 Pat Morales，是個有魅力但看起來硬朗的女性。
The captain's chair.	警監的椅子。
Captain Tate runs the Homicide division for L.P.D.	Captain Tate 掌管 L.P.D. 的命案組。
The homicide room.	命案組辦公室。
A guest chair.	訪客椅。
Captain Tate's desk is well organized - as usual.	Captain Tate 的桌子井井有條——一如既往。
The window looks out into the hallway.	窗戶望向走廊。
The graph on the wall charts homicides for the past three years. Like inflation, the crime-rate rises steadily.	牆上的圖表顯示過去三年的命案數。就像通膨一樣，犯罪率穩定上升。
The bookcase has old paperbacks and phone books in it. Nothing interests you.	書架裡擺著舊的平裝本和電話簿。沒什麼引起你的興趣。
The file cabinet belongs to the captain. He always keeps it locked.	那個檔案櫃是警監的。他總是上鎖的。
OIC Head	主值班官
Kevin Miller	Kevin Miller
That's Officer Kevin Miller. He's one of the old-school cops.	那是警員 Kevin Miller。他是那種老派警察。
Carl Law	Carl Law
That's Officer Carl Law. Carl's a real cut-up.	那是警員 Carl Law。Carl 很愛開玩笑。
Joseph Banks	Joseph Banks
That's Officer Joseph Banks. Young, smart, and takes his job very seriously.	那是警員 Joseph Banks。年輕、聰明，對工作認真得很。
The clipboard contains the notes for today's briefing.	那個夾板上是今天簡報的筆記。
The female officer is Pat Morales. You hear she's a tough cookie.	那個女警是 Pat Morales。你聽說她是個硬漢子。
The chairs are for the officers attending the briefing.	那些椅子是給參加簡報的警員坐的。
The door leads back to the hall.	門通回走廊。
Soothing, isn't it?	舒服吧？
The chalkboard has nothing important on it at this time.	此時黑板上沒什麼重要的東西。
The podium is used for giving briefings.	講台是用來舉辦簡報的。
The message board is where the daily briefing notes are posted after the briefing.	訊息板是每天簡報後貼簡報筆記的地方。
The tables are for the officers attending the briefing.	那些桌子是給參加簡報的警員用的。
This is the briefing room. The junior officers meet here for news, reminders, and the occasional reprimands.	這是簡報室。下級警員在這裡聚集接收消息、提醒和偶爾的斥責。
Dr. Aimes is one of those intellectual types. Not a bad guy, but a little patronizing.	Dr. Aimes 是那種書呆子類型。不是個壞人，不過有點居高臨下。
It's one of those mindless excutive toys.	那是某種無聊的高管玩具。
It's one of those mindless executive toys.	那是某種無聊的高管玩具。
Dr. Aimes' chair is made of soft Corinthian leather.	Dr. Aimes 的椅子是用軟的科林斯皮革做的。
That's Doctor Aimes' desk. There's a file on the desk.	那是 Doctor Aimes 的桌子。桌上有個檔案夾。
It is a personnel file.	這是人事檔案。
The proverbial 'confessing couch'.	傳說中的「懺悔沙發」。
A window overlooks the parking lot. The blinds are drawn.	一扇窗俯瞰停車場。百葉窗關上了。
It's a theory receptacle.	這是個理論儲納器。
Dr. Aimes provides a chair for those who feel silly lying down.	Aimes 醫生為那些不適合躺著的人準備了一把椅子。
The filing cabinets have a lot of dirt on a lot of people.	檔案櫃裡記著很多人的醜聞。
A bit of green is always nice. This guy probably talks to his plants.	一點綠色總是不錯。這傢伙可能跟他的植物說話。
This is the office of the department's criminal psychologist, Dr. Sidney Aimes.	這是本局犯罪心理學家 Sidney Aimes 醫生的辦公室。
lab tech	實驗室技術員
Mike Downs is the head technician. He runs the computer facilities.	Mike Downs 是首席技術員。他負責電腦設施。
computer card	電腦卡
Your computer access card is on Mike's desk.	你的電腦存取卡在 Mike 的桌子上。
Behind their glass wall, dispatch is busy monitoring the police band.	玻璃牆後面，勤務中心忙著監控警察無線電。
The dispatch center is equipped with the latest audio, visual equipment.	勤務中心配備了最新的音視頻設備。
Law enforcement has certainly gone high tech hasn't it?	執法單位確實越來越高科技了，不是嗎？
It is a drawer.	這是個抽屜。
That's Mike's cabinet.	那是 Mike 的櫃子。
That's Mike's desk.	那是 Mike 的桌子。
The size of the department's main computer banks always astounds you.	局裡主機房的規模總是讓你驚訝。
That's Mike's computer.	那是 Mike 的電腦。
The table holds various computer magazines - none of which interest you.	桌子上放著各種電腦雜誌——沒有一本讓你感興趣。
The glass wall divides dispatch from the computer facilities.	玻璃牆把勤務中心和電腦設施分隔開來。
The elevated floor consists of individual movable tiles. All the computer cables run underneath the tiles.	上升的地板由活動磁磚組成。所有電腦線纜都在磁磚下面走。
That is Mike's In\\Out basket.	那是 Mike 的收發籃。
The third floor is home to the computer facilities and dispatch.	三樓是電腦設施和勤務中心所在地。
Inset	進入
The woman seems close to hysteria over something.	那個女人看起來因為某事快要歇斯底里了。
You look at your car fondly.	你喜愛地看著你的車。
This guy is definitely unstable.	這傢伙肯定很不穩定。
the picnickers	野餐的人
the river	河
The river's considerable undertow churns the waters into a muddy green.	河的強勁暗流把水攪得混濁發綠。
picnic tables	野餐桌
You've been picnicking at Aspen Falls many times before. One of those tables probably still has your initials on it.	你以前在 Aspen Falls 野餐過很多次。其中某一張桌子上可能還有你的名字首字母。
the tree	那棵樹
The graceful willow trees make Aspen Falls the prettiest park for miles around.	優雅的柳樹讓 Aspen Falls 成為方圓幾英哩最美的公園。
the sky	天空
The azure summer sky is accented by wispy clouds.	蔚藍的夏日天空被輕飄飄的白雲點綴著。
the grass	草
The grass stays lush and green on the banks of the river.	河岸上的草始終蒼綠茂盛。
the dirt	泥土
The bare area disrupts the grasses.	裸露的區域破壞了草地。
A pile of clothes, probably belonging to the half-naked perpetrator, is sitting by the rocks unattended.	一堆衣服（可能屬於那個半裸的犯人）無人看管地放在岩石旁。
The man's clearly in a deranged state of mind - though whether because of drug use or some mental instability is unclear.	那個人顯然精神錯亂——不過到底是因為吸毒還是精神失常還不清楚。
the trees	樹木
the rocks	岩石
A few large rocks mark a favorite spot for wading.	幾塊大岩石標記著一個涉水的好地點。
car door	車門
The passenger car door.	乘客側車門。
Your car is parked where you left it.	你的車停在你停下它的地方。
Highway 41 runs all the way through Lytton.	41 號公路貫穿整個 Lytton。
Guardrails protect out-of-control vehicles from plunging off the road.	護欄防止失控的車輛衝出道路。
The shoulder of the road is for emergency stops only.	路肩只供緊急停靠使用。
Uh-oh. It looks like one of those ambulance-chasing reporters.	哎呀。看起來是其中一個那種跟著救護車的記者。
Reporter	記者
One of the uniformed officers is busy searching the scene of the crime.	其中一個制服警察正在忙著搜查犯罪現場。
 It's a Lytton P.D. patrol car.	 那是 Lytton 警局的巡邏車。
It's Zak the keymaker.	那是鎖匠 Zak。
It's a public telephone.	那是個公用電話。
Marie's car was parked here during her attack.	Marie 被襲擊時她的車停在這裡。
You spot an object laying on the ground.	你發現地上有個東西。
It's one of the paramedics.	那是其中一個救護人員。
Marie has no color in her face and is breathing very shallow.	Marie 臉色蒼白，呼吸極淺。
the flag	旗子
the car	車子
That's your vehicle.	那是你的巡邏車。
The doctor looks tired but sympathetic.	醫生看起來疲倦但態度同情。
The nurse looks competent and sturdy.	護士看起來能幹又強壯。
the chart	病歷表
That's where the doctor hangs the patient's chart.	那是醫生掛著病人病歷表的地方。
It's Marie's hospital chart.	那是 Marie 的病歷表。
the stand	架子
The window overlooks the hospital parking lot.	窗戶俯瞰醫院停車場。
the bed	床
the monitor	監測器
The rolling metal stand provides a moving table for the nurses or your wife - if she were conscious to use it.	那個會滑動的金屬架提供了一張活動桌，方便護士或你的妻子使用——假如她有意識的話。
the cabinet	櫃子
The cabinet contains general hospital issue plastics and a few personal items belonging to your wife.	櫃子裡放著醫院標準配備的塑膠用品和一些你妻子的個人物品。
the chair	椅子
That chair is provided for the patient's visitors.	那張椅子是為病人訪客提供的。
the curtains	窗簾
The curtains are there to provide privacy for Marie during examinations and medical procedures.	窗簾是為了在檢查和醫療過程中保護 Marie 的隱私。
the wall	牆壁
The walls in here are depressingly bare.	這裡的牆壁空蕩蕩的，令人沮喪。
the floor	地板
The linoleum is shiny and clean.	地板光亮乾淨。
the woman	女人
the IV	點滴
the light	燈光
The light casts a clinical glare over Marie's face.	燈光投射出冷白色的光線照在 Marie 的臉上。
the button	按鈕
It's a call button.	那是求救鈕。
The rose is still fresh and beautiful.	那支玫瑰花仍然新鮮漂亮。
Marie's music box lies next to her on the bed.	Marie 的音樂盒放在床上她身旁。
It's Marie's lovely locket.	那是 Marie 漂亮的項鍊墜子。
It's Officer Pat Morales, your partner.	那是你的搭檔，警員 Pat Morales。
the florist	花商
The florist is a chipper sort, eager to make a sale.	花商性格開朗，急著要做這筆生意。
It's a rose.	那是一支玫瑰花。
the receptionist	接待員
The receptionist looks friendly enough.	接待員看起來很親善。
the elevator	電梯
It looks like an elevator.	看起來就像是電梯。
the front entrance	前門
That's the door you came in from.	那是你進來的門。
the flower shop	花店
You notice a flower shop off the lobby.	你注意到大廳旁有家花店。
the front desk	櫃檯
It's the front desk.	那是櫃檯。
The hospital floor is kept spotless.	醫院走廊保持得一塵不染。
the aisle	走廊
The hospital floor is waxed and gleaming.	醫院地板打了蠟，閃閃發亮。
the hospital	醫院
The hospital's architecture is stark and modern - a far cry from the dank corridors of the old hospital.	醫院的建築風格簡潔現代——與陰濕的舊醫院走廊相比差異很大。
the dressed	衣著整潔的人
It's your bed. It looks empty without Marie.	那是你的床。沒有 Marie 在就顯得空蕩蕩的。
the phone	電話
You glance at the phone and hope that nobody bothers you at home for once.	你瞥了一眼電話，希望這次沒人會在家裡煩你。
the night stand	床頭櫃
It's a night stand.	那是床頭櫃。
Outside the Lytton suburbs look peaceful.	Lytton 郊外看起來很寧靜。
the furniture	家具
Marie used to curl up in that chair for hours. This was her favorite little reading area.	Marie 經常在那張椅子上蜷縮好幾個小時。這是她最喜歡的小讀書角。
Marie was so excited about buying this house. She loved decorating this room and hand-picking each accessory.	Marie 對買這棟房子興高采烈。她喜歡裝飾這個房間，親自挑選每件家飾品。
the music box	音樂盒
The music box plays Marie's favorite song. She liked to listen to it while you were on duty because it reminded her of you.	音樂盒播放 Marie 最喜歡的歌曲。當你當班時她喜歡聽它，因為它讓她想起你。
This is the loading docks of a warehouse.	這是倉庫的裝貨碼頭。
There's a company truck parked here.	這裡停著一台公司的卡車。
There's a large, sturdy water pipe here.	這裡有根粗壯的自來水管。
The loading docks is littered with trash.	裝貨碼頭到處是垃圾。
It's a large trash bin for the warehouse.	這是倉庫用的大垃圾桶。
There's a lamp on the loading docks, probably to discourage break-ins.	裝貨碼頭上有盞燈，可能是為了防止入室搶劫。
the building	建築物
Lytton city courthouse... You hope Judge Simpson got up on the right side of the bed this morning	Lytton 市法院...你希望 Judge Simpson 今早起床時心情不錯。
building entrance	建築物入口
The front entrance to the courthouse.	法院的前門。
the plants	植物
This site boasts typical Lytton city landscape.	這個地點有典型的 Lytton 市風景。
A nice, wide sidewalk runs in front of the courthouse.	法院前有條寬敞舒適的人行道。
the asphalt	柏油路
The asphalt looks hot and dry.	柏油路看起來炎熱乾燥。
Ruiz refuses to meet your eyes.	Ruiz 拒絕與你目光接觸。
The judge looks serious and competent.	法官看起來嚴肅又有能力。
The defense attorney is an aggressive lawyer. He would clearly like to make you look bad.	辯護律師是個很強勢的律師。他顯然想讓你顯得很不利。
The Deputy District Attorney looks as though he's seen it all during his career. He doesn't miss a trick.	副地方檢察官看起來在他的職業生涯中見識過一切。他不會漏掉任何細節。
the court reporter	法庭書記員
The court reporter makes a record of all court proceedings.	法庭書記員記錄所有的法庭訴訟程序。
the door	門
That door must lead to the judge's chambers.	那扇門一定通向法官室。
The judge's court calendar is on her desk.	法官的法庭日程表在她的書桌上。
Don't even think of messing with the Judge's gavel.	別想碰法官的槌子。
the witness box	證人席
The witness box is located next to the judge's bench.	證人席位於法官座位旁。
judicial order	法院命令
search warrant	搜索票
Judge Simpson looks like a woman who likes to get right down to business.	Judge Simpson 看起來像個喜歡直接進入正題的女人。
the bookcase	書櫃
The bookcase is filled with legal tomes.	書櫃裡滿是法律書籍。
the desk	書桌
The judge's desk is neat and orderly.	法官的書桌整潔有序。
the table	桌子
The small table holds a lamp and nothing else of interest.	小桌子上放著燈，沒有其他有趣的東西。
the lamp	燈
A lamp is of no interest.	燈沒什麼好注意的。
The window looks over the park next door.	窗戶俯瞰隔壁的公園。
the paneling	鑲板
The judge's chambers has nice oak paneling.	法官室有漂亮的橡木鑲板。
The judge's chambers has nice, thick, blue carpeting.	法官室有漂亮的厚實藍色地毯。
The rusty dumpster contains the corpse of a murdered man. You pray to God that when YOUR time comes you end up someplace more dignified than the trash.	生鏽的垃圾箱裡裝著一具被殺害男子的屍體。你祈禱上帝，當你時日無多時，你會死在比垃圾堆更體面的地方。
The windshield is marked with the Vehicle Identification Number. It's 127633	擋風玻璃上標著車輛識別號碼。號碼是 127633
It's the abandoned white car. The dent contains gold paint.	這是被遺棄的白色汽車。凹陷處含有金色油漆。
The alley is a dead end - appropriate in this case.	小巷是條死路——這情況下很恰當。
The back alley asphalt is cracked and filthy. Weeds have struggled through in several places.	後巷的柏油路破裂骯髒。雜草在好幾個地方破土而出。
This part of town is full of typical American brick tenements.	城裡這一帶到處是典型的美式紅磚公寓。
An alley is a lousy place to die.	小巷是個糟糕的死亡地點。
It's a street lamp.	這是街燈。
The garage door is closed and locked.	車庫門關閉上鎖。
The yellow tape marks off the crime scene and prevents curiosity-seekers from getting too close.	黃色警戒線隔離犯罪現場，防止好奇者靠得太近。
You examine the body. By its skin color and state of rigor mortis, you'd guess that the victim's been dead for at least a few hours.	你檢驗屍體。根據皮膚顏色和屍僵狀態，你推測受害者至少死了幾個小時。
His face looks anything but peaceful.	他的臉看起來一點都不安詳。
What an awful smelly place to die.	真是個充滿惡臭的死亡之地。
the sign	招牌
the neon sign.	霓虹燈招牌。
the insects	昆蟲
The light attracts the bugs.	燈光吸引蟲子。
the bar door	酒吧的門
This place looks pretty rugged.  Better be on your toes.	這地方看起來很粗暴。得小心點。
the tire marks	輪胎痕跡
You can still smell the rubber left in those tire marks.	你還能聞到輪胎痕跡裡留下的橡膠味。
the garage door	車庫的門
This part of town has numerous parking garages and small lots.	城鎮的這一帶有許多停車場和小停車位。
The windows are tinted.  You can't see inside from here.	窗戶是深色的。你看不到裡面。
the alley	小巷
An alley runs alongside the Old Nugget.	一條小巷在舊金塊旁邊。
Billboards are not uncommon in this part of town.  They make streets even uglier than they already are.	廣告牌在城鎮這一帶很常見。它們讓街道看起來比原本還要難看。
the Nugget	舊金塊
This is the infamous Old Nugget saloon.	這就是那間臭名昭著的舊金塊沙龍。
Based on Paul Bunyan's mug there, I'd say it's a safe bet that they serve beer here.	從那邊的 Paul Bunyan 人像來看，我敢說這裡有供應啤酒。
The sign says 'Old Nugget'. It's neon glow attracts insects (including those of the human variety).	招牌上寫著『舊金塊』。霓虹燈的光芒吸引昆蟲（包括人類那種）。
the man	那個男人
the bartender	酒保
The bartender is a tough-looking woman. She's sporting a " Peterbilt" T-shirt and a "don't mess with me" grimace. She looks as though she's perfectly capable of keeping her customers in line.	酒保是個看起來很兇悍的女人。她穿著「Peterbilt」T恤和滿臉冷漠。她看起來完全有能力控制她的客人。
the pool player	玩撞球的人
the cue ball	母球
the man at the bar	在吧台的男人
Just a skinny lil' guy minding his own business.	只是個瘦小的傢伙，專心處理自己的事。
This guy looks like he sprouted out of that bar stool. Must be a regular here.	這傢伙看起來像是從那張吧椅冒出來的。一定是這裡的常客。
the suspect	嫌犯
Hmm... sure matches the description.	嗯…確實符合描述。
the T.V.	電視
Hmm.. might be an interesting program if it would stop flipping like that.	嗯…要是它不會一直亂翻就可能是個有趣的節目。
the pool balls	撞球
"Whoa! Nice set of balls!"	「哇！一套好球！」
the pool cue	撞球桿
It is a pool cue.	那是撞球桿。
the pool table	撞球桌
There's a pool table at one end of the bar room - a staple of American neighborhood juice joints.	吧廳一端有張撞球桌——美式鄰里酒館的標配。
The lamp over the pool table gives off a sickly glare.	撞球桌上方的燈發出蒼白的光。
the liquor	酒
The bartender's arsenal of poisons is neatly arranged behind her.	酒保的『毒液寶庫』在她身後井然有序地排著。
the bar	吧台
The bar's worn and waxed wooden surface has obviously seen a lot of action.	吧台磨損且打過蠟的木質表面顯然經歷過許多事情。
the tables	桌子
Empty tables and chairs sit silently about, waiting for a crowd to arrive.	空蕩蕩的桌椅無聲地坐著，等待人群到來。
the pool cues	撞球桿
Those cues look pretty beat up, probably get a sliver from it.	那些球桿看起來很破爛，可能會扎到木刺。
Looks like someone used the screen for a spitting contest target.	看起來有人把螢幕當成吐口水比賽的目標。
the barstools	吧椅
The barstool's leather tops have been worn smooth by countless rear ends.	吧椅的皮質座面被無數屁股磨得光滑。
the candles	蠟燭
Seventies-style glass candle-holders attempt to soften the atmosphere.	七０年代風格的玻璃燭台試圖柔和氛圍。
the ashtrays	菸灰缸
As in most bars, ashtrays are everywhere. You try to ignore their contents.	如大多數酒吧一樣，菸灰缸到處都是。你試著忽視它們的內容物。
There's a fire hydrant on the sidewalk.	人行道上有個消防栓。
The tree looks lonely amid all that brick and concrete.	樹在磚塊和混凝土中看起來很孤獨。
The sign reads "Coroner".	招牌上寫著「法醫」。
This building houses the County Coroner's office.	這棟建築裡有郡法醫辦公室。
Like all county buildings,The sidewalks are kept clean and tidy.	如同所有郡建築一樣，人行道保持乾淨整潔。
Drawer	抽屜
Deedee Suffermuch	Deedee Suffermuch
Jason Harper	Jason Harper
Steven Rocklin	Steven Rocklin
Diane Goadahevin	Diane Goadahevin
Philip Ness	Philip Ness
Ted N. Burried	Ted N. Burried
Patrick Palmer	Patrick Palmer
The tiled floor is freshly cleaned and waxed.	瓷磚地板打掃得很乾淨，還打過蠟。
The office lamps give off bright, clinical-looking light.	辦公室的檯燈發出明亮、冰冷的光線。
The air vent circulates the air in the office. Nevertheless, it always smells like formaldehyde in here.	空氣通風口在辦公室裡循環空氣。儘管如此，這裡老是有著甲醛的味道。
The fire engine's lights are on.	消防車的警示燈亮著。
The hose is squirting water.	軟管噴著水。
The lawn is green and closely clipped.	草坪綠油油的，修剪得很整齊。
The sidewalk is wet with water from the firemen's hoses.	人行道被消防員的水管濺溼了。
The windows have been blown to pieces by the heat of the fire.	窗戶被火焰的高溫炸碎了。
You see a fire hydrant.	你看到一個消防栓。
It's The trunk of your car.	這是你車子的後行李廂。
A sofa cushion is on the floor.	沙發墊子在地板上。
Just something else that was melted by the intense heat of the fire.	只是另一樣被猛烈的火焰高溫熔化的東西。
A hallway leads off from what's left of the living room.	一條走廊從客廳的殘骸延伸出去。
Blood	血跡
The room's wooden floor seems to have escaped the fire.	房間裡的木質地板似乎在大火中倖存了下來。
Large white candles mark the points of a large pentagram painted on the floor.	地板上繪著一個大五芒星，由大白蠟燭標示出各個頂點。
That's the exit.	那是出口。
It's a computer printer.	那是電腦印表機。
This looks like the kind of man you want to take seriously.	這看起來是個你得認真對待的人。
A passerby.	一個過路人。
The desk has a military neatness.	辦公桌有著軍隊式的整潔。
Just looking at all those posters makes you feel patriotic.	光是看著那些海報就讓人有股愛國心。
Those computers are everywhere, aren't they?	那些電腦到處都是，不是嗎？
The filing cabinets probably hold countless forms in triplicate.	檔案櫃裡頭大概裝滿了無數份一式三份的表單。
A trash can	垃圾桶
The counters are polished and bare.	櫃檯拋光得很亮，卻空蕩蕩的。
Your back-up's patrol car is parked next to yours in the yard.	支援隊伍的巡邏車停在院子裡你的車旁邊。
Your back-up officer is in position.	支援警察已經就位。
Officer Parks is with the K9 unit.	Officer Parks 在警犬隊。
The ram is a fortified military vehicle that's been converted for police work and fitted with a steel hydraulic boom. It can get through just about anything.	那台衝擊車是一部經軍方加固、改裝為警察用途、配備鋼製液壓臂的車輛。它能穿過幾乎任何東西。
Looks like a happy little mutt.	看起來像隻快樂的小混血狗。
The windows have been partially boarded over. Underneath the boards you can see thick metal bars.	窗戶被部分釘上木板。木板下面你能看到厚重的金屬欄杆。
Your partner, Pat Morales.	你的搭檔 Pat Morales。
That's the passenger car door.	那是乘客側的車門。
A rickety flight of stairs lead to the second floor.	一段搖搖晃晃的樓梯通往二樓。
The front lawn is unkempt and neglected. Obviously, the people that live here aren't gardeners.	前院蓬亂荒蕪。顯然住在這裡的人不是園藝好手。
The house looks like a shack but, judging by the barred windows and heavy front door, it's well fortified.	房子看起來像間簡陋的棚屋，不過從有欄杆的窗戶和沉重的前門來看，防禦得相當牢固。
The old car reminds you of the car you had while you were in college - except this one is in better condition.	這輛舊車讓你想起大學時你有過的車，不過這輛的狀況要好得多。
A rickety flight of stairs leads to the second floor.	一段搖搖晃晃的樓梯通往二樓。
Discarded junk in the yard adds to the house's air of neglect.	院子裡棄置的廢物更增添了房子的荒涼感。
The porch looks like it's about ready to collapse.	門廊看起來快要倒塌了。
There's an electric meter on the side of the house.	房子側邊有個電度表。
A large fireplace dominates the room.	一個大壁爐主宰著房間。
You don't have time for that now!	你現在沒時間做那個！
A second suspect is surrendering. It takes you a moment to realize it's... it's Michael Bains!	第二個嫌犯在投降。你花了一會兒才醒悟過來……那是 Michael Bains！
Spike looks agitated. He seems to have found something.	Spike 看起來很激動。他似乎找到了什麼。
A scuffed up cushion sits on the couch.	一個磨損的墊子放在沙發上。
Part of the fireplace has moved away to reveal a hidden staircase.	壁爐的一部分移開了，露出一條隱藏的樓梯。
The ruined steel door lies useless on the floor.	毀壞的鋼門躺在地上，已經沒有用處。
Newspapers are scattered around the floor.	報紙散落在地板周圍。
She's from December, if you remember correctly.	如果你沒記錯，她是十二月來的。
The walls are cracked and peeling.	牆壁裂開了，油漆剝落。
There are bars on the windows.	窗戶上有欄杆。
The old couch has a few cushions on it.	舊沙發上放著幾個墊子。
You're in the alleged crack house.	你在一棟涉嫌毒品窩點。
The stairs lead back up to the living room	樓梯通往上面的客廳。
The shelves have various supplies.	架上擺著各式物資。
The table is covered with varies tools to make drugs.	桌子上放著各式製毒工具。
The barrels contain chemicals to make drugs.	桶子裡放著製毒用的化學物。
The basement is a seedy looking place, with all the aroma of a drug lab.	地下室看起來破破爛爛，聞得到毒品實驗室的味道。
What day Bub?	哪一天啦？
Three	三
Ending	結束
Skip it	跳過
Watch it	觀看
Restore a Game	讀檔
glove compartment	手套箱
Wow!  A glove box.  How unusual.	哇！副駕駛座的置物箱。真少見。
speedometer calibration chart	速度計校正圖表
It's a speedometer calibration chart - a service record for this car's speedometer.  Departmental policy requires that all speedometers be calibrated every 90 days.	這是速度計校正圖表——這輛車速度計的檢修紀錄。警局規定所有速度計都必須每 90 天校正一次。
It's a traffic citation.	這是一張交通罰單。
 It's a traffic citation.	 這是一張交通罰單。
Your car	你的車
Tracking device	追蹤裝置
tracker screen activation button	追蹤螢幕啟動按鈕
This button activates the tracker.	這個按鈕啟動追蹤裝置。
light bulb	燈泡
The small light indicates that the tracker is activated.	小燈表示追蹤裝置已啟動。
light/siren switch	警燈／警笛開關
This button controls the emergency lights and siren.	這個按鈕控制警用紅藍燈與警笛。
ignition key	點火鑰匙
An ignition key	一個點火鑰匙
It's a computer.  Lytton sure is going high-tech.	這是台電腦。Lytton 確實在朝高科技邁進。
Pat's purse rests between the seats.	Pat 的皮包放在座位之間。
Pat's purse	Pat 的皮包
tracking screen	追蹤螢幕
It's a tracking screen.  This device allows you to track a person, vehicle, or any other moving object that a tracking device has been attached to.	這是追蹤螢幕。這個裝置讓你能追蹤任何被裝上追蹤器的人、車輛或其他移動物體。
police radio	警察無線電
It's a police radio.	這是台警察無線電。
the bench	法官席
The judge's bench holds the place of honor in the courtroom.	法官席在法庭上佔據尊榮的位置。
The U.S. flag serves to remind everyone that the courts are a branch of the local, state, and U.S. governments.	美國國旗提醒每個人，法庭是地方、州政府和美國聯邦政府的一個分支。
the spectator area	旁聽區
This is the spectator area. It's usually open for the public to observe the court's proceedings.	這是旁聽區。通常開放給公眾旁聽法庭程序。
The three foot wall divides the council area from the spectator area of the courtroom.	三呎高的隔牆將法庭的議會區與旁聽區分開。
That table is for the prosecuting attorney and the complaintent or prosecution witness.	那張桌子是給公訴檢察官與檢舉人或檢控證人用的。
the chairs	座椅
Theater chairs line the spectator area.	劇院座椅排列在旁聽區。
An aisle runs down the middle of the spectator area to the council area.	一條走道從旁聽區中間通往議會區。
Tools	工具
Personnel	人事
Quit	離開
Walls  	Walls
Aspen	Aspen
Peach	Peach
Lilly	Lilly
Poppy	Poppy
River	River
Dialog	對話
Controls	控制
"LPD recently received this top-secret list of the names and occupations of the members of an alleged electronic terrorist group. The gang leader, one Jim "Pretty Boy" Walls, has been known to threaten to "shape Lytton's future like so much silly putty". It is not known at this time if the gang's intentions are for good or evil - or if they should even be taken seriously. Nevertheless, be on the lookout for the following gang members.\nThey're wanted for questioning."	「Lytton 警局最近收到一份絕密名單，列出一個涉嫌電子恐怖主義集團的成員名字和職業。幫派首領 Jim "Pretty Boy" Walls 曾威脅要『把 Lytton 的未來像軟陶一樣隨意塑造』。目前不知道這幫人的意圖是善是惡——或他們是否該被當真。不過要留意以下幫派成員。\n他們被通緝進行詢問。」
Jane Jensen	Jane Jensen
Dave Fleming	Dave Fleming
"A representative of the SPCA was present at all times during the coding of the animal sequences. No animals were in any actual danger."	「SPCA 的代表在編寫所有動物場景時全程在場。沒有任何動物遭受實際危害。」
"Thank you for playing Police Quest III. We hope it's been as entertaining as you have."	"感謝您玩過《警察故事3》。希望您玩得愉快。"
There's a good article in here about the newspaper helping another department find a witness to a shooting.	這裡有篇不錯的報導，講報社幫另一警務機關找到槍擊事件的目擊者。
Officer Hanks is soft-featured but hardly soft-spoken.	Officer Hanks 長得溫和，但說話一點也不客氣。
This chair is for the prosecution.	這張椅子是檢察官的座位。
That chair for the prosecution.	那張椅子是檢察官的座位。
This is the spectator area. It is usually open for the public to observe the court's proceedings.	這是旁聽區。平時開放給公眾旁聽法庭程序。
The three foot wall divides the council from the spectator area of the courtroom.	那道三英尺高的牆把議會與法庭旁聽區分開。
It's Carla Reed.	是 Carla Reed。
There's a brown bag sitting on the desk. It's probably someone's lunch.	桌上放著一個棕色紙袋。可能是誰的便當。
. The keys are still in the ignition.	。鑰匙還在點火開關上。
It's the punk who tried to blow you away at the Nugget. He fits the bag lady's description to a tee. You regret that you didn't get your hands on him before he died.	是那個在 Nugget 想槍殺你的小流氓。他的長相完全符合那位撿垃圾的女人的描述。你後悔沒有在他死前抓住他。
The car keys.	汽車鑰匙。
car trunk	行李箱
The car trunk.	行李箱。
The cocaine is packaged in five heavy-duty plastic bags. Apparently, murder wasn't this guy's only pastime.	古柯鹼用五個耐用的塑膠袋包裝。看來謀殺不是這傢伙的唯一消遣。
Your car.	你的車。
The ambulance will remove any injured accident victims.	救護車會帶走任何受傷的事故傷者。
The ambulance attendant is used to this kind of scene.	救護車人員對這種現場已見怪不怪。
That's Leon, the county coroner. You see him all too frequently at accident scenes.	那是 Leon，郡法醫。你在事故現場看到他的次數未免太頻繁。
Coroner	法醫
It's a patrolman.	是個巡邏警員。
The traffic on this road has been rerouted until the accident can be cleaned up.	在事故清理完前，這條路的交通已改道。
The guardrail was smashed when the vehicle collided with it.	汽車撞上護欄時，護欄被撞毀。
The car is overturned, smashed up, and generally mutilated. A body slumps from the driver's side. So much for questioning the suspect.	汽車翻覆、被撞爛，整個面目全非。有具屍體從駕駛座那一邊垂下來。看來審問嫌犯也沒戲了。
The briefcase contains tools and supplies for evidence collection.	公事包裡裝著證物採集的工具和物資。
The toothpicks are useful for removing evidence from small places.	牙籤對從小地方取出證物很有用。
The envelopes are used for protecting and storing collected evidence.	信封用來保護和儲存採集的證物。
The camera is used to visually record a crime scene or a piece of evidence.	相機用來視覺記錄犯罪現場或證物。
The scraping tool is used to scrape dried evidence such as blood or paint off of other surfaces.	刮削工具用來從其他表面刮取已乾的證物，如血跡或油漆。
There's a metal briefcase in the trunk.	後車廂裡有個金屬公事包。
The suspect's car.	嫌犯的車。
Agent	特務
The plate reads - 01923	車牌號碼是 01923
He looks to be having a little trouble walking.	他看起來走路有點困難。
Yuck!	呃！
A mean looking dude ain't he.	他是個凶悍的傢伙，不是嗎。
It's a lowered 58 Ford Fairlane. Nice flame job!	是台改低底盤的 1958 Ford Fairlane。不錯的火焰漆工！
The plate reads - 22776	車牌號碼是 22776
The convertible has only one occupant. There's nothing unusual looking about him.	敞篷車裡只有一個人。他看起來沒什麼不尋常。
The plate reads - 34567.	車牌號碼是 34567。
The Officer Morales' black eyes challenge you. She impresses you as being both arrogant and stubborn.	Officer Morales 烏黑的眼睛向你挑戰。她給你既傲慢又固執的印象。
That must be Officer Morales' patrol car.	那一定是 Officer Morales 的巡邏車。
The woman looks furious and on the verge of tears. She's VERY pregnant.	那個女人看起來很生氣，眼淚在眼眶裡打轉。她懷孕得很厲害。
There's one woman in the car. She looks upset but not dangerous.	車裡有一個女人。她看起來不開心但沒有危險。
The plate reads - 83756	車牌號碼是 83756
Elevator Button	電梯按鈕
That's the elevator button.	那是電梯按鈕。
Elevator Door	電梯門
The elevator provides access to the other floors of the police station.	電梯通往警局的其他樓層。
That's the elevator door.	那是電梯門。
First Floor	一樓
Second Floor	二樓
Third Floor	三樓
Ground Floor	地面層
Floor Indication	樓層指示
Variable No.	變數編號
Value	數值
Teleport to:	傳送到：
..none..	..無..
vanishingX:	vanishingX:
vanishingY:	消失點Y：
Enter Flag Number:	輸入旗標編號：
Outta here!	滾出去！
Talker	對白資源
zg@g 4	zg@g 4
Slider	滑桿
Polygon	多邊形
Feature	特性
Enter drive letter, path and your name\n(no extension, max 40 characters)	輸入磁碟機代號、路徑和姓名\n(無副檔名，最多 40 字)
resource.cfg	resource.cfg
Enter your initials (up to 3 characters):	輸入簽名首字母(最多 3 字)：
Enter configuration file name (or hit return to skip):	輸入組態檔名(或按 Enter 略過)：
append to it	附加到檔案
overwrite it	覆寫檔案
Chase	追逐
Grooper	Grooper
Grycler	Grycler
Window	視窗
Sound	音效
  Save  	  儲存  
Replace	取代
Select the game that you would like to restore.	選擇你想還原的遊戲。
Type the description of this saved game.	輸入此存檔的描述。
This directory/disk can hold no more saved games. You must replace one of your saved games or use Change Directory to save on a different directory/disk.	此目錄/磁碟無法再容納存檔。你必須取代現有的存檔，或使用「更換目錄」在其他位置儲存。
Save a Game	存檔
Save	儲存
Cancel	取消
 Cancel 	 取消 
 Delete 	 刪除 
with:	與：
Cycle	循環
Motion	動作
controls	控制項
Locale	地區
Change Directory	更換目錄
Roger is carrying:	Roger 正在攜帶：
nothing!	什麼都沒有！
Enter input	輸入
Actor	角色
Collect	收集
Script	指令稿
Event	事件
Would you like to skip\nthe introduction or\nwatch the whole thing?	你想跳過\n開場動畫，\n還是整段看完？
You may skip this sequence\nif you have already seen it.\n	這段你要是看過了，\n可以跳過。\n
Are you sure you want to\r\ndelete this saved game?	確定要刪除\r\n這個存檔嗎？
Change\r\nDirectory	切換\r\n目錄
SAVE GAME	儲存進度
*The trunk contains items you may need in the field.	*後車廂放著出勤可能用得上的裝備。
The trunk contains items you may need in the field.	後車廂放著出勤可能用得上的裝備。
the Coroner's office is conveniently located just down the street from the courthouse.	法醫室就在法院同一條街上，走幾步就到。
rthe Coroner's office is conveniently located just down the street from the courthouse.	法醫室就在法院同一條街上，走幾步就到。
This place always gives you the creeps. Just the thought of all those dead bodies. Leon keeps it so damn cold in here.	這地方每次來都讓你發毛。一想到那些屍體就……Leon 還把冷氣開得這麼強。
PHEEW! It's still a little on the toasty side in here. The stench of burnt carpet and upholstry coils the hairs in your nose.	呼！裡面還有點餘溫。燒焦的地毯和沙發布料那股味道，嗆得你鼻毛都捲起來。
This back room looks to have been used as a gathering place for some kind of ritual. The large red pentagram looks all to familiar.	這間後室看起來是拿來辦某種儀式的聚會場所。地上那個大紅五芒星，你熟得很。
PROGRAMMERS:\n\n	程式設計：\n\n
ARTISTS:\n\n	美術：\n\n
SOUND EFFECTS & COMPOSERS:\n\n	音效與配樂：\n\n
WRITER:\n\n	編劇：\n\n
SYSTEM DEVELOPMENT:\n	系統開發：\n
QUALITY ASSURANCE:\n\n	品管測試：\n\n
Ms. Gibbs, Evidence Officer\nMr. Smith, Booking Officer\nMr. Stumps, Janitor\nSidney Aimes, Psychologist\nMr. Hanley, Speeder\nPregnant Lady \nArmy Recruiter \nDrunk \nFlorist \nDoctor Wagner \nChief Fireman	Ms. Gibbs，證物管理員\nMr. Smith，登錄員\nMr. Stumps，工友\nSidney Aimes，心理師\nMr. Hanley，超速駕駛\n孕婦 \n陸軍徵兵官 \n醉漢 \n花店老闆 \nDoctor Wagner \n消防隊長
Newspaper Reporter\nNut at Aspen Falls \nCourt Recorder \nCarla Reed, Bag lady \nMildred Simpson, Judge\nMr. Meyer, Defense Attorney\nMr. Cannon, D.A.	報社記者\nAspen Falls 的瘋子 \n法庭書記官 \nCarla Reed，流浪婦人 \nMildred Simpson，法官\nMr. Meyer，辯護律師\nMr. Cannon，檢察官
Spike, the K-9 unit\nTrainer\nAssistant Trainer\nSpike's Hairdresser\nSpike's Stunt Double\nSpike's Costume	警犬 Spike\n訓練員\n助理訓練員\nSpike 的髮型師\nSpike 的替身\nSpike 的戲服
